forecast_origin_utc,origin_local_date,information_cutoff_utc,target_start_utc,target_start_local,target_date_key,target_calendar_date,target_calendar_year,target_calendar_quarter,target_month_number,target_month_name,target_weekday_number,target_weekday_name,target_is_weekend,target_hour_key,target_hour_label,horizon_step,actual_grid_load_mw,model_name,model_prediction_mw,model_error_mw,model_absolute_error_mw,daily_naive_prediction_mw,weekly_naive_prediction_mw
2024-12-31T23:00:00+00:00,2025-01-01,2024-12-31T23:00:00+00:00,2024-12-31T23:00:00+00:00,2025-01-01T00:00:00,20250101,2025-01-01,2025,1,1,January,3,Wednesday,false,0,00:00,1,47741.750000,hist_gradient_boosting_31_leaves,44574.714711,-3167.035289,3167.035289,45436.000000,41605.000000
2024-12-31T23:00:00+00:00,2025-01-01,2024-12-31T23:00:00+00:00,2025-01-01T00:00:00+00:00,2025-01-01T01:00:00,20250101,2025-01-01,2025,1,1,January,3,Wednesday,false,1,01:00,2,46867.250000,hist_gradient_boosting_31_leaves,43574.293549,-3292.956451,3292.956451,43433.750000,40254.500000
2024-12-31T23:00:00+00:00,2025-01-01,2024-12-31T23:00:00+00:00,2025-01-01T01:00:00+00:00,2025-01-01T02:00:00,20250101,2025-01-01,2025,1,1,January,3,Wednesday,false,2,02:00,3,45797.500000,hist_gradient_boosting_31_leaves,42607.063473,-3190.436527,3190.436527,42529.250000,39471.250000
2024-12-31T23:00:00+00:00,2025-01-01,2024-12-31T23:00:00+00:00,2025-01-01T02:00:00+00:00,2025-01-01T03:00:00,20250101,2025-01-01,2025,1,1,January,3,Wednesday,false,3,03:00,4,44623.500000,hist_gradient_boosting_31_leaves,42640.204817,-1983.295183,1983.295183,42690.250000,39226.750000
2024-12-31T23:00:00+00:00,2025-01-01,2024-12-31T23:00:00+00:00,2025-01-01T03:00:00+00:00,2025-01-01T04:00:00,20250101,2025-01-01,2025,1,1,January,3,Wednesday,false,4,04:00,5,43626.000000,hist_gradient_boosting_31_leaves,42695.502145,-930.497855,930.497855,43292.750000,39651.250000
2024-12-31T23:00:00+00:00,2025-01-01,2024-12-31T23:00:00+00:00,2025-01-01T04:00:00+00:00,2025-01-01T05:00:00,20250101,2025-01-01,2025,1,1,January,3,Wednesday,false,5,05:00,6,43838.500000,hist_gradient_boosting_31_leaves,44581.334611,742.834611,742.834611,43674.250000,39882.750000
2024-12-31T23:00:00+00:00,2025-01-01,2024-12-31T23:00:00+00:00,2025-01-01T05:00:00+00:00,2025-01-01T06:00:00,20250101,2025-01-01,2025,1,1,January,3,Wednesday,false,6,06:00,7,43176.000000,hist_gradient_boosting_31_leaves,46389.721782,3213.721782,3213.721782,45299.500000,39943.250000
2024-12-31T23:00:00+00:00,2025-01-01,2024-12-31T23:00:00+00:00,2025-01-01T06:00:00+00:00,2025-01-01T07:00:00,20250101,2025-01-01,2025,1,1,January,3,Wednesday,false,7,07:00,8,43525.000000,hist_gradient_boosting_31_leaves,48856.605186,5331.605186,5331.605186,46890.500000,41064.000000
2024-12-31T23:00:00+00:00,2025-01-01,2024-12-31T23:00:00+00:00,2025-01-01T07:00:00+00:00,2025-01-01T08:00:00,20250101,2025-01-01,2025,1,1,January,3,Wednesday,false,8,08:00,9,45659.000000,hist_gradient_boosting_31_leaves,53006.999087,7347.999087,7347.999087,49322.250000,43583.500000
2024-12-31T23:00:00+00:00,2025-01-01,2024-12-31T23:00:00+00:00,2025-01-01T08:00:00+00:00,2025-01-01T09:00:00,20250101,2025-01-01,2025,1,1,January,3,Wednesday,false,9,09:00,10,47680.000000,hist_gradient_boosting_31_leaves,55017.537262,7337.537262,7337.537262,51972.750000,47275.000000
2024-12-31T23:00:00+00:00,2025-01-01,2024-12-31T23:00:00+00:00,2025-01-01T09:00:00+00:00,2025-01-01T10:00:00,20250101,2025-01-01,2025,1,1,January,3,Wednesday,false,10,10:00,11,50088.250000,hist_gradient_boosting_31_leaves,55690.714861,5602.464861,5602.464861,53934.250000,49365.500000
2024-12-31T23:00:00+00:00,2025-01-01,2024-12-31T23:00:00+00:00,2025-01-01T10:00:00+00:00,2025-01-01T11:00:00,20250101,2025-01-01,2025,1,1,January,3,Wednesday,false,11,11:00,12,52089.500000,hist_gradient_boosting_31_leaves,57750.891393,5661.391393,5661.391393,55480.750000,51071.000000
2024-12-31T23:00:00+00:00,2025-01-01,2024-12-31T23:00:00+00:00,2025-01-01T11:00:00+00:00,2025-01-01T12:00:00,20250101,2025-01-01,2025,1,1,January,3,Wednesday,false,12,12:00,13,53127.750000,hist_gradient_boosting_31_leaves,57310.932777,4183.182777,4183.182777,55742.250000,50522.750000
2024-12-31T23:00:00+00:00,2025-01-01,2024-12-31T23:00:00+00:00,2025-01-01T12:00:00+00:00,2025-01-01T13:00:00,20250101,2025-01-01,2025,1,1,January,3,Wednesday,false,13,13:00,14,51859.000000,hist_gradient_boosting_31_leaves,56545.182479,4686.182479,4686.182479,54490.000000,47890.250000
2024-12-31T23:00:00+00:00,2025-01-01,2024-12-31T23:00:00+00:00,2025-01-01T13:00:00+00:00,2025-01-01T14:00:00,20250101,2025-01-01,2025,1,1,January,3,Wednesday,false,14,14:00,15,50763.000000,hist_gradient_boosting_31_leaves,55219.776990,4456.776990,4456.776990,53533.000000,46653.750000
2024-12-31T23:00:00+00:00,2025-01-01,2024-12-31T23:00:00+00:00,2025-01-01T14:00:00+00:00,2025-01-01T15:00:00,20250101,2025-01-01,2025,1,1,January,3,Wednesday,false,15,15:00,16,51838.000000,hist_gradient_boosting_31_leaves,55489.119282,3651.119282,3651.119282,53380.500000,46819.250000
2024-12-31T23:00:00+00:00,2025-01-01,2024-12-31T23:00:00+00:00,2025-01-01T15:00:00+00:00,2025-01-01T16:00:00,20250101,2025-01-01,2025,1,1,January,3,Wednesday,false,16,16:00,17,53929.750000,hist_gradient_boosting_31_leaves,56783.834425,2854.084425,2854.084425,55650.750000,48368.250000
2024-12-31T23:00:00+00:00,2025-01-01,2024-12-31T23:00:00+00:00,2025-01-01T16:00:00+00:00,2025-01-01T17:00:00,20250101,2025-01-01,2025,1,1,January,3,Wednesday,false,17,17:00,18,55772.250000,hist_gradient_boosting_31_leaves,57940.838895,2168.588895,2168.588895,57983.250000,50465.750000
2024-12-31T23:00:00+00:00,2025-01-01,2024-12-31T23:00:00+00:00,2025-01-01T17:00:00+00:00,2025-01-01T18:00:00,20250101,2025-01-01,2025,1,1,January,3,Wednesday,false,18,18:00,19,55923.750000,hist_gradient_boosting_31_leaves,57445.737341,1521.987341,1521.987341,56908.750000,50713.000000
2024-12-31T23:00:00+00:00,2025-01-01,2024-12-31T23:00:00+00:00,2025-01-01T18:00:00+00:00,2025-01-01T19:00:00,20250101,2025-01-01,2025,1,1,January,3,Wednesday,false,19,19:00,20,54756.250000,hist_gradient_boosting_31_leaves,56374.342451,1618.092451,1618.092451,54382.750000,49906.000000
2024-12-31T23:00:00+00:00,2025-01-01,2024-12-31T23:00:00+00:00,2025-01-01T19:00:00+00:00,2025-01-01T20:00:00,20250101,2025-01-01,2025,1,1,January,3,Wednesday,false,20,20:00,21,52526.500000,hist_gradient_boosting_31_leaves,52431.393792,-95.106208,95.106208,51189.000000,48295.250000
2024-12-31T23:00:00+00:00,2025-01-01,2024-12-31T23:00:00+00:00,2025-01-01T20:00:00+00:00,2025-01-01T21:00:00,20250101,2025-01-01,2025,1,1,January,3,Wednesday,false,21,21:00,22,50685.750000,hist_gradient_boosting_31_leaves,50817.936317,132.186317,132.186317,49336.500000,47084.250000
2024-12-31T23:00:00+00:00,2025-01-01,2024-12-31T23:00:00+00:00,2025-01-01T21:00:00+00:00,2025-01-01T22:00:00,20250101,2025-01-01,2025,1,1,January,3,Wednesday,false,22,22:00,23,48596.000000,hist_gradient_boosting_31_leaves,48682.978051,86.978051,86.978051,48491.250000,45583.500000
2024-12-31T23:00:00+00:00,2025-01-01,2024-12-31T23:00:00+00:00,2025-01-01T22:00:00+00:00,2025-01-01T23:00:00,20250101,2025-01-01,2025,1,1,January,3,Wednesday,false,23,23:00,24,46001.750000,hist_gradient_boosting_31_leaves,49938.274554,3936.524554,3936.524554,49235.250000,43221.500000
2025-01-01T23:00:00+00:00,2025-01-02,2025-01-01T23:00:00+00:00,2025-01-01T23:00:00+00:00,2025-01-02T00:00:00,20250102,2025-01-02,2025,1,1,January,4,Thursday,false,0,00:00,1,44101.500000,hist_gradient_boosting_31_leaves,45897.725564,1796.225564,1796.225564,47741.750000,40397.750000
2025-01-01T23:00:00+00:00,2025-01-02,2025-01-01T23:00:00+00:00,2025-01-02T00:00:00+00:00,2025-01-02T01:00:00,20250102,2025-01-02,2025,1,1,January,4,Thursday,false,1,01:00,2,42051.750000,hist_gradient_boosting_31_leaves,43536.818293,1485.068293,1485.068293,46867.250000,39104.250000
2025-01-01T23:00:00+00:00,2025-01-02,2025-01-01T23:00:00+00:00,2025-01-02T01:00:00+00:00,2025-01-02T02:00:00,20250102,2025-01-02,2025,1,1,January,4,Thursday,false,2,02:00,3,41234.500000,hist_gradient_boosting_31_leaves,42374.527233,1140.027233,1140.027233,45797.500000,38711.750000
2025-01-01T23:00:00+00:00,2025-01-02,2025-01-01T23:00:00+00:00,2025-01-02T02:00:00+00:00,2025-01-02T03:00:00,20250102,2025-01-02,2025,1,1,January,4,Thursday,false,3,03:00,4,41547.500000,hist_gradient_boosting_31_leaves,42244.294568,696.794568,696.794568,44623.500000,38207.500000
2025-01-01T23:00:00+00:00,2025-01-02,2025-01-01T23:00:00+00:00,2025-01-02T03:00:00+00:00,2025-01-02T04:00:00,20250102,2025-01-02,2025,1,1,January,4,Thursday,false,4,04:00,5,42063.000000,hist_gradient_boosting_31_leaves,41874.517238,-188.482762,188.482762,43626.000000,38253.000000
2025-01-01T23:00:00+00:00,2025-01-02,2025-01-01T23:00:00+00:00,2025-01-02T04:00:00+00:00,2025-01-02T05:00:00,20250102,2025-01-02,2025,1,1,January,4,Thursday,false,5,05:00,6,44061.750000,hist_gradient_boosting_31_leaves,42690.180142,-1371.569858,1371.569858,43838.500000,38604.750000
2025-01-01T23:00:00+00:00,2025-01-02,2025-01-01T23:00:00+00:00,2025-01-02T05:00:00+00:00,2025-01-02T06:00:00,20250102,2025-01-02,2025,1,1,January,4,Thursday,false,6,06:00,7,49523.000000,hist_gradient_boosting_31_leaves,45012.516486,-4510.483514,4510.483514,43176.000000,38909.750000
2025-01-01T23:00:00+00:00,2025-01-02,2025-01-01T23:00:00+00:00,2025-01-02T06:00:00+00:00,2025-01-02T07:00:00,20250102,2025-01-02,2025,1,1,January,4,Thursday,false,7,07:00,8,53621.500000,hist_gradient_boosting_31_leaves,44925.507978,-8695.992022,8695.992022,43525.000000,40632.500000
2025-01-01T23:00:00+00:00,2025-01-02,2025-01-01T23:00:00+00:00,2025-01-02T07:00:00+00:00,2025-01-02T08:00:00,20250102,2025-01-02,2025,1,1,January,4,Thursday,false,8,08:00,9,57052.000000,hist_gradient_boosting_31_leaves,47089.490552,-9962.509448,9962.509448,45659.000000,43475.500000
2025-01-01T23:00:00+00:00,2025-01-02,2025-01-01T23:00:00+00:00,2025-01-02T08:00:00+00:00,2025-01-02T09:00:00,20250102,2025-01-02,2025,1,1,January,4,Thursday,false,9,09:00,10,59258.500000,hist_gradient_boosting_31_leaves,51446.865095,-7811.634905,7811.634905,47680.000000,46690.000000
2025-01-01T23:00:00+00:00,2025-01-02,2025-01-01T23:00:00+00:00,2025-01-02T09:00:00+00:00,2025-01-02T10:00:00,20250102,2025-01-02,2025,1,1,January,4,Thursday,false,10,10:00,11,59896.000000,hist_gradient_boosting_31_leaves,54895.002352,-5000.997648,5000.997648,50088.250000,48537.750000
2025-01-01T23:00:00+00:00,2025-01-02,2025-01-01T23:00:00+00:00,2025-01-02T10:00:00+00:00,2025-01-02T11:00:00,20250102,2025-01-02,2025,1,1,January,4,Thursday,false,11,11:00,12,60934.250000,hist_gradient_boosting_31_leaves,57003.332460,-3930.917540,3930.917540,52089.500000,49971.500000
2025-01-01T23:00:00+00:00,2025-01-02,2025-01-01T23:00:00+00:00,2025-01-02T11:00:00+00:00,2025-01-02T12:00:00,20250102,2025-01-02,2025,1,1,January,4,Thursday,false,12,12:00,13,61626.750000,hist_gradient_boosting_31_leaves,57758.241201,-3868.508799,3868.508799,53127.750000,49416.750000
2025-01-01T23:00:00+00:00,2025-01-02,2025-01-01T23:00:00+00:00,2025-01-02T12:00:00+00:00,2025-01-02T13:00:00,20250102,2025-01-02,2025,1,1,January,4,Thursday,false,13,13:00,14,61145.500000,hist_gradient_boosting_31_leaves,56593.793026,-4551.706974,4551.706974,51859.000000,46860.250000
2025-01-01T23:00:00+00:00,2025-01-02,2025-01-01T23:00:00+00:00,2025-01-02T13:00:00+00:00,2025-01-02T14:00:00,20250102,2025-01-02,2025,1,1,January,4,Thursday,false,14,14:00,15,59869.500000,hist_gradient_boosting_31_leaves,56685.294326,-3184.205674,3184.205674,50763.000000,45670.750000
2025-01-01T23:00:00+00:00,2025-01-02,2025-01-01T23:00:00+00:00,2025-01-02T14:00:00+00:00,2025-01-02T15:00:00,20250102,2025-01-02,2025,1,1,January,4,Thursday,false,15,15:00,16,59600.500000,hist_gradient_boosting_31_leaves,56591.509679,-3008.990321,3008.990321,51838.000000,46253.000000
2025-01-01T23:00:00+00:00,2025-01-02,2025-01-01T23:00:00+00:00,2025-01-02T15:00:00+00:00,2025-01-02T16:00:00,20250102,2025-01-02,2025,1,1,January,4,Thursday,false,16,16:00,17,60662.500000,hist_gradient_boosting_31_leaves,57336.513485,-3325.986515,3325.986515,53929.750000,48181.000000
2025-01-01T23:00:00+00:00,2025-01-02,2025-01-01T23:00:00+00:00,2025-01-02T16:00:00+00:00,2025-01-02T17:00:00,20250102,2025-01-02,2025,1,1,January,4,Thursday,false,17,17:00,18,62803.500000,hist_gradient_boosting_31_leaves,58259.694474,-4543.805526,4543.805526,55772.250000,50472.250000
2025-01-01T23:00:00+00:00,2025-01-02,2025-01-01T23:00:00+00:00,2025-01-02T17:00:00+00:00,2025-01-02T18:00:00,20250102,2025-01-02,2025,1,1,January,4,Thursday,false,18,18:00,19,62897.000000,hist_gradient_boosting_31_leaves,58158.336241,-4738.663759,4738.663759,55923.750000,50812.250000
2025-01-01T23:00:00+00:00,2025-01-02,2025-01-01T23:00:00+00:00,2025-01-02T18:00:00+00:00,2025-01-02T19:00:00,20250102,2025-01-02,2025,1,1,January,4,Thursday,false,19,19:00,20,61916.000000,hist_gradient_boosting_31_leaves,57487.096310,-4428.903690,4428.903690,54756.250000,49719.500000
2025-01-01T23:00:00+00:00,2025-01-02,2025-01-01T23:00:00+00:00,2025-01-02T19:00:00+00:00,2025-01-02T20:00:00,20250102,2025-01-02,2025,1,1,January,4,Thursday,false,20,20:00,21,58895.000000,hist_gradient_boosting_31_leaves,56498.851565,-2396.148435,2396.148435,52526.500000,48212.250000
2025-01-01T23:00:00+00:00,2025-01-02,2025-01-01T23:00:00+00:00,2025-01-02T20:00:00+00:00,2025-01-02T21:00:00,20250102,2025-01-02,2025,1,1,January,4,Thursday,false,21,21:00,22,56334.000000,hist_gradient_boosting_31_leaves,55227.426265,-1106.573735,1106.573735,50685.750000,46857.000000
2025-01-01T23:00:00+00:00,2025-01-02,2025-01-01T23:00:00+00:00,2025-01-02T21:00:00+00:00,2025-01-02T22:00:00,20250102,2025-01-02,2025,1,1,January,4,Thursday,false,22,22:00,23,54131.000000,hist_gradient_boosting_31_leaves,51150.602134,-2980.397866,2980.397866,48596.000000,45603.250000
2025-01-01T23:00:00+00:00,2025-01-02,2025-01-01T23:00:00+00:00,2025-01-02T22:00:00+00:00,2025-01-02T23:00:00,20250102,2025-01-02,2025,1,1,January,4,Thursday,false,23,23:00,24,50779.750000,hist_gradient_boosting_31_leaves,48331.009821,-2448.740179,2448.740179,46001.750000,43276.750000
2025-01-02T23:00:00+00:00,2025-01-03,2025-01-02T23:00:00+00:00,2025-01-02T23:00:00+00:00,2025-01-03T00:00:00,20250103,2025-01-03,2025,1,1,January,5,Friday,false,0,00:00,1,47627.500000,hist_gradient_boosting_31_leaves,46699.854501,-927.645499,927.645499,44101.500000,40242.000000
2025-01-02T23:00:00+00:00,2025-01-03,2025-01-02T23:00:00+00:00,2025-01-03T00:00:00+00:00,2025-01-03T01:00:00,20250103,2025-01-03,2025,1,1,January,5,Friday,false,1,01:00,2,45932.500000,hist_gradient_boosting_31_leaves,45626.737878,-305.762122,305.762122,42051.750000,38875.750000
2025-01-02T23:00:00+00:00,2025-01-03,2025-01-02T23:00:00+00:00,2025-01-03T01:00:00+00:00,2025-01-03T02:00:00,20250103,2025-01-03,2025,1,1,January,5,Friday,false,2,02:00,3,45574.500000,hist_gradient_boosting_31_leaves,45173.549673,-400.950327,400.950327,41234.500000,37660.000000
2025-01-02T23:00:00+00:00,2025-01-03,2025-01-02T23:00:00+00:00,2025-01-03T02:00:00+00:00,2025-01-03T03:00:00,20250103,2025-01-03,2025,1,1,January,5,Friday,false,3,03:00,4,45858.250000,hist_gradient_boosting_31_leaves,45301.619595,-556.630405,556.630405,41547.500000,38012.500000
2025-01-02T23:00:00+00:00,2025-01-03,2025-01-02T23:00:00+00:00,2025-01-03T03:00:00+00:00,2025-01-03T04:00:00,20250103,2025-01-03,2025,1,1,January,5,Friday,false,4,04:00,5,47150.750000,hist_gradient_boosting_31_leaves,45575.150038,-1575.599962,1575.599962,42063.000000,39437.750000
2025-01-02T23:00:00+00:00,2025-01-03,2025-01-02T23:00:00+00:00,2025-01-03T04:00:00+00:00,2025-01-03T05:00:00,20250103,2025-01-03,2025,1,1,January,5,Friday,false,5,05:00,6,49193.750000,hist_gradient_boosting_31_leaves,46830.879843,-2362.870157,2362.870157,44061.750000,40661.000000
2025-01-02T23:00:00+00:00,2025-01-03,2025-01-02T23:00:00+00:00,2025-01-03T05:00:00+00:00,2025-01-03T06:00:00,20250103,2025-01-03,2025,1,1,January,5,Friday,false,6,06:00,7,52651.500000,hist_gradient_boosting_31_leaves,50918.514526,-1732.985474,1732.985474,49523.000000,43058.750000
2025-01-02T23:00:00+00:00,2025-01-03,2025-01-02T23:00:00+00:00,2025-01-03T06:00:00+00:00,2025-01-03T07:00:00,20250103,2025-01-03,2025,1,1,January,5,Friday,false,7,07:00,8,56063.250000,hist_gradient_boosting_31_leaves,55475.295184,-587.954816,587.954816,53621.500000,46317.750000
2025-01-02T23:00:00+00:00,2025-01-03,2025-01-02T23:00:00+00:00,2025-01-03T07:00:00+00:00,2025-01-03T08:00:00,20250103,2025-01-03,2025,1,1,January,5,Friday,false,8,08:00,9,59124.000000,hist_gradient_boosting_31_leaves,58257.816571,-866.183429,866.183429,57052.000000,49256.250000
2025-01-02T23:00:00+00:00,2025-01-03,2025-01-02T23:00:00+00:00,2025-01-03T08:00:00+00:00,2025-01-03T09:00:00,20250103,2025-01-03,2025,1,1,January,5,Friday,false,9,09:00,10,60690.500000,hist_gradient_boosting_31_leaves,61111.841355,421.341355,421.341355,59258.500000,51423.750000
2025-01-02T23:00:00+00:00,2025-01-03,2025-01-02T23:00:00+00:00,2025-01-03T09:00:00+00:00,2025-01-03T10:00:00,20250103,2025-01-03,2025,1,1,January,5,Friday,false,10,10:00,11,61872.500000,hist_gradient_boosting_31_leaves,61673.485772,-199.014228,199.014228,59896.000000,52387.750000
2025-01-02T23:00:00+00:00,2025-01-03,2025-01-02T23:00:00+00:00,2025-01-03T10:00:00+00:00,2025-01-03T11:00:00,20250103,2025-01-03,2025,1,1,January,5,Friday,false,11,11:00,12,62822.250000,hist_gradient_boosting_31_leaves,61843.989654,-978.260346,978.260346,60934.250000,53078.750000
2025-01-02T23:00:00+00:00,2025-01-03,2025-01-02T23:00:00+00:00,2025-01-03T11:00:00+00:00,2025-01-03T12:00:00,20250103,2025-01-03,2025,1,1,January,5,Friday,false,12,12:00,13,63411.250000,hist_gradient_boosting_31_leaves,62193.995221,-1217.254779,1217.254779,61626.750000,53220.000000
2025-01-02T23:00:00+00:00,2025-01-03,2025-01-02T23:00:00+00:00,2025-01-03T12:00:00+00:00,2025-01-03T13:00:00,20250103,2025-01-03,2025,1,1,January,5,Friday,false,13,13:00,14,62371.500000,hist_gradient_boosting_31_leaves,61567.554007,-803.945993,803.945993,61145.500000,52203.750000
2025-01-02T23:00:00+00:00,2025-01-03,2025-01-02T23:00:00+00:00,2025-01-03T13:00:00+00:00,2025-01-03T14:00:00,20250103,2025-01-03,2025,1,1,January,5,Friday,false,14,14:00,15,62046.750000,hist_gradient_boosting_31_leaves,61190.300789,-856.449211,856.449211,59869.500000,51427.000000
2025-01-02T23:00:00+00:00,2025-01-03,2025-01-02T23:00:00+00:00,2025-01-03T14:00:00+00:00,2025-01-03T15:00:00,20250103,2025-01-03,2025,1,1,January,5,Friday,false,15,15:00,16,62152.500000,hist_gradient_boosting_31_leaves,60561.845463,-1590.654537,1590.654537,59600.500000,51832.750000
2025-01-02T23:00:00+00:00,2025-01-03,2025-01-02T23:00:00+00:00,2025-01-03T15:00:00+00:00,2025-01-03T16:00:00,20250103,2025-01-03,2025,1,1,January,5,Friday,false,16,16:00,17,63092.500000,hist_gradient_boosting_31_leaves,60883.623713,-2208.876287,2208.876287,60662.500000,53890.500000
2025-01-02T23:00:00+00:00,2025-01-03,2025-01-02T23:00:00+00:00,2025-01-03T16:00:00+00:00,2025-01-03T17:00:00,20250103,2025-01-03,2025,1,1,January,5,Friday,false,17,17:00,18,65361.750000,hist_gradient_boosting_31_leaves,63045.422512,-2316.327488,2316.327488,62803.500000,56436.750000
2025-01-02T23:00:00+00:00,2025-01-03,2025-01-02T23:00:00+00:00,2025-01-03T17:00:00+00:00,2025-01-03T18:00:00,20250103,2025-01-03,2025,1,1,January,5,Friday,false,18,18:00,19,64411.000000,hist_gradient_boosting_31_leaves,63313.867061,-1097.132939,1097.132939,62897.000000,56330.000000
2025-01-02T23:00:00+00:00,2025-01-03,2025-01-02T23:00:00+00:00,2025-01-03T18:00:00+00:00,2025-01-03T19:00:00,20250103,2025-01-03,2025,1,1,January,5,Friday,false,19,19:00,20,62883.250000,hist_gradient_boosting_31_leaves,61570.545101,-1312.704899,1312.704899,61916.000000,54940.250000
2025-01-02T23:00:00+00:00,2025-01-03,2025-01-02T23:00:00+00:00,2025-01-03T19:00:00+00:00,2025-01-03T20:00:00,20250103,2025-01-03,2025,1,1,January,5,Friday,false,20,20:00,21,60086.000000,hist_gradient_boosting_31_leaves,59504.090586,-581.909414,581.909414,58895.000000,51964.000000
2025-01-02T23:00:00+00:00,2025-01-03,2025-01-02T23:00:00+00:00,2025-01-03T20:00:00+00:00,2025-01-03T21:00:00,20250103,2025-01-03,2025,1,1,January,5,Friday,false,21,21:00,22,58168.500000,hist_gradient_boosting_31_leaves,55178.699830,-2989.800170,2989.800170,56334.000000,49344.750000
2025-01-02T23:00:00+00:00,2025-01-03,2025-01-02T23:00:00+00:00,2025-01-03T21:00:00+00:00,2025-01-03T22:00:00,20250103,2025-01-03,2025,1,1,January,5,Friday,false,22,22:00,23,55472.250000,hist_gradient_boosting_31_leaves,53271.170077,-2201.079923,2201.079923,54131.000000,47861.750000
2025-01-02T23:00:00+00:00,2025-01-03,2025-01-02T23:00:00+00:00,2025-01-03T22:00:00+00:00,2025-01-03T23:00:00,20250103,2025-01-03,2025,1,1,January,5,Friday,false,23,23:00,24,52747.750000,hist_gradient_boosting_31_leaves,51595.804191,-1151.945809,1151.945809,50779.750000,45287.750000
2025-01-03T23:00:00+00:00,2025-01-04,2025-01-03T23:00:00+00:00,2025-01-03T23:00:00+00:00,2025-01-04T00:00:00,20250104,2025-01-04,2025,1,1,January,6,Saturday,true,0,00:00,1,50248.000000,hist_gradient_boosting_31_leaves,47936.908347,-2311.091653,2311.091653,47627.500000,42924.750000
2025-01-03T23:00:00+00:00,2025-01-04,2025-01-03T23:00:00+00:00,2025-01-04T00:00:00+00:00,2025-01-04T01:00:00,20250104,2025-01-04,2025,1,1,January,6,Saturday,true,1,01:00,2,48370.500000,hist_gradient_boosting_31_leaves,46710.792941,-1659.707059,1659.707059,45932.500000,41263.250000
2025-01-03T23:00:00+00:00,2025-01-04,2025-01-03T23:00:00+00:00,2025-01-04T01:00:00+00:00,2025-01-04T02:00:00,20250104,2025-01-04,2025,1,1,January,6,Saturday,true,2,02:00,3,46208.500000,hist_gradient_boosting_31_leaves,46078.691037,-129.808963,129.808963,45574.500000,40628.750000
2025-01-03T23:00:00+00:00,2025-01-04,2025-01-03T23:00:00+00:00,2025-01-04T02:00:00+00:00,2025-01-04T03:00:00,20250104,2025-01-04,2025,1,1,January,6,Saturday,true,3,03:00,4,45090.000000,hist_gradient_boosting_31_leaves,46270.243244,1180.243244,1180.243244,45858.250000,40236.500000
2025-01-03T23:00:00+00:00,2025-01-04,2025-01-03T23:00:00+00:00,2025-01-04T03:00:00+00:00,2025-01-04T04:00:00,20250104,2025-01-04,2025,1,1,January,6,Saturday,true,4,04:00,5,44312.250000,hist_gradient_boosting_31_leaves,46842.301206,2530.051206,2530.051206,47150.750000,40756.750000
2025-01-03T23:00:00+00:00,2025-01-04,2025-01-03T23:00:00+00:00,2025-01-04T04:00:00+00:00,2025-01-04T05:00:00,20250104,2025-01-04,2025,1,1,January,6,Saturday,true,5,05:00,6,44038.250000,hist_gradient_boosting_31_leaves,47140.272694,3102.022694,3102.022694,49193.750000,40788.750000
2025-01-03T23:00:00+00:00,2025-01-04,2025-01-03T23:00:00+00:00,2025-01-04T05:00:00+00:00,2025-01-04T06:00:00,20250104,2025-01-04,2025,1,1,January,6,Saturday,true,6,06:00,7,45084.750000,hist_gradient_boosting_31_leaves,48268.909757,3184.159757,3184.159757,52651.500000,41833.500000
2025-01-03T23:00:00+00:00,2025-01-04,2025-01-03T23:00:00+00:00,2025-01-04T06:00:00+00:00,2025-01-04T07:00:00,20250104,2025-01-04,2025,1,1,January,6,Saturday,true,7,07:00,8,47136.250000,hist_gradient_boosting_31_leaves,49426.117752,2289.867752,2289.867752,56063.250000,44037.750000
2025-01-03T23:00:00+00:00,2025-01-04,2025-01-03T23:00:00+00:00,2025-01-04T07:00:00+00:00,2025-01-04T08:00:00,20250104,2025-01-04,2025,1,1,January,6,Saturday,true,8,08:00,9,50505.750000,hist_gradient_boosting_31_leaves,51779.776650,1274.026650,1274.026650,59124.000000,47002.750000
2025-01-03T23:00:00+00:00,2025-01-04,2025-01-03T23:00:00+00:00,2025-01-04T08:00:00+00:00,2025-01-04T09:00:00,20250104,2025-01-04,2025,1,1,January,6,Saturday,true,9,09:00,10,53599.000000,hist_gradient_boosting_31_leaves,53503.647484,-95.352516,95.352516,60690.500000,49584.250000
2025-01-03T23:00:00+00:00,2025-01-04,2025-01-03T23:00:00+00:00,2025-01-04T09:00:00+00:00,2025-01-04T10:00:00,20250104,2025-01-04,2025,1,1,January,6,Saturday,true,10,10:00,11,55556.000000,hist_gradient_boosting_31_leaves,55495.110256,-60.889744,60.889744,61872.500000,51340.000000
2025-01-03T23:00:00+00:00,2025-01-04,2025-01-03T23:00:00+00:00,2025-01-04T10:00:00+00:00,2025-01-04T11:00:00,20250104,2025-01-04,2025,1,1,January,6,Saturday,true,11,11:00,12,57750.250000,hist_gradient_boosting_31_leaves,56362.027162,-1388.222838,1388.222838,62822.250000,52861.500000
2025-01-03T23:00:00+00:00,2025-01-04,2025-01-03T23:00:00+00:00,2025-01-04T11:00:00+00:00,2025-01-04T12:00:00,20250104,2025-01-04,2025,1,1,January,6,Saturday,true,12,12:00,13,58111.250000,hist_gradient_boosting_31_leaves,56474.277184,-1636.972816,1636.972816,63411.250000,52835.750000
2025-01-03T23:00:00+00:00,2025-01-04,2025-01-03T23:00:00+00:00,2025-01-04T12:00:00+00:00,2025-01-04T13:00:00,20250104,2025-01-04,2025,1,1,January,6,Saturday,true,13,13:00,14,57128.000000,hist_gradient_boosting_31_leaves,55079.395014,-2048.604986,2048.604986,62371.500000,51301.000000
2025-01-03T23:00:00+00:00,2025-01-04,2025-01-03T23:00:00+00:00,2025-01-04T13:00:00+00:00,2025-01-04T14:00:00,20250104,2025-01-04,2025,1,1,January,6,Saturday,true,14,14:00,15,56241.000000,hist_gradient_boosting_31_leaves,53885.656625,-2355.343375,2355.343375,62046.750000,50191.250000
2025-01-03T23:00:00+00:00,2025-01-04,2025-01-03T23:00:00+00:00,2025-01-04T14:00:00+00:00,2025-01-04T15:00:00,20250104,2025-01-04,2025,1,1,January,6,Saturday,true,15,15:00,16,56503.750000,hist_gradient_boosting_31_leaves,53958.303347,-2545.446653,2545.446653,62152.500000,50826.750000
2025-01-03T23:00:00+00:00,2025-01-04,2025-01-03T23:00:00+00:00,2025-01-04T15:00:00+00:00,2025-01-04T16:00:00,20250104,2025-01-04,2025,1,1,January,6,Saturday,true,16,16:00,17,58277.250000,hist_gradient_boosting_31_leaves,56282.295545,-1994.954455,1994.954455,63092.500000,52913.250000
2025-01-03T23:00:00+00:00,2025-01-04,2025-01-03T23:00:00+00:00,2025-01-04T16:00:00+00:00,2025-01-04T17:00:00,20250104,2025-01-04,2025,1,1,January,6,Saturday,true,17,17:00,18,60529.500000,hist_gradient_boosting_31_leaves,58636.769492,-1892.730508,1892.730508,65361.750000,55232.250000
2025-01-03T23:00:00+00:00,2025-01-04,2025-01-03T23:00:00+00:00,2025-01-04T17:00:00+00:00,2025-01-04T18:00:00,20250104,2025-01-04,2025,1,1,January,6,Saturday,true,18,18:00,19,60559.750000,hist_gradient_boosting_31_leaves,60323.625973,-236.124027,236.124027,64411.000000,55398.750000
2025-01-03T23:00:00+00:00,2025-01-04,2025-01-03T23:00:00+00:00,2025-01-04T18:00:00+00:00,2025-01-04T19:00:00,20250104,2025-01-04,2025,1,1,January,6,Saturday,true,19,19:00,20,58881.000000,hist_gradient_boosting_31_leaves,57796.506364,-1084.493636,1084.493636,62883.250000,53898.750000
2025-01-03T23:00:00+00:00,2025-01-04,2025-01-03T23:00:00+00:00,2025-01-04T19:00:00+00:00,2025-01-04T20:00:00,20250104,2025-01-04,2025,1,1,January,6,Saturday,true,20,20:00,21,55581.000000,hist_gradient_boosting_31_leaves,54910.536010,-670.463990,670.463990,60086.000000,51364.250000
2025-01-03T23:00:00+00:00,2025-01-04,2025-01-03T23:00:00+00:00,2025-01-04T20:00:00+00:00,2025-01-04T21:00:00,20250104,2025-01-04,2025,1,1,January,6,Saturday,true,21,21:00,22,53295.500000,hist_gradient_boosting_31_leaves,52778.412528,-517.087472,517.087472,58168.500000,49310.250000
2025-01-03T23:00:00+00:00,2025-01-04,2025-01-03T23:00:00+00:00,2025-01-04T21:00:00+00:00,2025-01-04T22:00:00,20250104,2025-01-04,2025,1,1,January,6,Saturday,true,22,22:00,23,52316.500000,hist_gradient_boosting_31_leaves,52711.318967,394.818967,394.818967,55472.250000,48109.000000
2025-01-03T23:00:00+00:00,2025-01-04,2025-01-03T23:00:00+00:00,2025-01-04T22:00:00+00:00,2025-01-04T23:00:00,20250104,2025-01-04,2025,1,1,January,6,Saturday,true,23,23:00,24,49240.500000,hist_gradient_boosting_31_leaves,50654.772307,1414.272307,1414.272307,52747.750000,46020.000000
2025-01-04T23:00:00+00:00,2025-01-05,2025-01-04T23:00:00+00:00,2025-01-04T23:00:00+00:00,2025-01-05T00:00:00,20250105,2025-01-05,2025,1,1,January,7,Sunday,true,0,00:00,1,46651.500000,hist_gradient_boosting_31_leaves,46505.321563,-146.178437,146.178437,50248.000000,43202.750000
2025-01-04T23:00:00+00:00,2025-01-05,2025-01-04T23:00:00+00:00,2025-01-05T00:00:00+00:00,2025-01-05T01:00:00,20250105,2025-01-05,2025,1,1,January,7,Sunday,true,1,01:00,2,43846.500000,hist_gradient_boosting_31_leaves,44142.145896,295.645896,295.645896,48370.500000,41772.750000
2025-01-04T23:00:00+00:00,2025-01-05,2025-01-04T23:00:00+00:00,2025-01-05T01:00:00+00:00,2025-01-05T02:00:00,20250105,2025-01-05,2025,1,1,January,7,Sunday,true,2,02:00,3,42538.500000,hist_gradient_boosting_31_leaves,42626.413297,87.913297,87.913297,46208.500000,40905.250000
2025-01-04T23:00:00+00:00,2025-01-05,2025-01-04T23:00:00+00:00,2025-01-05T02:00:00+00:00,2025-01-05T03:00:00,20250105,2025-01-05,2025,1,1,January,7,Sunday,true,3,03:00,4,41941.750000,hist_gradient_boosting_31_leaves,42353.691325,411.941325,411.941325,45090.000000,40591.250000
2025-01-04T23:00:00+00:00,2025-01-05,2025-01-04T23:00:00+00:00,2025-01-05T03:00:00+00:00,2025-01-05T04:00:00,20250105,2025-01-05,2025,1,1,January,7,Sunday,true,4,04:00,5,41672.750000,hist_gradient_boosting_31_leaves,41935.563076,262.813076,262.813076,44312.250000,40920.500000
2025-01-04T23:00:00+00:00,2025-01-05,2025-01-04T23:00:00+00:00,2025-01-05T04:00:00+00:00,2025-01-05T05:00:00,20250105,2025-01-05,2025,1,1,January,7,Sunday,true,5,05:00,6,42087.750000,hist_gradient_boosting_31_leaves,41642.526509,-445.223491,445.223491,44038.250000,41371.000000
2025-01-04T23:00:00+00:00,2025-01-05,2025-01-04T23:00:00+00:00,2025-01-05T05:00:00+00:00,2025-01-05T06:00:00,20250105,2025-01-05,2025,1,1,January,7,Sunday,true,6,06:00,7,43356.000000,hist_gradient_boosting_31_leaves,42288.251214,-1067.748786,1067.748786,45084.750000,41467.000000
2025-01-04T23:00:00+00:00,2025-01-05,2025-01-04T23:00:00+00:00,2025-01-05T06:00:00+00:00,2025-01-05T07:00:00,20250105,2025-01-05,2025,1,1,January,7,Sunday,true,7,07:00,8,44689.000000,hist_gradient_boosting_31_leaves,43626.801419,-1062.198581,1062.198581,47136.250000,43039.000000
2025-01-04T23:00:00+00:00,2025-01-05,2025-01-04T23:00:00+00:00,2025-01-05T07:00:00+00:00,2025-01-05T08:00:00,20250105,2025-01-05,2025,1,1,January,7,Sunday,true,8,08:00,9,47732.000000,hist_gradient_boosting_31_leaves,46436.655982,-1295.344018,1295.344018,50505.750000,45934.250000
2025-01-04T23:00:00+00:00,2025-01-05,2025-01-04T23:00:00+00:00,2025-01-05T08:00:00+00:00,2025-01-05T09:00:00,20250105,2025-01-05,2025,1,1,January,7,Sunday,true,9,09:00,10,51815.250000,hist_gradient_boosting_31_leaves,50448.861618,-1366.388382,1366.388382,53599.000000,49120.500000
2025-01-04T23:00:00+00:00,2025-01-05,2025-01-04T23:00:00+00:00,2025-01-05T09:00:00+00:00,2025-01-05T10:00:00,20250105,2025-01-05,2025,1,1,January,7,Sunday,true,10,10:00,11,54401.500000,hist_gradient_boosting_31_leaves,53064.053862,-1337.446138,1337.446138,55556.000000,52088.250000
2025-01-04T23:00:00+00:00,2025-01-05,2025-01-04T23:00:00+00:00,2025-01-05T10:00:00+00:00,2025-01-05T11:00:00,20250105,2025-01-05,2025,1,1,January,7,Sunday,true,11,11:00,12,57258.000000,hist_gradient_boosting_31_leaves,55878.736479,-1379.263521,1379.263521,57750.250000,54617.500000
2025-01-04T23:00:00+00:00,2025-01-05,2025-01-04T23:00:00+00:00,2025-01-05T11:00:00+00:00,2025-01-05T12:00:00,20250105,2025-01-05,2025,1,1,January,7,Sunday,true,12,12:00,13,57775.250000,hist_gradient_boosting_31_leaves,56018.804804,-1756.445196,1756.445196,58111.250000,54558.750000
2025-01-04T23:00:00+00:00,2025-01-05,2025-01-04T23:00:00+00:00,2025-01-05T12:00:00+00:00,2025-01-05T13:00:00,20250105,2025-01-05,2025,1,1,January,7,Sunday,true,13,13:00,14,56015.250000,hist_gradient_boosting_31_leaves,55447.711721,-567.538279,567.538279,57128.000000,53667.000000
2025-01-04T23:00:00+00:00,2025-01-05,2025-01-04T23:00:00+00:00,2025-01-05T13:00:00+00:00,2025-01-05T14:00:00,20250105,2025-01-05,2025,1,1,January,7,Sunday,true,14,14:00,15,55069.000000,hist_gradient_boosting_31_leaves,54224.534943,-844.465057,844.465057,56241.000000,52674.500000
2025-01-04T23:00:00+00:00,2025-01-05,2025-01-04T23:00:00+00:00,2025-01-05T14:00:00+00:00,2025-01-05T15:00:00,20250105,2025-01-05,2025,1,1,January,7,Sunday,true,15,15:00,16,55471.500000,hist_gradient_boosting_31_leaves,54131.547988,-1339.952012,1339.952012,56503.750000,52939.750000
2025-01-04T23:00:00+00:00,2025-01-05,2025-01-04T23:00:00+00:00,2025-01-05T15:00:00+00:00,2025-01-05T16:00:00,20250105,2025-01-05,2025,1,1,January,7,Sunday,true,16,16:00,17,57814.750000,hist_gradient_boosting_31_leaves,56049.663435,-1765.086565,1765.086565,58277.250000,54787.750000
2025-01-04T23:00:00+00:00,2025-01-05,2025-01-04T23:00:00+00:00,2025-01-05T16:00:00+00:00,2025-01-05T17:00:00,20250105,2025-01-05,2025,1,1,January,7,Sunday,true,17,17:00,18,59952.750000,hist_gradient_boosting_31_leaves,58369.034902,-1583.715098,1583.715098,60529.500000,56774.000000
2025-01-04T23:00:00+00:00,2025-01-05,2025-01-04T23:00:00+00:00,2025-01-05T17:00:00+00:00,2025-01-05T18:00:00,20250105,2025-01-05,2025,1,1,January,7,Sunday,true,18,18:00,19,60078.250000,hist_gradient_boosting_31_leaves,59701.547568,-376.702432,376.702432,60559.750000,57104.250000
2025-01-04T23:00:00+00:00,2025-01-05,2025-01-04T23:00:00+00:00,2025-01-05T18:00:00+00:00,2025-01-05T19:00:00,20250105,2025-01-05,2025,1,1,January,7,Sunday,true,19,19:00,20,58185.500000,hist_gradient_boosting_31_leaves,57459.268551,-726.231449,726.231449,58881.000000,56079.750000
2025-01-04T23:00:00+00:00,2025-01-05,2025-01-04T23:00:00+00:00,2025-01-05T19:00:00+00:00,2025-01-05T20:00:00,20250105,2025-01-05,2025,1,1,January,7,Sunday,true,20,20:00,21,55508.000000,hist_gradient_boosting_31_leaves,54419.842229,-1088.157771,1088.157771,55581.000000,53780.500000
2025-01-04T23:00:00+00:00,2025-01-05,2025-01-04T23:00:00+00:00,2025-01-05T20:00:00+00:00,2025-01-05T21:00:00,20250105,2025-01-05,2025,1,1,January,7,Sunday,true,21,21:00,22,52916.250000,hist_gradient_boosting_31_leaves,52407.426588,-508.823412,508.823412,53295.500000,52414.500000
2025-01-04T23:00:00+00:00,2025-01-05,2025-01-04T23:00:00+00:00,2025-01-05T21:00:00+00:00,2025-01-05T22:00:00,20250105,2025-01-05,2025,1,1,January,7,Sunday,true,22,22:00,23,50716.750000,hist_gradient_boosting_31_leaves,52158.591964,1441.841964,1441.841964,52316.500000,51014.750000
2025-01-04T23:00:00+00:00,2025-01-05,2025-01-04T23:00:00+00:00,2025-01-05T22:00:00+00:00,2025-01-05T23:00:00,20250105,2025-01-05,2025,1,1,January,7,Sunday,true,23,23:00,24,48078.000000,hist_gradient_boosting_31_leaves,49283.343066,1205.343066,1205.343066,49240.500000,48336.500000
2025-01-05T23:00:00+00:00,2025-01-06,2025-01-05T23:00:00+00:00,2025-01-05T23:00:00+00:00,2025-01-06T00:00:00,20250106,2025-01-06,2025,1,1,January,1,Monday,false,0,00:00,1,45746.250000,hist_gradient_boosting_31_leaves,49218.683223,3472.433223,3472.433223,46651.500000,44796.500000
2025-01-05T23:00:00+00:00,2025-01-06,2025-01-05T23:00:00+00:00,2025-01-06T00:00:00+00:00,2025-01-06T01:00:00,20250106,2025-01-06,2025,1,1,January,1,Monday,false,1,01:00,2,43953.750000,hist_gradient_boosting_31_leaves,46603.009026,2649.259026,2649.259026,43846.500000,44067.750000
2025-01-05T23:00:00+00:00,2025-01-06,2025-01-05T23:00:00+00:00,2025-01-06T01:00:00+00:00,2025-01-06T02:00:00,20250106,2025-01-06,2025,1,1,January,1,Monday,false,2,02:00,3,42914.750000,hist_gradient_boosting_31_leaves,45284.751116,2370.001116,2370.001116,42538.500000,43469.250000
2025-01-05T23:00:00+00:00,2025-01-06,2025-01-05T23:00:00+00:00,2025-01-06T02:00:00+00:00,2025-01-06T03:00:00,20250106,2025-01-06,2025,1,1,January,1,Monday,false,3,03:00,4,43933.500000,hist_gradient_boosting_31_leaves,44800.726644,867.226644,867.226644,41941.750000,43041.000000
2025-01-05T23:00:00+00:00,2025-01-06,2025-01-05T23:00:00+00:00,2025-01-06T03:00:00+00:00,2025-01-06T04:00:00,20250106,2025-01-06,2025,1,1,January,1,Monday,false,4,04:00,5,44925.000000,hist_gradient_boosting_31_leaves,46130.051929,1205.051929,1205.051929,41672.750000,43767.750000
2025-01-05T23:00:00+00:00,2025-01-06,2025-01-05T23:00:00+00:00,2025-01-06T04:00:00+00:00,2025-01-06T05:00:00,20250106,2025-01-06,2025,1,1,January,1,Monday,false,5,05:00,6,47876.250000,hist_gradient_boosting_31_leaves,48125.409433,249.159433,249.159433,42087.750000,45797.000000
2025-01-05T23:00:00+00:00,2025-01-06,2025-01-05T23:00:00+00:00,2025-01-06T05:00:00+00:00,2025-01-06T06:00:00,20250106,2025-01-06,2025,1,1,January,1,Monday,false,6,06:00,7,52381.250000,hist_gradient_boosting_31_leaves,52737.727694,356.477694,356.477694,43356.000000,47946.500000
2025-01-05T23:00:00+00:00,2025-01-06,2025-01-05T23:00:00+00:00,2025-01-06T06:00:00+00:00,2025-01-06T07:00:00,20250106,2025-01-06,2025,1,1,January,1,Monday,false,7,07:00,8,56023.500000,hist_gradient_boosting_31_leaves,57814.754067,1791.254067,1791.254067,44689.000000,51327.750000
2025-01-05T23:00:00+00:00,2025-01-06,2025-01-05T23:00:00+00:00,2025-01-06T07:00:00+00:00,2025-01-06T08:00:00,20250106,2025-01-06,2025,1,1,January,1,Monday,false,8,08:00,9,59057.750000,hist_gradient_boosting_31_leaves,58578.221465,-479.528535,479.528535,47732.000000,54344.500000
2025-01-05T23:00:00+00:00,2025-01-06,2025-01-05T23:00:00+00:00,2025-01-06T08:00:00+00:00,2025-01-06T09:00:00,20250106,2025-01-06,2025,1,1,January,1,Monday,false,9,09:00,10,61080.000000,hist_gradient_boosting_31_leaves,59939.711153,-1140.288847,1140.288847,51815.250000,56166.750000
2025-01-05T23:00:00+00:00,2025-01-06,2025-01-05T23:00:00+00:00,2025-01-06T09:00:00+00:00,2025-01-06T10:00:00,20250106,2025-01-06,2025,1,1,January,1,Monday,false,10,10:00,11,62749.250000,hist_gradient_boosting_31_leaves,61280.179642,-1469.070358,1469.070358,54401.500000,57692.500000
2025-01-05T23:00:00+00:00,2025-01-06,2025-01-05T23:00:00+00:00,2025-01-06T10:00:00+00:00,2025-01-06T11:00:00,20250106,2025-01-06,2025,1,1,January,1,Monday,false,11,11:00,12,63633.750000,hist_gradient_boosting_31_leaves,63253.607427,-380.142573,380.142573,57258.000000,57953.000000
2025-01-05T23:00:00+00:00,2025-01-06,2025-01-05T23:00:00+00:00,2025-01-06T11:00:00+00:00,2025-01-06T12:00:00,20250106,2025-01-06,2025,1,1,January,1,Monday,false,12,12:00,13,63779.500000,hist_gradient_boosting_31_leaves,63383.836546,-395.663454,395.663454,57775.250000,58463.500000
2025-01-05T23:00:00+00:00,2025-01-06,2025-01-05T23:00:00+00:00,2025-01-06T12:00:00+00:00,2025-01-06T13:00:00,20250106,2025-01-06,2025,1,1,January,1,Monday,false,13,13:00,14,63184.500000,hist_gradient_boosting_31_leaves,60670.056348,-2514.443652,2514.443652,56015.250000,58243.250000
2025-01-05T23:00:00+00:00,2025-01-06,2025-01-05T23:00:00+00:00,2025-01-06T13:00:00+00:00,2025-01-06T14:00:00,20250106,2025-01-06,2025,1,1,January,1,Monday,false,14,14:00,15,61383.500000,hist_gradient_boosting_31_leaves,60564.318745,-819.181255,819.181255,55069.000000,57893.000000
2025-01-05T23:00:00+00:00,2025-01-06,2025-01-05T23:00:00+00:00,2025-01-06T14:00:00+00:00,2025-01-06T15:00:00,20250106,2025-01-06,2025,1,1,January,1,Monday,false,15,15:00,16,60783.250000,hist_gradient_boosting_31_leaves,60949.163855,165.913855,165.913855,55471.500000,58138.250000
2025-01-05T23:00:00+00:00,2025-01-06,2025-01-05T23:00:00+00:00,2025-01-06T15:00:00+00:00,2025-01-06T16:00:00,20250106,2025-01-06,2025,1,1,January,1,Monday,false,16,16:00,17,61636.000000,hist_gradient_boosting_31_leaves,63291.009353,1655.009353,1655.009353,57814.750000,59576.500000
2025-01-05T23:00:00+00:00,2025-01-06,2025-01-05T23:00:00+00:00,2025-01-06T16:00:00+00:00,2025-01-06T17:00:00,20250106,2025-01-06,2025,1,1,January,1,Monday,false,17,17:00,18,64030.000000,hist_gradient_boosting_31_leaves,65376.075195,1346.075195,1346.075195,59952.750000,61402.500000
2025-01-05T23:00:00+00:00,2025-01-06,2025-01-05T23:00:00+00:00,2025-01-06T17:00:00+00:00,2025-01-06T18:00:00,20250106,2025-01-06,2025,1,1,January,1,Monday,false,18,18:00,19,63560.750000,hist_gradient_boosting_31_leaves,65989.397552,2428.647552,2428.647552,60078.250000,61475.750000
2025-01-05T23:00:00+00:00,2025-01-06,2025-01-05T23:00:00+00:00,2025-01-06T18:00:00+00:00,2025-01-06T19:00:00,20250106,2025-01-06,2025,1,1,January,1,Monday,false,19,19:00,20,62612.500000,hist_gradient_boosting_31_leaves,64036.489581,1423.989581,1423.989581,58185.500000,60058.500000
2025-01-05T23:00:00+00:00,2025-01-06,2025-01-05T23:00:00+00:00,2025-01-06T19:00:00+00:00,2025-01-06T20:00:00,20250106,2025-01-06,2025,1,1,January,1,Monday,false,20,20:00,21,59907.000000,hist_gradient_boosting_31_leaves,60695.449134,788.449134,788.449134,55508.000000,56909.250000
2025-01-05T23:00:00+00:00,2025-01-06,2025-01-05T23:00:00+00:00,2025-01-06T20:00:00+00:00,2025-01-06T21:00:00,20250106,2025-01-06,2025,1,1,January,1,Monday,false,21,21:00,22,56590.500000,hist_gradient_boosting_31_leaves,58404.137023,1813.637023,1813.637023,52916.250000,54316.000000
2025-01-05T23:00:00+00:00,2025-01-06,2025-01-05T23:00:00+00:00,2025-01-06T21:00:00+00:00,2025-01-06T22:00:00,20250106,2025-01-06,2025,1,1,January,1,Monday,false,22,22:00,23,53834.500000,hist_gradient_boosting_31_leaves,56493.473030,2658.973030,2658.973030,50716.750000,52292.750000
2025-01-05T23:00:00+00:00,2025-01-06,2025-01-05T23:00:00+00:00,2025-01-06T22:00:00+00:00,2025-01-06T23:00:00,20250106,2025-01-06,2025,1,1,January,1,Monday,false,23,23:00,24,51009.250000,hist_gradient_boosting_31_leaves,53664.720145,2655.470145,2655.470145,48078.000000,49145.500000
2025-01-06T23:00:00+00:00,2025-01-07,2025-01-06T23:00:00+00:00,2025-01-06T23:00:00+00:00,2025-01-07T00:00:00,20250107,2025-01-07,2025,1,1,January,2,Tuesday,false,0,00:00,1,48570.500000,hist_gradient_boosting_31_leaves,48650.527844,80.027844,80.027844,45746.250000,45436.000000
2025-01-06T23:00:00+00:00,2025-01-07,2025-01-06T23:00:00+00:00,2025-01-07T00:00:00+00:00,2025-01-07T01:00:00,20250107,2025-01-07,2025,1,1,January,2,Tuesday,false,1,01:00,2,47568.750000,hist_gradient_boosting_31_leaves,46902.492047,-666.257953,666.257953,43953.750000,43433.750000
2025-01-06T23:00:00+00:00,2025-01-07,2025-01-06T23:00:00+00:00,2025-01-07T01:00:00+00:00,2025-01-07T02:00:00,20250107,2025-01-07,2025,1,1,January,2,Tuesday,false,2,02:00,3,46711.500000,hist_gradient_boosting_31_leaves,45783.767511,-927.732489,927.732489,42914.750000,42529.250000
2025-01-06T23:00:00+00:00,2025-01-07,2025-01-06T23:00:00+00:00,2025-01-07T02:00:00+00:00,2025-01-07T03:00:00,20250107,2025-01-07,2025,1,1,January,2,Tuesday,false,3,03:00,4,46944.500000,hist_gradient_boosting_31_leaves,46374.156204,-570.343796,570.343796,43933.500000,42690.250000
2025-01-06T23:00:00+00:00,2025-01-07,2025-01-06T23:00:00+00:00,2025-01-07T03:00:00+00:00,2025-01-07T04:00:00,20250107,2025-01-07,2025,1,1,January,2,Tuesday,false,4,04:00,5,48384.750000,hist_gradient_boosting_31_leaves,47295.652759,-1089.097241,1089.097241,44925.000000,43292.750000
2025-01-06T23:00:00+00:00,2025-01-07,2025-01-06T23:00:00+00:00,2025-01-07T04:00:00+00:00,2025-01-07T05:00:00,20250107,2025-01-07,2025,1,1,January,2,Tuesday,false,5,05:00,6,51117.500000,hist_gradient_boosting_31_leaves,49937.717165,-1179.782835,1179.782835,47876.250000,43674.250000
2025-01-06T23:00:00+00:00,2025-01-07,2025-01-06T23:00:00+00:00,2025-01-07T05:00:00+00:00,2025-01-07T06:00:00,20250107,2025-01-07,2025,1,1,January,2,Tuesday,false,6,06:00,7,58740.000000,hist_gradient_boosting_31_leaves,54292.990940,-4447.009060,4447.009060,52381.250000,45299.500000
2025-01-06T23:00:00+00:00,2025-01-07,2025-01-06T23:00:00+00:00,2025-01-07T06:00:00+00:00,2025-01-07T07:00:00,20250107,2025-01-07,2025,1,1,January,2,Tuesday,false,7,07:00,8,64761.250000,hist_gradient_boosting_31_leaves,58769.436911,-5991.813089,5991.813089,56023.500000,46890.500000
2025-01-06T23:00:00+00:00,2025-01-07,2025-01-06T23:00:00+00:00,2025-01-07T07:00:00+00:00,2025-01-07T08:00:00,20250107,2025-01-07,2025,1,1,January,2,Tuesday,false,8,08:00,9,68201.000000,hist_gradient_boosting_31_leaves,62287.044592,-5913.955408,5913.955408,59057.750000,49322.250000
2025-01-06T23:00:00+00:00,2025-01-07,2025-01-06T23:00:00+00:00,2025-01-07T08:00:00+00:00,2025-01-07T09:00:00,20250107,2025-01-07,2025,1,1,January,2,Tuesday,false,9,09:00,10,68661.750000,hist_gradient_boosting_31_leaves,64228.197833,-4433.552167,4433.552167,61080.000000,51972.750000
2025-01-06T23:00:00+00:00,2025-01-07,2025-01-06T23:00:00+00:00,2025-01-07T09:00:00+00:00,2025-01-07T10:00:00,20250107,2025-01-07,2025,1,1,January,2,Tuesday,false,10,10:00,11,68407.500000,hist_gradient_boosting_31_leaves,64975.098322,-3432.401678,3432.401678,62749.250000,53934.250000
2025-01-06T23:00:00+00:00,2025-01-07,2025-01-06T23:00:00+00:00,2025-01-07T10:00:00+00:00,2025-01-07T11:00:00,20250107,2025-01-07,2025,1,1,January,2,Tuesday,false,11,11:00,12,68895.000000,hist_gradient_boosting_31_leaves,65593.527039,-3301.472961,3301.472961,63633.750000,55480.750000
2025-01-06T23:00:00+00:00,2025-01-07,2025-01-06T23:00:00+00:00,2025-01-07T11:00:00+00:00,2025-01-07T12:00:00,20250107,2025-01-07,2025,1,1,January,2,Tuesday,false,12,12:00,13,69011.250000,hist_gradient_boosting_31_leaves,64988.037199,-4023.212801,4023.212801,63779.500000,55742.250000
2025-01-06T23:00:00+00:00,2025-01-07,2025-01-06T23:00:00+00:00,2025-01-07T12:00:00+00:00,2025-01-07T13:00:00,20250107,2025-01-07,2025,1,1,January,2,Tuesday,false,13,13:00,14,68628.000000,hist_gradient_boosting_31_leaves,64580.628415,-4047.371585,4047.371585,63184.500000,54490.000000
2025-01-06T23:00:00+00:00,2025-01-07,2025-01-06T23:00:00+00:00,2025-01-07T13:00:00+00:00,2025-01-07T14:00:00,20250107,2025-01-07,2025,1,1,January,2,Tuesday,false,14,14:00,15,67788.000000,hist_gradient_boosting_31_leaves,62856.108124,-4931.891876,4931.891876,61383.500000,53533.000000
2025-01-06T23:00:00+00:00,2025-01-07,2025-01-06T23:00:00+00:00,2025-01-07T14:00:00+00:00,2025-01-07T15:00:00,20250107,2025-01-07,2025,1,1,January,2,Tuesday,false,15,15:00,16,67147.500000,hist_gradient_boosting_31_leaves,63013.354877,-4134.145123,4134.145123,60783.250000,53380.500000
2025-01-06T23:00:00+00:00,2025-01-07,2025-01-06T23:00:00+00:00,2025-01-07T15:00:00+00:00,2025-01-07T16:00:00,20250107,2025-01-07,2025,1,1,January,2,Tuesday,false,16,16:00,17,68663.750000,hist_gradient_boosting_31_leaves,62550.899242,-6112.850758,6112.850758,61636.000000,55650.750000
2025-01-06T23:00:00+00:00,2025-01-07,2025-01-06T23:00:00+00:00,2025-01-07T16:00:00+00:00,2025-01-07T17:00:00,20250107,2025-01-07,2025,1,1,January,2,Tuesday,false,17,17:00,18,70906.500000,hist_gradient_boosting_31_leaves,64667.998558,-6238.501442,6238.501442,64030.000000,57983.250000
2025-01-06T23:00:00+00:00,2025-01-07,2025-01-06T23:00:00+00:00,2025-01-07T17:00:00+00:00,2025-01-07T18:00:00,20250107,2025-01-07,2025,1,1,January,2,Tuesday,false,18,18:00,19,70520.750000,hist_gradient_boosting_31_leaves,64495.472512,-6025.277488,6025.277488,63560.750000,56908.750000
2025-01-06T23:00:00+00:00,2025-01-07,2025-01-06T23:00:00+00:00,2025-01-07T18:00:00+00:00,2025-01-07T19:00:00,20250107,2025-01-07,2025,1,1,January,2,Tuesday,false,19,19:00,20,68342.250000,hist_gradient_boosting_31_leaves,62785.027243,-5557.222757,5557.222757,62612.500000,54382.750000
2025-01-06T23:00:00+00:00,2025-01-07,2025-01-06T23:00:00+00:00,2025-01-07T19:00:00+00:00,2025-01-07T20:00:00,20250107,2025-01-07,2025,1,1,January,2,Tuesday,false,20,20:00,21,65254.250000,hist_gradient_boosting_31_leaves,60066.646007,-5187.603993,5187.603993,59907.000000,51189.000000
2025-01-06T23:00:00+00:00,2025-01-07,2025-01-06T23:00:00+00:00,2025-01-07T20:00:00+00:00,2025-01-07T21:00:00,20250107,2025-01-07,2025,1,1,January,2,Tuesday,false,21,21:00,22,62170.750000,hist_gradient_boosting_31_leaves,56330.961251,-5839.788749,5839.788749,56590.500000,49336.500000
2025-01-06T23:00:00+00:00,2025-01-07,2025-01-06T23:00:00+00:00,2025-01-07T21:00:00+00:00,2025-01-07T22:00:00,20250107,2025-01-07,2025,1,1,January,2,Tuesday,false,22,22:00,23,58966.750000,hist_gradient_boosting_31_leaves,54124.484905,-4842.265095,4842.265095,53834.500000,48491.250000
2025-01-06T23:00:00+00:00,2025-01-07,2025-01-06T23:00:00+00:00,2025-01-07T22:00:00+00:00,2025-01-07T23:00:00,20250107,2025-01-07,2025,1,1,January,2,Tuesday,false,23,23:00,24,54866.000000,hist_gradient_boosting_31_leaves,52283.164102,-2582.835898,2582.835898,51009.250000,49235.250000
2025-01-07T23:00:00+00:00,2025-01-08,2025-01-07T23:00:00+00:00,2025-01-07T23:00:00+00:00,2025-01-08T00:00:00,20250108,2025-01-08,2025,1,1,January,3,Wednesday,false,0,00:00,1,52615.750000,hist_gradient_boosting_31_leaves,52755.518740,139.768740,139.768740,48570.500000,47741.750000
2025-01-07T23:00:00+00:00,2025-01-08,2025-01-07T23:00:00+00:00,2025-01-08T00:00:00+00:00,2025-01-08T01:00:00,20250108,2025-01-08,2025,1,1,January,3,Wednesday,false,1,01:00,2,50618.250000,hist_gradient_boosting_31_leaves,51382.572992,764.322992,764.322992,47568.750000,46867.250000
2025-01-07T23:00:00+00:00,2025-01-08,2025-01-07T23:00:00+00:00,2025-01-08T01:00:00+00:00,2025-01-08T02:00:00,20250108,2025-01-08,2025,1,1,January,3,Wednesday,false,2,02:00,3,49735.500000,hist_gradient_boosting_31_leaves,50086.208284,350.708284,350.708284,46711.500000,45797.500000
2025-01-07T23:00:00+00:00,2025-01-08,2025-01-07T23:00:00+00:00,2025-01-08T02:00:00+00:00,2025-01-08T03:00:00,20250108,2025-01-08,2025,1,1,January,3,Wednesday,false,3,03:00,4,50203.250000,hist_gradient_boosting_31_leaves,50093.145009,-110.104991,110.104991,46944.500000,44623.500000
2025-01-07T23:00:00+00:00,2025-01-08,2025-01-07T23:00:00+00:00,2025-01-08T03:00:00+00:00,2025-01-08T04:00:00,20250108,2025-01-08,2025,1,1,January,3,Wednesday,false,4,04:00,5,51363.250000,hist_gradient_boosting_31_leaves,51639.472816,276.222816,276.222816,48384.750000,43626.000000
2025-01-07T23:00:00+00:00,2025-01-08,2025-01-07T23:00:00+00:00,2025-01-08T04:00:00+00:00,2025-01-08T05:00:00,20250108,2025-01-08,2025,1,1,January,3,Wednesday,false,5,05:00,6,55071.000000,hist_gradient_boosting_31_leaves,55584.783521,513.783521,513.783521,51117.500000,43838.500000
2025-01-07T23:00:00+00:00,2025-01-08,2025-01-07T23:00:00+00:00,2025-01-08T05:00:00+00:00,2025-01-08T06:00:00,20250108,2025-01-08,2025,1,1,January,3,Wednesday,false,6,06:00,7,62868.500000,hist_gradient_boosting_31_leaves,57715.648433,-5152.851567,5152.851567,58740.000000,43176.000000
2025-01-07T23:00:00+00:00,2025-01-08,2025-01-07T23:00:00+00:00,2025-01-08T06:00:00+00:00,2025-01-08T07:00:00,20250108,2025-01-08,2025,1,1,January,3,Wednesday,false,7,07:00,8,68514.250000,hist_gradient_boosting_31_leaves,61749.460180,-6764.789820,6764.789820,64761.250000,43525.000000
2025-01-07T23:00:00+00:00,2025-01-08,2025-01-07T23:00:00+00:00,2025-01-08T07:00:00+00:00,2025-01-08T08:00:00,20250108,2025-01-08,2025,1,1,January,3,Wednesday,false,8,08:00,9,71626.750000,hist_gradient_boosting_31_leaves,65357.117628,-6269.632372,6269.632372,68201.000000,45659.000000
2025-01-07T23:00:00+00:00,2025-01-08,2025-01-07T23:00:00+00:00,2025-01-08T08:00:00+00:00,2025-01-08T09:00:00,20250108,2025-01-08,2025,1,1,January,3,Wednesday,false,9,09:00,10,71939.500000,hist_gradient_boosting_31_leaves,67322.425804,-4617.074196,4617.074196,68661.750000,47680.000000
2025-01-07T23:00:00+00:00,2025-01-08,2025-01-07T23:00:00+00:00,2025-01-08T09:00:00+00:00,2025-01-08T10:00:00,20250108,2025-01-08,2025,1,1,January,3,Wednesday,false,10,10:00,11,72025.250000,hist_gradient_boosting_31_leaves,67397.867007,-4627.382993,4627.382993,68407.500000,50088.250000
2025-01-07T23:00:00+00:00,2025-01-08,2025-01-07T23:00:00+00:00,2025-01-08T10:00:00+00:00,2025-01-08T11:00:00,20250108,2025-01-08,2025,1,1,January,3,Wednesday,false,11,11:00,12,71006.500000,hist_gradient_boosting_31_leaves,67580.493441,-3426.006559,3426.006559,68895.000000,52089.500000
2025-01-07T23:00:00+00:00,2025-01-08,2025-01-07T23:00:00+00:00,2025-01-08T11:00:00+00:00,2025-01-08T12:00:00,20250108,2025-01-08,2025,1,1,January,3,Wednesday,false,12,12:00,13,70893.000000,hist_gradient_boosting_31_leaves,67896.957504,-2996.042496,2996.042496,69011.250000,53127.750000
2025-01-07T23:00:00+00:00,2025-01-08,2025-01-07T23:00:00+00:00,2025-01-08T12:00:00+00:00,2025-01-08T13:00:00,20250108,2025-01-08,2025,1,1,January,3,Wednesday,false,13,13:00,14,71365.500000,hist_gradient_boosting_31_leaves,66614.015521,-4751.484479,4751.484479,68628.000000,51859.000000
2025-01-07T23:00:00+00:00,2025-01-08,2025-01-07T23:00:00+00:00,2025-01-08T13:00:00+00:00,2025-01-08T14:00:00,20250108,2025-01-08,2025,1,1,January,3,Wednesday,false,14,14:00,15,70151.000000,hist_gradient_boosting_31_leaves,65550.894421,-4600.105579,4600.105579,67788.000000,50763.000000
2025-01-07T23:00:00+00:00,2025-01-08,2025-01-07T23:00:00+00:00,2025-01-08T14:00:00+00:00,2025-01-08T15:00:00,20250108,2025-01-08,2025,1,1,January,3,Wednesday,false,15,15:00,16,69643.500000,hist_gradient_boosting_31_leaves,65673.699306,-3969.800694,3969.800694,67147.500000,51838.000000
2025-01-07T23:00:00+00:00,2025-01-08,2025-01-07T23:00:00+00:00,2025-01-08T15:00:00+00:00,2025-01-08T16:00:00,20250108,2025-01-08,2025,1,1,January,3,Wednesday,false,16,16:00,17,71169.000000,hist_gradient_boosting_31_leaves,66874.780327,-4294.219673,4294.219673,68663.750000,53929.750000
2025-01-07T23:00:00+00:00,2025-01-08,2025-01-07T23:00:00+00:00,2025-01-08T16:00:00+00:00,2025-01-08T17:00:00,20250108,2025-01-08,2025,1,1,January,3,Wednesday,false,17,17:00,18,73128.750000,hist_gradient_boosting_31_leaves,67968.672907,-5160.077093,5160.077093,70906.500000,55772.250000
2025-01-07T23:00:00+00:00,2025-01-08,2025-01-07T23:00:00+00:00,2025-01-08T17:00:00+00:00,2025-01-08T18:00:00,20250108,2025-01-08,2025,1,1,January,3,Wednesday,false,18,18:00,19,72277.000000,hist_gradient_boosting_31_leaves,68099.919172,-4177.080828,4177.080828,70520.750000,55923.750000
2025-01-07T23:00:00+00:00,2025-01-08,2025-01-07T23:00:00+00:00,2025-01-08T18:00:00+00:00,2025-01-08T19:00:00,20250108,2025-01-08,2025,1,1,January,3,Wednesday,false,19,19:00,20,70094.500000,hist_gradient_boosting_31_leaves,66038.561772,-4055.938228,4055.938228,68342.250000,54756.250000
2025-01-07T23:00:00+00:00,2025-01-08,2025-01-07T23:00:00+00:00,2025-01-08T19:00:00+00:00,2025-01-08T20:00:00,20250108,2025-01-08,2025,1,1,January,3,Wednesday,false,20,20:00,21,66488.250000,hist_gradient_boosting_31_leaves,63952.024281,-2536.225719,2536.225719,65254.250000,52526.500000
2025-01-07T23:00:00+00:00,2025-01-08,2025-01-07T23:00:00+00:00,2025-01-08T20:00:00+00:00,2025-01-08T21:00:00,20250108,2025-01-08,2025,1,1,January,3,Wednesday,false,21,21:00,22,62208.500000,hist_gradient_boosting_31_leaves,61139.680417,-1068.819583,1068.819583,62170.750000,50685.750000
2025-01-07T23:00:00+00:00,2025-01-08,2025-01-07T23:00:00+00:00,2025-01-08T21:00:00+00:00,2025-01-08T22:00:00,20250108,2025-01-08,2025,1,1,January,3,Wednesday,false,22,22:00,23,59055.750000,hist_gradient_boosting_31_leaves,59093.749351,37.999351,37.999351,58966.750000,48596.000000
2025-01-07T23:00:00+00:00,2025-01-08,2025-01-07T23:00:00+00:00,2025-01-08T22:00:00+00:00,2025-01-08T23:00:00,20250108,2025-01-08,2025,1,1,January,3,Wednesday,false,23,23:00,24,54704.000000,hist_gradient_boosting_31_leaves,55105.131195,401.131195,401.131195,54866.000000,46001.750000
2025-01-08T23:00:00+00:00,2025-01-09,2025-01-08T23:00:00+00:00,2025-01-08T23:00:00+00:00,2025-01-09T00:00:00,20250109,2025-01-09,2025,1,1,January,4,Thursday,false,0,00:00,1,51341.250000,hist_gradient_boosting_31_leaves,53065.803217,1724.553217,1724.553217,52615.750000,44101.500000
2025-01-08T23:00:00+00:00,2025-01-09,2025-01-08T23:00:00+00:00,2025-01-09T00:00:00+00:00,2025-01-09T01:00:00,20250109,2025-01-09,2025,1,1,January,4,Thursday,false,1,01:00,2,49526.500000,hist_gradient_boosting_31_leaves,52385.360272,2858.860272,2858.860272,50618.250000,42051.750000
2025-01-08T23:00:00+00:00,2025-01-09,2025-01-08T23:00:00+00:00,2025-01-09T01:00:00+00:00,2025-01-09T02:00:00,20250109,2025-01-09,2025,1,1,January,4,Thursday,false,2,02:00,3,48386.500000,hist_gradient_boosting_31_leaves,50431.958150,2045.458150,2045.458150,49735.500000,41234.500000
2025-01-08T23:00:00+00:00,2025-01-09,2025-01-08T23:00:00+00:00,2025-01-09T02:00:00+00:00,2025-01-09T03:00:00,20250109,2025-01-09,2025,1,1,January,4,Thursday,false,3,03:00,4,48201.750000,hist_gradient_boosting_31_leaves,52115.783473,3914.033473,3914.033473,50203.250000,41547.500000
2025-01-08T23:00:00+00:00,2025-01-09,2025-01-08T23:00:00+00:00,2025-01-09T03:00:00+00:00,2025-01-09T04:00:00,20250109,2025-01-09,2025,1,1,January,4,Thursday,false,4,04:00,5,48949.250000,hist_gradient_boosting_31_leaves,52761.311878,3812.061878,3812.061878,51363.250000,42063.000000
2025-01-08T23:00:00+00:00,2025-01-09,2025-01-08T23:00:00+00:00,2025-01-09T04:00:00+00:00,2025-01-09T05:00:00,20250109,2025-01-09,2025,1,1,January,4,Thursday,false,5,05:00,6,51998.750000,hist_gradient_boosting_31_leaves,54605.253633,2606.503633,2606.503633,55071.000000,44061.750000
2025-01-08T23:00:00+00:00,2025-01-09,2025-01-08T23:00:00+00:00,2025-01-09T05:00:00+00:00,2025-01-09T06:00:00,20250109,2025-01-09,2025,1,1,January,4,Thursday,false,6,06:00,7,58810.250000,hist_gradient_boosting_31_leaves,60250.296466,1440.046466,1440.046466,62868.500000,49523.000000
2025-01-08T23:00:00+00:00,2025-01-09,2025-01-08T23:00:00+00:00,2025-01-09T06:00:00+00:00,2025-01-09T07:00:00,20250109,2025-01-09,2025,1,1,January,4,Thursday,false,7,07:00,8,64749.250000,hist_gradient_boosting_31_leaves,65954.392165,1205.142165,1205.142165,68514.250000,53621.500000
2025-01-08T23:00:00+00:00,2025-01-09,2025-01-08T23:00:00+00:00,2025-01-09T07:00:00+00:00,2025-01-09T08:00:00,20250109,2025-01-09,2025,1,1,January,4,Thursday,false,8,08:00,9,67587.500000,hist_gradient_boosting_31_leaves,68426.429617,838.929617,838.929617,71626.750000,57052.000000
2025-01-08T23:00:00+00:00,2025-01-09,2025-01-08T23:00:00+00:00,2025-01-09T08:00:00+00:00,2025-01-09T09:00:00,20250109,2025-01-09,2025,1,1,January,4,Thursday,false,9,09:00,10,68350.250000,hist_gradient_boosting_31_leaves,68291.168371,-59.081629,59.081629,71939.500000,59258.500000
2025-01-08T23:00:00+00:00,2025-01-09,2025-01-08T23:00:00+00:00,2025-01-09T09:00:00+00:00,2025-01-09T10:00:00,20250109,2025-01-09,2025,1,1,January,4,Thursday,false,10,10:00,11,68940.750000,hist_gradient_boosting_31_leaves,68582.431178,-358.318822,358.318822,72025.250000,59896.000000
2025-01-08T23:00:00+00:00,2025-01-09,2025-01-08T23:00:00+00:00,2025-01-09T10:00:00+00:00,2025-01-09T11:00:00,20250109,2025-01-09,2025,1,1,January,4,Thursday,false,11,11:00,12,70063.500000,hist_gradient_boosting_31_leaves,69273.641349,-789.858651,789.858651,71006.500000,60934.250000
2025-01-08T23:00:00+00:00,2025-01-09,2025-01-08T23:00:00+00:00,2025-01-09T11:00:00+00:00,2025-01-09T12:00:00,20250109,2025-01-09,2025,1,1,January,4,Thursday,false,12,12:00,13,70005.250000,hist_gradient_boosting_31_leaves,69207.705098,-797.544902,797.544902,70893.000000,61626.750000
2025-01-08T23:00:00+00:00,2025-01-09,2025-01-08T23:00:00+00:00,2025-01-09T12:00:00+00:00,2025-01-09T13:00:00,20250109,2025-01-09,2025,1,1,January,4,Thursday,false,13,13:00,14,69942.750000,hist_gradient_boosting_31_leaves,68840.655799,-1102.094201,1102.094201,71365.500000,61145.500000
2025-01-08T23:00:00+00:00,2025-01-09,2025-01-08T23:00:00+00:00,2025-01-09T13:00:00+00:00,2025-01-09T14:00:00,20250109,2025-01-09,2025,1,1,January,4,Thursday,false,14,14:00,15,68666.500000,hist_gradient_boosting_31_leaves,67717.610651,-948.889349,948.889349,70151.000000,59869.500000
2025-01-08T23:00:00+00:00,2025-01-09,2025-01-08T23:00:00+00:00,2025-01-09T14:00:00+00:00,2025-01-09T15:00:00,20250109,2025-01-09,2025,1,1,January,4,Thursday,false,15,15:00,16,68122.750000,hist_gradient_boosting_31_leaves,67615.220497,-507.529503,507.529503,69643.500000,59600.500000
2025-01-08T23:00:00+00:00,2025-01-09,2025-01-08T23:00:00+00:00,2025-01-09T15:00:00+00:00,2025-01-09T16:00:00,20250109,2025-01-09,2025,1,1,January,4,Thursday,false,16,16:00,17,68956.250000,hist_gradient_boosting_31_leaves,68550.230635,-406.019365,406.019365,71169.000000,60662.500000
2025-01-08T23:00:00+00:00,2025-01-09,2025-01-08T23:00:00+00:00,2025-01-09T16:00:00+00:00,2025-01-09T17:00:00,20250109,2025-01-09,2025,1,1,January,4,Thursday,false,17,17:00,18,71044.500000,hist_gradient_boosting_31_leaves,70228.323812,-816.176188,816.176188,73128.750000,62803.500000
2025-01-08T23:00:00+00:00,2025-01-09,2025-01-08T23:00:00+00:00,2025-01-09T17:00:00+00:00,2025-01-09T18:00:00,20250109,2025-01-09,2025,1,1,January,4,Thursday,false,18,18:00,19,70797.000000,hist_gradient_boosting_31_leaves,70015.014659,-781.985341,781.985341,72277.000000,62897.000000
2025-01-08T23:00:00+00:00,2025-01-09,2025-01-08T23:00:00+00:00,2025-01-09T18:00:00+00:00,2025-01-09T19:00:00,20250109,2025-01-09,2025,1,1,January,4,Thursday,false,19,19:00,20,69022.000000,hist_gradient_boosting_31_leaves,68548.380799,-473.619201,473.619201,70094.500000,61916.000000
2025-01-08T23:00:00+00:00,2025-01-09,2025-01-08T23:00:00+00:00,2025-01-09T19:00:00+00:00,2025-01-09T20:00:00,20250109,2025-01-09,2025,1,1,January,4,Thursday,false,20,20:00,21,65786.500000,hist_gradient_boosting_31_leaves,65573.672262,-212.827738,212.827738,66488.250000,58895.000000
2025-01-08T23:00:00+00:00,2025-01-09,2025-01-08T23:00:00+00:00,2025-01-09T20:00:00+00:00,2025-01-09T21:00:00,20250109,2025-01-09,2025,1,1,January,4,Thursday,false,21,21:00,22,62297.750000,hist_gradient_boosting_31_leaves,63157.041216,859.291216,859.291216,62208.500000,56334.000000
2025-01-08T23:00:00+00:00,2025-01-09,2025-01-08T23:00:00+00:00,2025-01-09T21:00:00+00:00,2025-01-09T22:00:00,20250109,2025-01-09,2025,1,1,January,4,Thursday,false,22,22:00,23,59569.500000,hist_gradient_boosting_31_leaves,60116.048756,546.548756,546.548756,59055.750000,54131.000000
2025-01-08T23:00:00+00:00,2025-01-09,2025-01-08T23:00:00+00:00,2025-01-09T22:00:00+00:00,2025-01-09T23:00:00,20250109,2025-01-09,2025,1,1,January,4,Thursday,false,23,23:00,24,56260.500000,hist_gradient_boosting_31_leaves,55242.949123,-1017.550877,1017.550877,54704.000000,50779.750000
2025-01-09T23:00:00+00:00,2025-01-10,2025-01-09T23:00:00+00:00,2025-01-09T23:00:00+00:00,2025-01-10T00:00:00,20250110,2025-01-10,2025,1,1,January,5,Friday,false,0,00:00,1,55138.500000,hist_gradient_boosting_31_leaves,53460.726952,-1677.773048,1677.773048,51341.250000,47627.500000
2025-01-09T23:00:00+00:00,2025-01-10,2025-01-09T23:00:00+00:00,2025-01-10T00:00:00+00:00,2025-01-10T01:00:00,20250110,2025-01-10,2025,1,1,January,5,Friday,false,1,01:00,2,53434.250000,hist_gradient_boosting_31_leaves,51020.442882,-2413.807118,2413.807118,49526.500000,45932.500000
2025-01-09T23:00:00+00:00,2025-01-10,2025-01-09T23:00:00+00:00,2025-01-10T01:00:00+00:00,2025-01-10T02:00:00,20250110,2025-01-10,2025,1,1,January,5,Friday,false,2,02:00,3,52668.000000,hist_gradient_boosting_31_leaves,49994.652162,-2673.347838,2673.347838,48386.500000,45574.500000
2025-01-09T23:00:00+00:00,2025-01-10,2025-01-09T23:00:00+00:00,2025-01-10T02:00:00+00:00,2025-01-10T03:00:00,20250110,2025-01-10,2025,1,1,January,5,Friday,false,3,03:00,4,52675.000000,hist_gradient_boosting_31_leaves,50376.719378,-2298.280622,2298.280622,48201.750000,45858.250000
2025-01-09T23:00:00+00:00,2025-01-10,2025-01-09T23:00:00+00:00,2025-01-10T03:00:00+00:00,2025-01-10T04:00:00,20250110,2025-01-10,2025,1,1,January,5,Friday,false,4,04:00,5,53536.500000,hist_gradient_boosting_31_leaves,51003.293406,-2533.206594,2533.206594,48949.250000,47150.750000
2025-01-09T23:00:00+00:00,2025-01-10,2025-01-09T23:00:00+00:00,2025-01-10T04:00:00+00:00,2025-01-10T05:00:00,20250110,2025-01-10,2025,1,1,January,5,Friday,false,5,05:00,6,56019.500000,hist_gradient_boosting_31_leaves,53982.156817,-2037.343183,2037.343183,51998.750000,49193.750000
2025-01-09T23:00:00+00:00,2025-01-10,2025-01-09T23:00:00+00:00,2025-01-10T05:00:00+00:00,2025-01-10T06:00:00,20250110,2025-01-10,2025,1,1,January,5,Friday,false,6,06:00,7,62721.500000,hist_gradient_boosting_31_leaves,61346.973593,-1374.526407,1374.526407,58810.250000,52651.500000
2025-01-09T23:00:00+00:00,2025-01-10,2025-01-09T23:00:00+00:00,2025-01-10T06:00:00+00:00,2025-01-10T07:00:00,20250110,2025-01-10,2025,1,1,January,5,Friday,false,7,07:00,8,68317.000000,hist_gradient_boosting_31_leaves,65203.764692,-3113.235308,3113.235308,64749.250000,56063.250000
2025-01-09T23:00:00+00:00,2025-01-10,2025-01-09T23:00:00+00:00,2025-01-10T07:00:00+00:00,2025-01-10T08:00:00,20250110,2025-01-10,2025,1,1,January,5,Friday,false,8,08:00,9,70742.250000,hist_gradient_boosting_31_leaves,67092.675886,-3649.574114,3649.574114,67587.500000,59124.000000
2025-01-09T23:00:00+00:00,2025-01-10,2025-01-09T23:00:00+00:00,2025-01-10T08:00:00+00:00,2025-01-10T09:00:00,20250110,2025-01-10,2025,1,1,January,5,Friday,false,9,09:00,10,71301.750000,hist_gradient_boosting_31_leaves,69206.977549,-2094.772451,2094.772451,68350.250000,60690.500000
2025-01-09T23:00:00+00:00,2025-01-10,2025-01-09T23:00:00+00:00,2025-01-10T09:00:00+00:00,2025-01-10T10:00:00,20250110,2025-01-10,2025,1,1,January,5,Friday,false,10,10:00,11,71942.500000,hist_gradient_boosting_31_leaves,69461.749495,-2480.750505,2480.750505,68940.750000,61872.500000
2025-01-09T23:00:00+00:00,2025-01-10,2025-01-09T23:00:00+00:00,2025-01-10T10:00:00+00:00,2025-01-10T11:00:00,20250110,2025-01-10,2025,1,1,January,5,Friday,false,11,11:00,12,71368.000000,hist_gradient_boosting_31_leaves,70386.305353,-981.694647,981.694647,70063.500000,62822.250000
2025-01-09T23:00:00+00:00,2025-01-10,2025-01-09T23:00:00+00:00,2025-01-10T11:00:00+00:00,2025-01-10T12:00:00,20250110,2025-01-10,2025,1,1,January,5,Friday,false,12,12:00,13,71172.750000,hist_gradient_boosting_31_leaves,70884.100832,-288.649168,288.649168,70005.250000,63411.250000
2025-01-09T23:00:00+00:00,2025-01-10,2025-01-09T23:00:00+00:00,2025-01-10T12:00:00+00:00,2025-01-10T13:00:00,20250110,2025-01-10,2025,1,1,January,5,Friday,false,13,13:00,14,69824.500000,hist_gradient_boosting_31_leaves,69230.057279,-594.442721,594.442721,69942.750000,62371.500000
2025-01-09T23:00:00+00:00,2025-01-10,2025-01-09T23:00:00+00:00,2025-01-10T13:00:00+00:00,2025-01-10T14:00:00,20250110,2025-01-10,2025,1,1,January,5,Friday,false,14,14:00,15,68170.750000,hist_gradient_boosting_31_leaves,68103.233845,-67.516155,67.516155,68666.500000,62046.750000
2025-01-09T23:00:00+00:00,2025-01-10,2025-01-09T23:00:00+00:00,2025-01-10T14:00:00+00:00,2025-01-10T15:00:00,20250110,2025-01-10,2025,1,1,January,5,Friday,false,15,15:00,16,68040.750000,hist_gradient_boosting_31_leaves,67792.313457,-248.436543,248.436543,68122.750000,62152.500000
2025-01-09T23:00:00+00:00,2025-01-10,2025-01-09T23:00:00+00:00,2025-01-10T15:00:00+00:00,2025-01-10T16:00:00,20250110,2025-01-10,2025,1,1,January,5,Friday,false,16,16:00,17,68644.750000,hist_gradient_boosting_31_leaves,68865.302586,220.552586,220.552586,68956.250000,63092.500000
2025-01-09T23:00:00+00:00,2025-01-10,2025-01-09T23:00:00+00:00,2025-01-10T16:00:00+00:00,2025-01-10T17:00:00,20250110,2025-01-10,2025,1,1,January,5,Friday,false,17,17:00,18,70625.500000,hist_gradient_boosting_31_leaves,70625.486431,-0.013569,0.013569,71044.500000,65361.750000
2025-01-09T23:00:00+00:00,2025-01-10,2025-01-09T23:00:00+00:00,2025-01-10T17:00:00+00:00,2025-01-10T18:00:00,20250110,2025-01-10,2025,1,1,January,5,Friday,false,18,18:00,19,70088.500000,hist_gradient_boosting_31_leaves,70547.671684,459.171684,459.171684,70797.000000,64411.000000
2025-01-09T23:00:00+00:00,2025-01-10,2025-01-09T23:00:00+00:00,2025-01-10T18:00:00+00:00,2025-01-10T19:00:00,20250110,2025-01-10,2025,1,1,January,5,Friday,false,19,19:00,20,68347.750000,hist_gradient_boosting_31_leaves,68835.832051,488.082051,488.082051,69022.000000,62883.250000
2025-01-09T23:00:00+00:00,2025-01-10,2025-01-09T23:00:00+00:00,2025-01-10T19:00:00+00:00,2025-01-10T20:00:00,20250110,2025-01-10,2025,1,1,January,5,Friday,false,20,20:00,21,64872.250000,hist_gradient_boosting_31_leaves,65594.165685,721.915685,721.915685,65786.500000,60086.000000
2025-01-09T23:00:00+00:00,2025-01-10,2025-01-09T23:00:00+00:00,2025-01-10T20:00:00+00:00,2025-01-10T21:00:00,20250110,2025-01-10,2025,1,1,January,5,Friday,false,21,21:00,22,61800.500000,hist_gradient_boosting_31_leaves,62354.475351,553.975351,553.975351,62297.750000,58168.500000
2025-01-09T23:00:00+00:00,2025-01-10,2025-01-09T23:00:00+00:00,2025-01-10T21:00:00+00:00,2025-01-10T22:00:00,20250110,2025-01-10,2025,1,1,January,5,Friday,false,22,22:00,23,58758.750000,hist_gradient_boosting_31_leaves,59383.630673,624.880673,624.880673,59569.500000,55472.250000
2025-01-09T23:00:00+00:00,2025-01-10,2025-01-09T23:00:00+00:00,2025-01-10T22:00:00+00:00,2025-01-10T23:00:00,20250110,2025-01-10,2025,1,1,January,5,Friday,false,23,23:00,24,55585.250000,hist_gradient_boosting_31_leaves,57254.872365,1669.622365,1669.622365,56260.500000,52747.750000
2025-01-10T23:00:00+00:00,2025-01-11,2025-01-10T23:00:00+00:00,2025-01-10T23:00:00+00:00,2025-01-11T00:00:00,20250111,2025-01-11,2025,1,1,January,6,Saturday,true,0,00:00,1,52634.500000,hist_gradient_boosting_31_leaves,54303.177017,1668.677017,1668.677017,55138.500000,50248.000000
2025-01-10T23:00:00+00:00,2025-01-11,2025-01-10T23:00:00+00:00,2025-01-11T00:00:00+00:00,2025-01-11T01:00:00,20250111,2025-01-11,2025,1,1,January,6,Saturday,true,1,01:00,2,50172.500000,hist_gradient_boosting_31_leaves,52813.425788,2640.925788,2640.925788,53434.250000,48370.500000
2025-01-10T23:00:00+00:00,2025-01-11,2025-01-10T23:00:00+00:00,2025-01-11T01:00:00+00:00,2025-01-11T02:00:00,20250111,2025-01-11,2025,1,1,January,6,Saturday,true,2,02:00,3,48816.250000,hist_gradient_boosting_31_leaves,51089.032202,2272.782202,2272.782202,52668.000000,46208.500000
2025-01-10T23:00:00+00:00,2025-01-11,2025-01-10T23:00:00+00:00,2025-01-11T02:00:00+00:00,2025-01-11T03:00:00,20250111,2025-01-11,2025,1,1,January,6,Saturday,true,3,03:00,4,48908.250000,hist_gradient_boosting_31_leaves,49757.704131,849.454131,849.454131,52675.000000,45090.000000
2025-01-10T23:00:00+00:00,2025-01-11,2025-01-10T23:00:00+00:00,2025-01-11T03:00:00+00:00,2025-01-11T04:00:00,20250111,2025-01-11,2025,1,1,January,6,Saturday,true,4,04:00,5,49297.000000,hist_gradient_boosting_31_leaves,49239.217827,-57.782173,57.782173,53536.500000,44312.250000
2025-01-10T23:00:00+00:00,2025-01-11,2025-01-10T23:00:00+00:00,2025-01-11T04:00:00+00:00,2025-01-11T05:00:00,20250111,2025-01-11,2025,1,1,January,6,Saturday,true,5,05:00,6,49129.750000,hist_gradient_boosting_31_leaves,49446.688582,316.938582,316.938582,56019.500000,44038.250000
2025-01-10T23:00:00+00:00,2025-01-11,2025-01-10T23:00:00+00:00,2025-01-11T05:00:00+00:00,2025-01-11T06:00:00,20250111,2025-01-11,2025,1,1,January,6,Saturday,true,6,06:00,7,50249.250000,hist_gradient_boosting_31_leaves,50774.258707,525.008707,525.008707,62721.500000,45084.750000
2025-01-10T23:00:00+00:00,2025-01-11,2025-01-10T23:00:00+00:00,2025-01-11T06:00:00+00:00,2025-01-11T07:00:00,20250111,2025-01-11,2025,1,1,January,6,Saturday,true,7,07:00,8,52542.000000,hist_gradient_boosting_31_leaves,54534.686952,1992.686952,1992.686952,68317.000000,47136.250000
2025-01-10T23:00:00+00:00,2025-01-11,2025-01-10T23:00:00+00:00,2025-01-11T07:00:00+00:00,2025-01-11T08:00:00,20250111,2025-01-11,2025,1,1,January,6,Saturday,true,8,08:00,9,55945.750000,hist_gradient_boosting_31_leaves,56833.621791,887.871791,887.871791,70742.250000,50505.750000
2025-01-10T23:00:00+00:00,2025-01-11,2025-01-10T23:00:00+00:00,2025-01-11T08:00:00+00:00,2025-01-11T09:00:00,20250111,2025-01-11,2025,1,1,January,6,Saturday,true,9,09:00,10,57341.500000,hist_gradient_boosting_31_leaves,61125.176241,3783.676241,3783.676241,71301.750000,53599.000000
2025-01-10T23:00:00+00:00,2025-01-11,2025-01-10T23:00:00+00:00,2025-01-11T09:00:00+00:00,2025-01-11T10:00:00,20250111,2025-01-11,2025,1,1,January,6,Saturday,true,10,10:00,11,58715.750000,hist_gradient_boosting_31_leaves,63026.265479,4310.515479,4310.515479,71942.500000,55556.000000
2025-01-10T23:00:00+00:00,2025-01-11,2025-01-10T23:00:00+00:00,2025-01-11T10:00:00+00:00,2025-01-11T11:00:00,20250111,2025-01-11,2025,1,1,January,6,Saturday,true,11,11:00,12,59783.750000,hist_gradient_boosting_31_leaves,63999.465705,4215.715705,4215.715705,71368.000000,57750.250000
2025-01-10T23:00:00+00:00,2025-01-11,2025-01-10T23:00:00+00:00,2025-01-11T11:00:00+00:00,2025-01-11T12:00:00,20250111,2025-01-11,2025,1,1,January,6,Saturday,true,12,12:00,13,59532.000000,hist_gradient_boosting_31_leaves,64085.587081,4553.587081,4553.587081,71172.750000,58111.250000
2025-01-10T23:00:00+00:00,2025-01-11,2025-01-10T23:00:00+00:00,2025-01-11T12:00:00+00:00,2025-01-11T13:00:00,20250111,2025-01-11,2025,1,1,January,6,Saturday,true,13,13:00,14,58830.500000,hist_gradient_boosting_31_leaves,63453.727686,4623.227686,4623.227686,69824.500000,57128.000000
2025-01-10T23:00:00+00:00,2025-01-11,2025-01-10T23:00:00+00:00,2025-01-11T13:00:00+00:00,2025-01-11T14:00:00,20250111,2025-01-11,2025,1,1,January,6,Saturday,true,14,14:00,15,58312.750000,hist_gradient_boosting_31_leaves,62248.989921,3936.239921,3936.239921,68170.750000,56241.000000
2025-01-10T23:00:00+00:00,2025-01-11,2025-01-10T23:00:00+00:00,2025-01-11T14:00:00+00:00,2025-01-11T15:00:00,20250111,2025-01-11,2025,1,1,January,6,Saturday,true,15,15:00,16,59321.250000,hist_gradient_boosting_31_leaves,61603.400275,2282.150275,2282.150275,68040.750000,56503.750000
2025-01-10T23:00:00+00:00,2025-01-11,2025-01-10T23:00:00+00:00,2025-01-11T15:00:00+00:00,2025-01-11T16:00:00,20250111,2025-01-11,2025,1,1,January,6,Saturday,true,16,16:00,17,60937.500000,hist_gradient_boosting_31_leaves,63034.365848,2096.865848,2096.865848,68644.750000,58277.250000
2025-01-10T23:00:00+00:00,2025-01-11,2025-01-10T23:00:00+00:00,2025-01-11T16:00:00+00:00,2025-01-11T17:00:00,20250111,2025-01-11,2025,1,1,January,6,Saturday,true,17,17:00,18,64393.250000,hist_gradient_boosting_31_leaves,64526.858471,133.608471,133.608471,70625.500000,60529.500000
2025-01-10T23:00:00+00:00,2025-01-11,2025-01-10T23:00:00+00:00,2025-01-11T17:00:00+00:00,2025-01-11T18:00:00,20250111,2025-01-11,2025,1,1,January,6,Saturday,true,18,18:00,19,64192.000000,hist_gradient_boosting_31_leaves,64726.981095,534.981095,534.981095,70088.500000,60559.750000
2025-01-10T23:00:00+00:00,2025-01-11,2025-01-10T23:00:00+00:00,2025-01-11T18:00:00+00:00,2025-01-11T19:00:00,20250111,2025-01-11,2025,1,1,January,6,Saturday,true,19,19:00,20,62785.500000,hist_gradient_boosting_31_leaves,63589.091665,803.591665,803.591665,68347.750000,58881.000000
2025-01-10T23:00:00+00:00,2025-01-11,2025-01-10T23:00:00+00:00,2025-01-11T19:00:00+00:00,2025-01-11T20:00:00,20250111,2025-01-11,2025,1,1,January,6,Saturday,true,20,20:00,21,59517.500000,hist_gradient_boosting_31_leaves,60503.135642,985.635642,985.635642,64872.250000,55581.000000
2025-01-10T23:00:00+00:00,2025-01-11,2025-01-10T23:00:00+00:00,2025-01-11T20:00:00+00:00,2025-01-11T21:00:00,20250111,2025-01-11,2025,1,1,January,6,Saturday,true,21,21:00,22,56842.000000,hist_gradient_boosting_31_leaves,57993.415244,1151.415244,1151.415244,61800.500000,53295.500000
2025-01-10T23:00:00+00:00,2025-01-11,2025-01-10T23:00:00+00:00,2025-01-11T21:00:00+00:00,2025-01-11T22:00:00,20250111,2025-01-11,2025,1,1,January,6,Saturday,true,22,22:00,23,54588.000000,hist_gradient_boosting_31_leaves,56052.583581,1464.583581,1464.583581,58758.750000,52316.500000
2025-01-10T23:00:00+00:00,2025-01-11,2025-01-10T23:00:00+00:00,2025-01-11T22:00:00+00:00,2025-01-11T23:00:00,20250111,2025-01-11,2025,1,1,January,6,Saturday,true,23,23:00,24,51575.500000,hist_gradient_boosting_31_leaves,53410.014850,1834.514850,1834.514850,55585.250000,49240.500000
2025-01-11T23:00:00+00:00,2025-01-12,2025-01-11T23:00:00+00:00,2025-01-11T23:00:00+00:00,2025-01-12T00:00:00,20250112,2025-01-12,2025,1,1,January,7,Sunday,true,0,00:00,1,49568.500000,hist_gradient_boosting_31_leaves,50225.302369,656.802369,656.802369,52634.500000,46651.500000
2025-01-11T23:00:00+00:00,2025-01-12,2025-01-11T23:00:00+00:00,2025-01-12T00:00:00+00:00,2025-01-12T01:00:00,20250112,2025-01-12,2025,1,1,January,7,Sunday,true,1,01:00,2,48110.000000,hist_gradient_boosting_31_leaves,46923.416303,-1186.583697,1186.583697,50172.500000,43846.500000
2025-01-11T23:00:00+00:00,2025-01-12,2025-01-11T23:00:00+00:00,2025-01-12T01:00:00+00:00,2025-01-12T02:00:00,20250112,2025-01-12,2025,1,1,January,7,Sunday,true,2,02:00,3,47573.000000,hist_gradient_boosting_31_leaves,45383.863568,-2189.136432,2189.136432,48816.250000,42538.500000
2025-01-11T23:00:00+00:00,2025-01-12,2025-01-11T23:00:00+00:00,2025-01-12T02:00:00+00:00,2025-01-12T03:00:00,20250112,2025-01-12,2025,1,1,January,7,Sunday,true,3,03:00,4,47288.750000,hist_gradient_boosting_31_leaves,44896.839609,-2391.910391,2391.910391,48908.250000,41941.750000
2025-01-11T23:00:00+00:00,2025-01-12,2025-01-11T23:00:00+00:00,2025-01-12T03:00:00+00:00,2025-01-12T04:00:00,20250112,2025-01-12,2025,1,1,January,7,Sunday,true,4,04:00,5,47065.250000,hist_gradient_boosting_31_leaves,45322.397991,-1742.852009,1742.852009,49297.000000,41672.750000
2025-01-11T23:00:00+00:00,2025-01-12,2025-01-11T23:00:00+00:00,2025-01-12T04:00:00+00:00,2025-01-12T05:00:00,20250112,2025-01-12,2025,1,1,January,7,Sunday,true,5,05:00,6,47240.750000,hist_gradient_boosting_31_leaves,45719.981479,-1520.768521,1520.768521,49129.750000,42087.750000
2025-01-11T23:00:00+00:00,2025-01-12,2025-01-11T23:00:00+00:00,2025-01-12T05:00:00+00:00,2025-01-12T06:00:00,20250112,2025-01-12,2025,1,1,January,7,Sunday,true,6,06:00,7,47021.500000,hist_gradient_boosting_31_leaves,46643.003568,-378.496432,378.496432,50249.250000,43356.000000
2025-01-11T23:00:00+00:00,2025-01-12,2025-01-11T23:00:00+00:00,2025-01-12T06:00:00+00:00,2025-01-12T07:00:00,20250112,2025-01-12,2025,1,1,January,7,Sunday,true,7,07:00,8,48476.500000,hist_gradient_boosting_31_leaves,48121.282079,-355.217921,355.217921,52542.000000,44689.000000
2025-01-11T23:00:00+00:00,2025-01-12,2025-01-11T23:00:00+00:00,2025-01-12T07:00:00+00:00,2025-01-12T08:00:00,20250112,2025-01-12,2025,1,1,January,7,Sunday,true,8,08:00,9,51547.000000,hist_gradient_boosting_31_leaves,52144.658810,597.658810,597.658810,55945.750000,47732.000000
2025-01-11T23:00:00+00:00,2025-01-12,2025-01-11T23:00:00+00:00,2025-01-12T08:00:00+00:00,2025-01-12T09:00:00,20250112,2025-01-12,2025,1,1,January,7,Sunday,true,9,09:00,10,53799.000000,hist_gradient_boosting_31_leaves,55797.347321,1998.347321,1998.347321,57341.500000,51815.250000
2025-01-11T23:00:00+00:00,2025-01-12,2025-01-11T23:00:00+00:00,2025-01-12T09:00:00+00:00,2025-01-12T10:00:00,20250112,2025-01-12,2025,1,1,January,7,Sunday,true,10,10:00,11,55928.750000,hist_gradient_boosting_31_leaves,58520.362133,2591.612133,2591.612133,58715.750000,54401.500000
2025-01-11T23:00:00+00:00,2025-01-12,2025-01-11T23:00:00+00:00,2025-01-12T10:00:00+00:00,2025-01-12T11:00:00,20250112,2025-01-12,2025,1,1,January,7,Sunday,true,11,11:00,12,57980.500000,hist_gradient_boosting_31_leaves,59704.239373,1723.739373,1723.739373,59783.750000,57258.000000
2025-01-11T23:00:00+00:00,2025-01-12,2025-01-11T23:00:00+00:00,2025-01-12T11:00:00+00:00,2025-01-12T12:00:00,20250112,2025-01-12,2025,1,1,January,7,Sunday,true,12,12:00,13,57379.000000,hist_gradient_boosting_31_leaves,59634.071924,2255.071924,2255.071924,59532.000000,57775.250000
2025-01-11T23:00:00+00:00,2025-01-12,2025-01-11T23:00:00+00:00,2025-01-12T12:00:00+00:00,2025-01-12T13:00:00,20250112,2025-01-12,2025,1,1,January,7,Sunday,true,13,13:00,14,54996.250000,hist_gradient_boosting_31_leaves,58696.240818,3699.990818,3699.990818,58830.500000,56015.250000
2025-01-11T23:00:00+00:00,2025-01-12,2025-01-11T23:00:00+00:00,2025-01-12T13:00:00+00:00,2025-01-12T14:00:00,20250112,2025-01-12,2025,1,1,January,7,Sunday,true,14,14:00,15,53568.000000,hist_gradient_boosting_31_leaves,58271.130018,4703.130018,4703.130018,58312.750000,55069.000000
2025-01-11T23:00:00+00:00,2025-01-12,2025-01-11T23:00:00+00:00,2025-01-12T14:00:00+00:00,2025-01-12T15:00:00,20250112,2025-01-12,2025,1,1,January,7,Sunday,true,15,15:00,16,53008.500000,hist_gradient_boosting_31_leaves,59065.432475,6056.932475,6056.932475,59321.250000,55471.500000
2025-01-11T23:00:00+00:00,2025-01-12,2025-01-11T23:00:00+00:00,2025-01-12T15:00:00+00:00,2025-01-12T16:00:00,20250112,2025-01-12,2025,1,1,January,7,Sunday,true,16,16:00,17,55137.750000,hist_gradient_boosting_31_leaves,61080.591807,5942.841807,5942.841807,60937.500000,57814.750000
2025-01-11T23:00:00+00:00,2025-01-12,2025-01-11T23:00:00+00:00,2025-01-12T16:00:00+00:00,2025-01-12T17:00:00,20250112,2025-01-12,2025,1,1,January,7,Sunday,true,17,17:00,18,59192.500000,hist_gradient_boosting_31_leaves,63542.662958,4350.162958,4350.162958,64393.250000,59952.750000
2025-01-11T23:00:00+00:00,2025-01-12,2025-01-11T23:00:00+00:00,2025-01-12T17:00:00+00:00,2025-01-12T18:00:00,20250112,2025-01-12,2025,1,1,January,7,Sunday,true,18,18:00,19,60136.250000,hist_gradient_boosting_31_leaves,63688.873249,3552.623249,3552.623249,64192.000000,60078.250000
2025-01-11T23:00:00+00:00,2025-01-12,2025-01-11T23:00:00+00:00,2025-01-12T18:00:00+00:00,2025-01-12T19:00:00,20250112,2025-01-12,2025,1,1,January,7,Sunday,true,19,19:00,20,58899.500000,hist_gradient_boosting_31_leaves,62359.685031,3460.185031,3460.185031,62785.500000,58185.500000
2025-01-11T23:00:00+00:00,2025-01-12,2025-01-11T23:00:00+00:00,2025-01-12T19:00:00+00:00,2025-01-12T20:00:00,20250112,2025-01-12,2025,1,1,January,7,Sunday,true,20,20:00,21,56130.250000,hist_gradient_boosting_31_leaves,59481.791995,3351.541995,3351.541995,59517.500000,55508.000000
2025-01-11T23:00:00+00:00,2025-01-12,2025-01-11T23:00:00+00:00,2025-01-12T20:00:00+00:00,2025-01-12T21:00:00,20250112,2025-01-12,2025,1,1,January,7,Sunday,true,21,21:00,22,54360.750000,hist_gradient_boosting_31_leaves,56962.736468,2601.986468,2601.986468,56842.000000,52916.250000
2025-01-11T23:00:00+00:00,2025-01-12,2025-01-11T23:00:00+00:00,2025-01-12T21:00:00+00:00,2025-01-12T22:00:00,20250112,2025-01-12,2025,1,1,January,7,Sunday,true,22,22:00,23,53362.250000,hist_gradient_boosting_31_leaves,54870.933464,1508.683464,1508.683464,54588.000000,50716.750000
2025-01-11T23:00:00+00:00,2025-01-12,2025-01-11T23:00:00+00:00,2025-01-12T22:00:00+00:00,2025-01-12T23:00:00,20250112,2025-01-12,2025,1,1,January,7,Sunday,true,23,23:00,24,50864.500000,hist_gradient_boosting_31_leaves,52584.893919,1720.393919,1720.393919,51575.500000,48078.000000
2025-01-12T23:00:00+00:00,2025-01-13,2025-01-12T23:00:00+00:00,2025-01-12T23:00:00+00:00,2025-01-13T00:00:00,20250113,2025-01-13,2025,1,1,January,1,Monday,false,0,00:00,1,48753.250000,hist_gradient_boosting_31_leaves,51350.655791,2597.405791,2597.405791,49568.500000,45746.250000
2025-01-12T23:00:00+00:00,2025-01-13,2025-01-12T23:00:00+00:00,2025-01-13T00:00:00+00:00,2025-01-13T01:00:00,20250113,2025-01-13,2025,1,1,January,1,Monday,false,1,01:00,2,47781.250000,hist_gradient_boosting_31_leaves,49825.461687,2044.211687,2044.211687,48110.000000,43953.750000
2025-01-12T23:00:00+00:00,2025-01-13,2025-01-12T23:00:00+00:00,2025-01-13T01:00:00+00:00,2025-01-13T02:00:00,20250113,2025-01-13,2025,1,1,January,1,Monday,false,2,02:00,3,47589.750000,hist_gradient_boosting_31_leaves,49055.785157,1466.035157,1466.035157,47573.000000,42914.750000
2025-01-12T23:00:00+00:00,2025-01-13,2025-01-12T23:00:00+00:00,2025-01-13T02:00:00+00:00,2025-01-13T03:00:00,20250113,2025-01-13,2025,1,1,January,1,Monday,false,3,03:00,4,47786.750000,hist_gradient_boosting_31_leaves,48962.637646,1175.887646,1175.887646,47288.750000,43933.500000
2025-01-12T23:00:00+00:00,2025-01-13,2025-01-12T23:00:00+00:00,2025-01-13T03:00:00+00:00,2025-01-13T04:00:00,20250113,2025-01-13,2025,1,1,January,1,Monday,false,4,04:00,5,49214.250000,hist_gradient_boosting_31_leaves,50051.458765,837.208765,837.208765,47065.250000,44925.000000
2025-01-12T23:00:00+00:00,2025-01-13,2025-01-12T23:00:00+00:00,2025-01-13T04:00:00+00:00,2025-01-13T05:00:00,20250113,2025-01-13,2025,1,1,January,1,Monday,false,5,05:00,6,53424.000000,hist_gradient_boosting_31_leaves,52645.328643,-778.671357,778.671357,47240.750000,47876.250000
2025-01-12T23:00:00+00:00,2025-01-13,2025-01-12T23:00:00+00:00,2025-01-13T05:00:00+00:00,2025-01-13T06:00:00,20250113,2025-01-13,2025,1,1,January,1,Monday,false,6,06:00,7,61496.000000,hist_gradient_boosting_31_leaves,55691.606166,-5804.393834,5804.393834,47021.500000,52381.250000
2025-01-12T23:00:00+00:00,2025-01-13,2025-01-12T23:00:00+00:00,2025-01-13T06:00:00+00:00,2025-01-13T07:00:00,20250113,2025-01-13,2025,1,1,January,1,Monday,false,7,07:00,8,68091.750000,hist_gradient_boosting_31_leaves,58427.928452,-9663.821548,9663.821548,48476.500000,56023.500000
2025-01-12T23:00:00+00:00,2025-01-13,2025-01-12T23:00:00+00:00,2025-01-13T07:00:00+00:00,2025-01-13T08:00:00,20250113,2025-01-13,2025,1,1,January,1,Monday,false,8,08:00,9,71047.750000,hist_gradient_boosting_31_leaves,61198.197757,-9849.552243,9849.552243,51547.000000,59057.750000
2025-01-12T23:00:00+00:00,2025-01-13,2025-01-12T23:00:00+00:00,2025-01-13T08:00:00+00:00,2025-01-13T09:00:00,20250113,2025-01-13,2025,1,1,January,1,Monday,false,9,09:00,10,71218.000000,hist_gradient_boosting_31_leaves,64537.022892,-6680.977108,6680.977108,53799.000000,61080.000000
2025-01-12T23:00:00+00:00,2025-01-13,2025-01-12T23:00:00+00:00,2025-01-13T09:00:00+00:00,2025-01-13T10:00:00,20250113,2025-01-13,2025,1,1,January,1,Monday,false,10,10:00,11,71638.250000,hist_gradient_boosting_31_leaves,67110.476865,-4527.773135,4527.773135,55928.750000,62749.250000
2025-01-12T23:00:00+00:00,2025-01-13,2025-01-12T23:00:00+00:00,2025-01-13T10:00:00+00:00,2025-01-13T11:00:00,20250113,2025-01-13,2025,1,1,January,1,Monday,false,11,11:00,12,71511.250000,hist_gradient_boosting_31_leaves,68245.666147,-3265.583853,3265.583853,57980.500000,63633.750000
2025-01-12T23:00:00+00:00,2025-01-13,2025-01-12T23:00:00+00:00,2025-01-13T11:00:00+00:00,2025-01-13T12:00:00,20250113,2025-01-13,2025,1,1,January,1,Monday,false,12,12:00,13,72129.750000,hist_gradient_boosting_31_leaves,68224.012263,-3905.737737,3905.737737,57379.000000,63779.500000
2025-01-12T23:00:00+00:00,2025-01-13,2025-01-12T23:00:00+00:00,2025-01-13T12:00:00+00:00,2025-01-13T13:00:00,20250113,2025-01-13,2025,1,1,January,1,Monday,false,13,13:00,14,71078.750000,hist_gradient_boosting_31_leaves,66907.998976,-4170.751024,4170.751024,54996.250000,63184.500000
2025-01-12T23:00:00+00:00,2025-01-13,2025-01-12T23:00:00+00:00,2025-01-13T13:00:00+00:00,2025-01-13T14:00:00,20250113,2025-01-13,2025,1,1,January,1,Monday,false,14,14:00,15,69373.250000,hist_gradient_boosting_31_leaves,64010.654768,-5362.595232,5362.595232,53568.000000,61383.500000
2025-01-12T23:00:00+00:00,2025-01-13,2025-01-12T23:00:00+00:00,2025-01-13T14:00:00+00:00,2025-01-13T15:00:00,20250113,2025-01-13,2025,1,1,January,1,Monday,false,15,15:00,16,69400.000000,hist_gradient_boosting_31_leaves,63967.679672,-5432.320328,5432.320328,53008.500000,60783.250000
2025-01-12T23:00:00+00:00,2025-01-13,2025-01-12T23:00:00+00:00,2025-01-13T15:00:00+00:00,2025-01-13T16:00:00,20250113,2025-01-13,2025,1,1,January,1,Monday,false,16,16:00,17,70862.500000,hist_gradient_boosting_31_leaves,64660.554203,-6201.945797,6201.945797,55137.750000,61636.000000
2025-01-12T23:00:00+00:00,2025-01-13,2025-01-12T23:00:00+00:00,2025-01-13T16:00:00+00:00,2025-01-13T17:00:00,20250113,2025-01-13,2025,1,1,January,1,Monday,false,17,17:00,18,73665.000000,hist_gradient_boosting_31_leaves,68434.228429,-5230.771571,5230.771571,59192.500000,64030.000000
2025-01-12T23:00:00+00:00,2025-01-13,2025-01-12T23:00:00+00:00,2025-01-13T17:00:00+00:00,2025-01-13T18:00:00,20250113,2025-01-13,2025,1,1,January,1,Monday,false,18,18:00,19,74033.500000,hist_gradient_boosting_31_leaves,68882.361967,-5151.138033,5151.138033,60136.250000,63560.750000
2025-01-12T23:00:00+00:00,2025-01-13,2025-01-12T23:00:00+00:00,2025-01-13T18:00:00+00:00,2025-01-13T19:00:00,20250113,2025-01-13,2025,1,1,January,1,Monday,false,19,19:00,20,73320.500000,hist_gradient_boosting_31_leaves,67126.956053,-6193.543947,6193.543947,58899.500000,62612.500000
2025-01-12T23:00:00+00:00,2025-01-13,2025-01-12T23:00:00+00:00,2025-01-13T19:00:00+00:00,2025-01-13T20:00:00,20250113,2025-01-13,2025,1,1,January,1,Monday,false,20,20:00,21,70024.250000,hist_gradient_boosting_31_leaves,61459.237318,-8565.012682,8565.012682,56130.250000,59907.000000
2025-01-12T23:00:00+00:00,2025-01-13,2025-01-12T23:00:00+00:00,2025-01-13T20:00:00+00:00,2025-01-13T21:00:00,20250113,2025-01-13,2025,1,1,January,1,Monday,false,21,21:00,22,66930.000000,hist_gradient_boosting_31_leaves,58603.562621,-8326.437379,8326.437379,54360.750000,56590.500000
2025-01-12T23:00:00+00:00,2025-01-13,2025-01-12T23:00:00+00:00,2025-01-13T21:00:00+00:00,2025-01-13T22:00:00,20250113,2025-01-13,2025,1,1,January,1,Monday,false,22,22:00,23,63297.750000,hist_gradient_boosting_31_leaves,57821.192983,-5476.557017,5476.557017,53362.250000,53834.500000
2025-01-12T23:00:00+00:00,2025-01-13,2025-01-12T23:00:00+00:00,2025-01-13T22:00:00+00:00,2025-01-13T23:00:00,20250113,2025-01-13,2025,1,1,January,1,Monday,false,23,23:00,24,59731.500000,hist_gradient_boosting_31_leaves,55756.731611,-3974.768389,3974.768389,50864.500000,51009.250000
2025-01-13T23:00:00+00:00,2025-01-14,2025-01-13T23:00:00+00:00,2025-01-13T23:00:00+00:00,2025-01-14T00:00:00,20250114,2025-01-14,2025,1,1,January,2,Tuesday,false,0,00:00,1,57074.250000,hist_gradient_boosting_31_leaves,54249.727011,-2824.522989,2824.522989,48753.250000,48570.500000
2025-01-13T23:00:00+00:00,2025-01-14,2025-01-13T23:00:00+00:00,2025-01-14T00:00:00+00:00,2025-01-14T01:00:00,20250114,2025-01-14,2025,1,1,January,2,Tuesday,false,1,01:00,2,55839.250000,hist_gradient_boosting_31_leaves,52987.700858,-2851.549142,2851.549142,47781.250000,47568.750000
2025-01-13T23:00:00+00:00,2025-01-14,2025-01-13T23:00:00+00:00,2025-01-14T01:00:00+00:00,2025-01-14T02:00:00,20250114,2025-01-14,2025,1,1,January,2,Tuesday,false,2,02:00,3,55497.000000,hist_gradient_boosting_31_leaves,52860.109492,-2636.890508,2636.890508,47589.750000,46711.500000
2025-01-13T23:00:00+00:00,2025-01-14,2025-01-13T23:00:00+00:00,2025-01-14T02:00:00+00:00,2025-01-14T03:00:00,20250114,2025-01-14,2025,1,1,January,2,Tuesday,false,3,03:00,4,55779.250000,hist_gradient_boosting_31_leaves,52894.149874,-2885.100126,2885.100126,47786.750000,46944.500000
2025-01-13T23:00:00+00:00,2025-01-14,2025-01-13T23:00:00+00:00,2025-01-14T03:00:00+00:00,2025-01-14T04:00:00,20250114,2025-01-14,2025,1,1,January,2,Tuesday,false,4,04:00,5,55972.500000,hist_gradient_boosting_31_leaves,53963.426417,-2009.073583,2009.073583,49214.250000,48384.750000
2025-01-13T23:00:00+00:00,2025-01-14,2025-01-13T23:00:00+00:00,2025-01-14T04:00:00+00:00,2025-01-14T05:00:00,20250114,2025-01-14,2025,1,1,January,2,Tuesday,false,5,05:00,6,59524.000000,hist_gradient_boosting_31_leaves,57273.559477,-2250.440523,2250.440523,53424.000000,51117.500000
2025-01-13T23:00:00+00:00,2025-01-14,2025-01-13T23:00:00+00:00,2025-01-14T05:00:00+00:00,2025-01-14T06:00:00,20250114,2025-01-14,2025,1,1,January,2,Tuesday,false,6,06:00,7,67235.500000,hist_gradient_boosting_31_leaves,63718.188880,-3517.311120,3517.311120,61496.000000,58740.000000
2025-01-13T23:00:00+00:00,2025-01-14,2025-01-13T23:00:00+00:00,2025-01-14T06:00:00+00:00,2025-01-14T07:00:00,20250114,2025-01-14,2025,1,1,January,2,Tuesday,false,7,07:00,8,72920.000000,hist_gradient_boosting_31_leaves,70351.559037,-2568.440963,2568.440963,68091.750000,64761.250000
2025-01-13T23:00:00+00:00,2025-01-14,2025-01-13T23:00:00+00:00,2025-01-14T07:00:00+00:00,2025-01-14T08:00:00,20250114,2025-01-14,2025,1,1,January,2,Tuesday,false,8,08:00,9,75361.000000,hist_gradient_boosting_31_leaves,73691.264854,-1669.735146,1669.735146,71047.750000,68201.000000
2025-01-13T23:00:00+00:00,2025-01-14,2025-01-13T23:00:00+00:00,2025-01-14T08:00:00+00:00,2025-01-14T09:00:00,20250114,2025-01-14,2025,1,1,January,2,Tuesday,false,9,09:00,10,75318.250000,hist_gradient_boosting_31_leaves,73731.097568,-1587.152432,1587.152432,71218.000000,68661.750000
2025-01-13T23:00:00+00:00,2025-01-14,2025-01-13T23:00:00+00:00,2025-01-14T09:00:00+00:00,2025-01-14T10:00:00,20250114,2025-01-14,2025,1,1,January,2,Tuesday,false,10,10:00,11,75097.250000,hist_gradient_boosting_31_leaves,74023.310396,-1073.939604,1073.939604,71638.250000,68407.500000
2025-01-13T23:00:00+00:00,2025-01-14,2025-01-13T23:00:00+00:00,2025-01-14T10:00:00+00:00,2025-01-14T11:00:00,20250114,2025-01-14,2025,1,1,January,2,Tuesday,false,11,11:00,12,74421.250000,hist_gradient_boosting_31_leaves,73969.346043,-451.903957,451.903957,71511.250000,68895.000000
2025-01-13T23:00:00+00:00,2025-01-14,2025-01-13T23:00:00+00:00,2025-01-14T11:00:00+00:00,2025-01-14T12:00:00,20250114,2025-01-14,2025,1,1,January,2,Tuesday,false,12,12:00,13,74441.750000,hist_gradient_boosting_31_leaves,74183.215797,-258.534203,258.534203,72129.750000,69011.250000
2025-01-13T23:00:00+00:00,2025-01-14,2025-01-13T23:00:00+00:00,2025-01-14T12:00:00+00:00,2025-01-14T13:00:00,20250114,2025-01-14,2025,1,1,January,2,Tuesday,false,13,13:00,14,73475.750000,hist_gradient_boosting_31_leaves,72973.311369,-502.438631,502.438631,71078.750000,68628.000000
2025-01-13T23:00:00+00:00,2025-01-14,2025-01-13T23:00:00+00:00,2025-01-14T13:00:00+00:00,2025-01-14T14:00:00,20250114,2025-01-14,2025,1,1,January,2,Tuesday,false,14,14:00,15,72159.500000,hist_gradient_boosting_31_leaves,70936.814474,-1222.685526,1222.685526,69373.250000,67788.000000
2025-01-13T23:00:00+00:00,2025-01-14,2025-01-13T23:00:00+00:00,2025-01-14T14:00:00+00:00,2025-01-14T15:00:00,20250114,2025-01-14,2025,1,1,January,2,Tuesday,false,15,15:00,16,71055.500000,hist_gradient_boosting_31_leaves,70831.408556,-224.091444,224.091444,69400.000000,67147.500000
2025-01-13T23:00:00+00:00,2025-01-14,2025-01-13T23:00:00+00:00,2025-01-14T15:00:00+00:00,2025-01-14T16:00:00,20250114,2025-01-14,2025,1,1,January,2,Tuesday,false,16,16:00,17,72210.000000,hist_gradient_boosting_31_leaves,72201.484633,-8.515367,8.515367,70862.500000,68663.750000
2025-01-13T23:00:00+00:00,2025-01-14,2025-01-13T23:00:00+00:00,2025-01-14T16:00:00+00:00,2025-01-14T17:00:00,20250114,2025-01-14,2025,1,1,January,2,Tuesday,false,17,17:00,18,74400.500000,hist_gradient_boosting_31_leaves,73610.340855,-790.159145,790.159145,73665.000000,70906.500000
2025-01-13T23:00:00+00:00,2025-01-14,2025-01-13T23:00:00+00:00,2025-01-14T17:00:00+00:00,2025-01-14T18:00:00,20250114,2025-01-14,2025,1,1,January,2,Tuesday,false,18,18:00,19,73791.250000,hist_gradient_boosting_31_leaves,73717.415103,-73.834897,73.834897,74033.500000,70520.750000
2025-01-13T23:00:00+00:00,2025-01-14,2025-01-13T23:00:00+00:00,2025-01-14T18:00:00+00:00,2025-01-14T19:00:00,20250114,2025-01-14,2025,1,1,January,2,Tuesday,false,19,19:00,20,71606.750000,hist_gradient_boosting_31_leaves,72878.523763,1271.773763,1271.773763,73320.500000,68342.250000
2025-01-13T23:00:00+00:00,2025-01-14,2025-01-13T23:00:00+00:00,2025-01-14T19:00:00+00:00,2025-01-14T20:00:00,20250114,2025-01-14,2025,1,1,January,2,Tuesday,false,20,20:00,21,68714.250000,hist_gradient_boosting_31_leaves,68556.078454,-158.171546,158.171546,70024.250000,65254.250000
2025-01-13T23:00:00+00:00,2025-01-14,2025-01-13T23:00:00+00:00,2025-01-14T20:00:00+00:00,2025-01-14T21:00:00,20250114,2025-01-14,2025,1,1,January,2,Tuesday,false,21,21:00,22,65535.750000,hist_gradient_boosting_31_leaves,65549.809716,14.059716,14.059716,66930.000000,62170.750000
2025-01-13T23:00:00+00:00,2025-01-14,2025-01-13T23:00:00+00:00,2025-01-14T21:00:00+00:00,2025-01-14T22:00:00,20250114,2025-01-14,2025,1,1,January,2,Tuesday,false,22,22:00,23,61819.750000,hist_gradient_boosting_31_leaves,62359.249916,539.499916,539.499916,63297.750000,58966.750000
2025-01-13T23:00:00+00:00,2025-01-14,2025-01-13T23:00:00+00:00,2025-01-14T22:00:00+00:00,2025-01-14T23:00:00,20250114,2025-01-14,2025,1,1,January,2,Tuesday,false,23,23:00,24,58227.250000,hist_gradient_boosting_31_leaves,59085.272557,858.022557,858.022557,59731.500000,54866.000000
2025-01-14T23:00:00+00:00,2025-01-15,2025-01-14T23:00:00+00:00,2025-01-14T23:00:00+00:00,2025-01-15T00:00:00,20250115,2025-01-15,2025,1,1,January,3,Wednesday,false,0,00:00,1,54865.750000,hist_gradient_boosting_31_leaves,56551.531179,1685.781179,1685.781179,57074.250000,52615.750000
2025-01-14T23:00:00+00:00,2025-01-15,2025-01-14T23:00:00+00:00,2025-01-15T00:00:00+00:00,2025-01-15T01:00:00,20250115,2025-01-15,2025,1,1,January,3,Wednesday,false,1,01:00,2,53291.250000,hist_gradient_boosting_31_leaves,53745.936989,454.686989,454.686989,55839.250000,50618.250000
2025-01-14T23:00:00+00:00,2025-01-15,2025-01-14T23:00:00+00:00,2025-01-15T01:00:00+00:00,2025-01-15T02:00:00,20250115,2025-01-15,2025,1,1,January,3,Wednesday,false,2,02:00,3,52589.000000,hist_gradient_boosting_31_leaves,53087.153100,498.153100,498.153100,55497.000000,49735.500000
2025-01-14T23:00:00+00:00,2025-01-15,2025-01-14T23:00:00+00:00,2025-01-15T02:00:00+00:00,2025-01-15T03:00:00,20250115,2025-01-15,2025,1,1,January,3,Wednesday,false,3,03:00,4,52567.500000,hist_gradient_boosting_31_leaves,53641.249508,1073.749508,1073.749508,55779.250000,50203.250000
2025-01-14T23:00:00+00:00,2025-01-15,2025-01-14T23:00:00+00:00,2025-01-15T03:00:00+00:00,2025-01-15T04:00:00,20250115,2025-01-15,2025,1,1,January,3,Wednesday,false,4,04:00,5,53132.500000,hist_gradient_boosting_31_leaves,55331.958976,2199.458976,2199.458976,55972.500000,51363.250000
2025-01-14T23:00:00+00:00,2025-01-15,2025-01-14T23:00:00+00:00,2025-01-15T04:00:00+00:00,2025-01-15T05:00:00,20250115,2025-01-15,2025,1,1,January,3,Wednesday,false,5,05:00,6,56003.500000,hist_gradient_boosting_31_leaves,58553.639032,2550.139032,2550.139032,59524.000000,55071.000000
2025-01-14T23:00:00+00:00,2025-01-15,2025-01-14T23:00:00+00:00,2025-01-15T05:00:00+00:00,2025-01-15T06:00:00,20250115,2025-01-15,2025,1,1,January,3,Wednesday,false,6,06:00,7,62412.750000,hist_gradient_boosting_31_leaves,65480.217282,3067.467282,3067.467282,67235.500000,62868.500000
2025-01-14T23:00:00+00:00,2025-01-15,2025-01-14T23:00:00+00:00,2025-01-15T06:00:00+00:00,2025-01-15T07:00:00,20250115,2025-01-15,2025,1,1,January,3,Wednesday,false,7,07:00,8,67397.500000,hist_gradient_boosting_31_leaves,71017.925540,3620.425540,3620.425540,72920.000000,68514.250000
2025-01-14T23:00:00+00:00,2025-01-15,2025-01-14T23:00:00+00:00,2025-01-15T07:00:00+00:00,2025-01-15T08:00:00,20250115,2025-01-15,2025,1,1,January,3,Wednesday,false,8,08:00,9,70234.250000,hist_gradient_boosting_31_leaves,72337.451293,2103.201293,2103.201293,75361.000000,71626.750000
2025-01-14T23:00:00+00:00,2025-01-15,2025-01-14T23:00:00+00:00,2025-01-15T08:00:00+00:00,2025-01-15T09:00:00,20250115,2025-01-15,2025,1,1,January,3,Wednesday,false,9,09:00,10,70336.500000,hist_gradient_boosting_31_leaves,72413.147664,2076.647664,2076.647664,75318.250000,71939.500000
2025-01-14T23:00:00+00:00,2025-01-15,2025-01-14T23:00:00+00:00,2025-01-15T09:00:00+00:00,2025-01-15T10:00:00,20250115,2025-01-15,2025,1,1,January,3,Wednesday,false,10,10:00,11,70735.000000,hist_gradient_boosting_31_leaves,72604.488110,1869.488110,1869.488110,75097.250000,72025.250000
2025-01-14T23:00:00+00:00,2025-01-15,2025-01-14T23:00:00+00:00,2025-01-15T10:00:00+00:00,2025-01-15T11:00:00,20250115,2025-01-15,2025,1,1,January,3,Wednesday,false,11,11:00,12,70812.000000,hist_gradient_boosting_31_leaves,72150.734284,1338.734284,1338.734284,74421.250000,71006.500000
2025-01-14T23:00:00+00:00,2025-01-15,2025-01-14T23:00:00+00:00,2025-01-15T11:00:00+00:00,2025-01-15T12:00:00,20250115,2025-01-15,2025,1,1,January,3,Wednesday,false,12,12:00,13,70104.750000,hist_gradient_boosting_31_leaves,72091.837579,1987.087579,1987.087579,74441.750000,70893.000000
2025-01-14T23:00:00+00:00,2025-01-15,2025-01-14T23:00:00+00:00,2025-01-15T12:00:00+00:00,2025-01-15T13:00:00,20250115,2025-01-15,2025,1,1,January,3,Wednesday,false,13,13:00,14,69386.250000,hist_gradient_boosting_31_leaves,71976.459570,2590.209570,2590.209570,73475.750000,71365.500000
2025-01-14T23:00:00+00:00,2025-01-15,2025-01-14T23:00:00+00:00,2025-01-15T13:00:00+00:00,2025-01-15T14:00:00,20250115,2025-01-15,2025,1,1,January,3,Wednesday,false,14,14:00,15,68635.000000,hist_gradient_boosting_31_leaves,70829.778326,2194.778326,2194.778326,72159.500000,70151.000000
2025-01-14T23:00:00+00:00,2025-01-15,2025-01-14T23:00:00+00:00,2025-01-15T14:00:00+00:00,2025-01-15T15:00:00,20250115,2025-01-15,2025,1,1,January,3,Wednesday,false,15,15:00,16,68244.500000,hist_gradient_boosting_31_leaves,70528.349178,2283.849178,2283.849178,71055.500000,69643.500000
2025-01-14T23:00:00+00:00,2025-01-15,2025-01-14T23:00:00+00:00,2025-01-15T15:00:00+00:00,2025-01-15T16:00:00,20250115,2025-01-15,2025,1,1,January,3,Wednesday,false,16,16:00,17,68451.750000,hist_gradient_boosting_31_leaves,71264.381259,2812.631259,2812.631259,72210.000000,71169.000000
2025-01-14T23:00:00+00:00,2025-01-15,2025-01-14T23:00:00+00:00,2025-01-15T16:00:00+00:00,2025-01-15T17:00:00,20250115,2025-01-15,2025,1,1,January,3,Wednesday,false,17,17:00,18,70368.250000,hist_gradient_boosting_31_leaves,72200.325907,1832.075907,1832.075907,74400.500000,73128.750000
2025-01-14T23:00:00+00:00,2025-01-15,2025-01-14T23:00:00+00:00,2025-01-15T17:00:00+00:00,2025-01-15T18:00:00,20250115,2025-01-15,2025,1,1,January,3,Wednesday,false,18,18:00,19,69878.000000,hist_gradient_boosting_31_leaves,72353.283865,2475.283865,2475.283865,73791.250000,72277.000000
2025-01-14T23:00:00+00:00,2025-01-15,2025-01-14T23:00:00+00:00,2025-01-15T18:00:00+00:00,2025-01-15T19:00:00,20250115,2025-01-15,2025,1,1,January,3,Wednesday,false,19,19:00,20,68104.000000,hist_gradient_boosting_31_leaves,71182.174039,3078.174039,3078.174039,71606.750000,70094.500000
2025-01-14T23:00:00+00:00,2025-01-15,2025-01-14T23:00:00+00:00,2025-01-15T19:00:00+00:00,2025-01-15T20:00:00,20250115,2025-01-15,2025,1,1,January,3,Wednesday,false,20,20:00,21,64635.750000,hist_gradient_boosting_31_leaves,67659.353072,3023.603072,3023.603072,68714.250000,66488.250000
2025-01-14T23:00:00+00:00,2025-01-15,2025-01-14T23:00:00+00:00,2025-01-15T20:00:00+00:00,2025-01-15T21:00:00,20250115,2025-01-15,2025,1,1,January,3,Wednesday,false,21,21:00,22,61225.500000,hist_gradient_boosting_31_leaves,64212.199661,2986.699661,2986.699661,65535.750000,62208.500000
2025-01-14T23:00:00+00:00,2025-01-15,2025-01-14T23:00:00+00:00,2025-01-15T21:00:00+00:00,2025-01-15T22:00:00,20250115,2025-01-15,2025,1,1,January,3,Wednesday,false,22,22:00,23,57845.250000,hist_gradient_boosting_31_leaves,60932.750697,3087.500697,3087.500697,61819.750000,59055.750000
2025-01-14T23:00:00+00:00,2025-01-15,2025-01-14T23:00:00+00:00,2025-01-15T22:00:00+00:00,2025-01-15T23:00:00,20250115,2025-01-15,2025,1,1,January,3,Wednesday,false,23,23:00,24,54558.500000,hist_gradient_boosting_31_leaves,57576.732463,3018.232463,3018.232463,58227.250000,54704.000000
2025-01-15T23:00:00+00:00,2025-01-16,2025-01-15T23:00:00+00:00,2025-01-15T23:00:00+00:00,2025-01-16T00:00:00,20250116,2025-01-16,2025,1,1,January,4,Thursday,false,0,00:00,1,52214.250000,hist_gradient_boosting_31_leaves,53335.252337,1121.002337,1121.002337,54865.750000,51341.250000
2025-01-15T23:00:00+00:00,2025-01-16,2025-01-15T23:00:00+00:00,2025-01-16T00:00:00+00:00,2025-01-16T01:00:00,20250116,2025-01-16,2025,1,1,January,4,Thursday,false,1,01:00,2,51586.500000,hist_gradient_boosting_31_leaves,51228.616143,-357.883857,357.883857,53291.250000,49526.500000
2025-01-15T23:00:00+00:00,2025-01-16,2025-01-15T23:00:00+00:00,2025-01-16T01:00:00+00:00,2025-01-16T02:00:00,20250116,2025-01-16,2025,1,1,January,4,Thursday,false,2,02:00,3,50583.500000,hist_gradient_boosting_31_leaves,50969.780158,386.280158,386.280158,52589.000000,48386.500000
2025-01-15T23:00:00+00:00,2025-01-16,2025-01-15T23:00:00+00:00,2025-01-16T02:00:00+00:00,2025-01-16T03:00:00,20250116,2025-01-16,2025,1,1,January,4,Thursday,false,3,03:00,4,50776.250000,hist_gradient_boosting_31_leaves,50969.780158,193.530158,193.530158,52567.500000,48201.750000
2025-01-15T23:00:00+00:00,2025-01-16,2025-01-15T23:00:00+00:00,2025-01-16T03:00:00+00:00,2025-01-16T04:00:00,20250116,2025-01-16,2025,1,1,January,4,Thursday,false,4,04:00,5,52439.750000,hist_gradient_boosting_31_leaves,51233.532220,-1206.217780,1206.217780,53132.500000,48949.250000
2025-01-15T23:00:00+00:00,2025-01-16,2025-01-15T23:00:00+00:00,2025-01-16T04:00:00+00:00,2025-01-16T05:00:00,20250116,2025-01-16,2025,1,1,January,4,Thursday,false,5,05:00,6,55919.500000,hist_gradient_boosting_31_leaves,54569.247123,-1350.252877,1350.252877,56003.500000,51998.750000
2025-01-15T23:00:00+00:00,2025-01-16,2025-01-15T23:00:00+00:00,2025-01-16T05:00:00+00:00,2025-01-16T06:00:00,20250116,2025-01-16,2025,1,1,January,4,Thursday,false,6,06:00,7,62634.500000,hist_gradient_boosting_31_leaves,61313.437575,-1321.062425,1321.062425,62412.750000,58810.250000
2025-01-15T23:00:00+00:00,2025-01-16,2025-01-15T23:00:00+00:00,2025-01-16T06:00:00+00:00,2025-01-16T07:00:00,20250116,2025-01-16,2025,1,1,January,4,Thursday,false,7,07:00,8,68333.750000,hist_gradient_boosting_31_leaves,66117.011452,-2216.738548,2216.738548,67397.500000,64749.250000
2025-01-15T23:00:00+00:00,2025-01-16,2025-01-15T23:00:00+00:00,2025-01-16T07:00:00+00:00,2025-01-16T08:00:00,20250116,2025-01-16,2025,1,1,January,4,Thursday,false,8,08:00,9,71455.000000,hist_gradient_boosting_31_leaves,68746.197559,-2708.802441,2708.802441,70234.250000,67587.500000
2025-01-15T23:00:00+00:00,2025-01-16,2025-01-15T23:00:00+00:00,2025-01-16T08:00:00+00:00,2025-01-16T09:00:00,20250116,2025-01-16,2025,1,1,January,4,Thursday,false,9,09:00,10,71790.500000,hist_gradient_boosting_31_leaves,69462.055823,-2328.444177,2328.444177,70336.500000,68350.250000
2025-01-15T23:00:00+00:00,2025-01-16,2025-01-15T23:00:00+00:00,2025-01-16T09:00:00+00:00,2025-01-16T10:00:00,20250116,2025-01-16,2025,1,1,January,4,Thursday,false,10,10:00,11,72243.500000,hist_gradient_boosting_31_leaves,70122.144635,-2121.355365,2121.355365,70735.000000,68940.750000
2025-01-15T23:00:00+00:00,2025-01-16,2025-01-15T23:00:00+00:00,2025-01-16T10:00:00+00:00,2025-01-16T11:00:00,20250116,2025-01-16,2025,1,1,January,4,Thursday,false,11,11:00,12,72221.250000,hist_gradient_boosting_31_leaves,70467.748449,-1753.501551,1753.501551,70812.000000,70063.500000
2025-01-15T23:00:00+00:00,2025-01-16,2025-01-15T23:00:00+00:00,2025-01-16T11:00:00+00:00,2025-01-16T12:00:00,20250116,2025-01-16,2025,1,1,January,4,Thursday,false,12,12:00,13,71798.750000,hist_gradient_boosting_31_leaves,69811.284242,-1987.465758,1987.465758,70104.750000,70005.250000
2025-01-15T23:00:00+00:00,2025-01-16,2025-01-15T23:00:00+00:00,2025-01-16T12:00:00+00:00,2025-01-16T13:00:00,20250116,2025-01-16,2025,1,1,January,4,Thursday,false,13,13:00,14,71152.250000,hist_gradient_boosting_31_leaves,69318.701984,-1833.548016,1833.548016,69386.250000,69942.750000
2025-01-15T23:00:00+00:00,2025-01-16,2025-01-15T23:00:00+00:00,2025-01-16T13:00:00+00:00,2025-01-16T14:00:00,20250116,2025-01-16,2025,1,1,January,4,Thursday,false,14,14:00,15,69368.000000,hist_gradient_boosting_31_leaves,68673.161944,-694.838056,694.838056,68635.000000,68666.500000
2025-01-15T23:00:00+00:00,2025-01-16,2025-01-15T23:00:00+00:00,2025-01-16T14:00:00+00:00,2025-01-16T15:00:00,20250116,2025-01-16,2025,1,1,January,4,Thursday,false,15,15:00,16,69040.750000,hist_gradient_boosting_31_leaves,68733.032475,-307.717525,307.717525,68244.500000,68122.750000
2025-01-15T23:00:00+00:00,2025-01-16,2025-01-15T23:00:00+00:00,2025-01-16T15:00:00+00:00,2025-01-16T16:00:00,20250116,2025-01-16,2025,1,1,January,4,Thursday,false,16,16:00,17,70141.000000,hist_gradient_boosting_31_leaves,68713.933779,-1427.066221,1427.066221,68451.750000,68956.250000
2025-01-15T23:00:00+00:00,2025-01-16,2025-01-15T23:00:00+00:00,2025-01-16T16:00:00+00:00,2025-01-16T17:00:00,20250116,2025-01-16,2025,1,1,January,4,Thursday,false,17,17:00,18,72064.750000,hist_gradient_boosting_31_leaves,70120.643552,-1944.106448,1944.106448,70368.250000,71044.500000
2025-01-15T23:00:00+00:00,2025-01-16,2025-01-15T23:00:00+00:00,2025-01-16T17:00:00+00:00,2025-01-16T18:00:00,20250116,2025-01-16,2025,1,1,January,4,Thursday,false,18,18:00,19,71571.250000,hist_gradient_boosting_31_leaves,70039.398083,-1531.851917,1531.851917,69878.000000,70797.000000
2025-01-15T23:00:00+00:00,2025-01-16,2025-01-15T23:00:00+00:00,2025-01-16T18:00:00+00:00,2025-01-16T19:00:00,20250116,2025-01-16,2025,1,1,January,4,Thursday,false,19,19:00,20,70022.500000,hist_gradient_boosting_31_leaves,68913.128364,-1109.371636,1109.371636,68104.000000,69022.000000
2025-01-15T23:00:00+00:00,2025-01-16,2025-01-15T23:00:00+00:00,2025-01-16T19:00:00+00:00,2025-01-16T20:00:00,20250116,2025-01-16,2025,1,1,January,4,Thursday,false,20,20:00,21,66681.500000,hist_gradient_boosting_31_leaves,65004.927432,-1676.572568,1676.572568,64635.750000,65786.500000
2025-01-15T23:00:00+00:00,2025-01-16,2025-01-15T23:00:00+00:00,2025-01-16T20:00:00+00:00,2025-01-16T21:00:00,20250116,2025-01-16,2025,1,1,January,4,Thursday,false,21,21:00,22,63325.250000,hist_gradient_boosting_31_leaves,60927.047351,-2398.202649,2398.202649,61225.500000,62297.750000
2025-01-15T23:00:00+00:00,2025-01-16,2025-01-15T23:00:00+00:00,2025-01-16T21:00:00+00:00,2025-01-16T22:00:00,20250116,2025-01-16,2025,1,1,January,4,Thursday,false,22,22:00,23,60629.500000,hist_gradient_boosting_31_leaves,57747.092901,-2882.407099,2882.407099,57845.250000,59569.500000
2025-01-15T23:00:00+00:00,2025-01-16,2025-01-15T23:00:00+00:00,2025-01-16T22:00:00+00:00,2025-01-16T23:00:00,20250116,2025-01-16,2025,1,1,January,4,Thursday,false,23,23:00,24,57110.000000,hist_gradient_boosting_31_leaves,54148.811154,-2961.188846,2961.188846,54558.500000,56260.500000
2025-01-16T23:00:00+00:00,2025-01-17,2025-01-16T23:00:00+00:00,2025-01-16T23:00:00+00:00,2025-01-17T00:00:00,20250117,2025-01-17,2025,1,1,January,5,Friday,false,0,00:00,1,55016.750000,hist_gradient_boosting_31_leaves,55227.043621,210.293621,210.293621,52214.250000,55138.500000
2025-01-16T23:00:00+00:00,2025-01-17,2025-01-16T23:00:00+00:00,2025-01-17T00:00:00+00:00,2025-01-17T01:00:00,20250117,2025-01-17,2025,1,1,January,5,Friday,false,1,01:00,2,53662.750000,hist_gradient_boosting_31_leaves,53405.605836,-257.144164,257.144164,51586.500000,53434.250000
2025-01-16T23:00:00+00:00,2025-01-17,2025-01-16T23:00:00+00:00,2025-01-17T01:00:00+00:00,2025-01-17T02:00:00,20250117,2025-01-17,2025,1,1,January,5,Friday,false,2,02:00,3,52520.000000,hist_gradient_boosting_31_leaves,52643.298776,123.298776,123.298776,50583.500000,52668.000000
2025-01-16T23:00:00+00:00,2025-01-17,2025-01-16T23:00:00+00:00,2025-01-17T02:00:00+00:00,2025-01-17T03:00:00,20250117,2025-01-17,2025,1,1,January,5,Friday,false,3,03:00,4,52736.250000,hist_gradient_boosting_31_leaves,52643.298776,-92.951224,92.951224,50776.250000,52675.000000
2025-01-16T23:00:00+00:00,2025-01-17,2025-01-16T23:00:00+00:00,2025-01-17T03:00:00+00:00,2025-01-17T04:00:00,20250117,2025-01-17,2025,1,1,January,5,Friday,false,4,04:00,5,53834.250000,hist_gradient_boosting_31_leaves,53812.631513,-21.618487,21.618487,52439.750000,53536.500000
2025-01-16T23:00:00+00:00,2025-01-17,2025-01-16T23:00:00+00:00,2025-01-17T04:00:00+00:00,2025-01-17T05:00:00,20250117,2025-01-17,2025,1,1,January,5,Friday,false,5,05:00,6,56218.500000,hist_gradient_boosting_31_leaves,56435.492414,216.992414,216.992414,55919.500000,56019.500000
2025-01-16T23:00:00+00:00,2025-01-17,2025-01-16T23:00:00+00:00,2025-01-17T05:00:00+00:00,2025-01-17T06:00:00,20250117,2025-01-17,2025,1,1,January,5,Friday,false,6,06:00,7,62776.250000,hist_gradient_boosting_31_leaves,63383.893397,607.643397,607.643397,62634.500000,62721.500000
2025-01-16T23:00:00+00:00,2025-01-17,2025-01-16T23:00:00+00:00,2025-01-17T06:00:00+00:00,2025-01-17T07:00:00,20250117,2025-01-17,2025,1,1,January,5,Friday,false,7,07:00,8,68718.000000,hist_gradient_boosting_31_leaves,69591.797451,873.797451,873.797451,68333.750000,68317.000000
2025-01-16T23:00:00+00:00,2025-01-17,2025-01-16T23:00:00+00:00,2025-01-17T07:00:00+00:00,2025-01-17T08:00:00,20250117,2025-01-17,2025,1,1,January,5,Friday,false,8,08:00,9,71649.000000,hist_gradient_boosting_31_leaves,71697.653611,48.653611,48.653611,71455.000000,70742.250000
2025-01-16T23:00:00+00:00,2025-01-17,2025-01-16T23:00:00+00:00,2025-01-17T08:00:00+00:00,2025-01-17T09:00:00,20250117,2025-01-17,2025,1,1,January,5,Friday,false,9,09:00,10,72301.000000,hist_gradient_boosting_31_leaves,72059.868595,-241.131405,241.131405,71790.500000,71301.750000
2025-01-16T23:00:00+00:00,2025-01-17,2025-01-16T23:00:00+00:00,2025-01-17T09:00:00+00:00,2025-01-17T10:00:00,20250117,2025-01-17,2025,1,1,January,5,Friday,false,10,10:00,11,72762.250000,hist_gradient_boosting_31_leaves,72583.124575,-179.125425,179.125425,72243.500000,71942.500000
2025-01-16T23:00:00+00:00,2025-01-17,2025-01-16T23:00:00+00:00,2025-01-17T10:00:00+00:00,2025-01-17T11:00:00,20250117,2025-01-17,2025,1,1,January,5,Friday,false,11,11:00,12,72752.500000,hist_gradient_boosting_31_leaves,72620.429348,-132.070652,132.070652,72221.250000,71368.000000
2025-01-16T23:00:00+00:00,2025-01-17,2025-01-16T23:00:00+00:00,2025-01-17T11:00:00+00:00,2025-01-17T12:00:00,20250117,2025-01-17,2025,1,1,January,5,Friday,false,12,12:00,13,72316.250000,hist_gradient_boosting_31_leaves,72281.799319,-34.450681,34.450681,71798.750000,71172.750000
2025-01-16T23:00:00+00:00,2025-01-17,2025-01-16T23:00:00+00:00,2025-01-17T12:00:00+00:00,2025-01-17T13:00:00,20250117,2025-01-17,2025,1,1,January,5,Friday,false,13,13:00,14,70636.250000,hist_gradient_boosting_31_leaves,70789.220174,152.970174,152.970174,71152.250000,69824.500000
2025-01-16T23:00:00+00:00,2025-01-17,2025-01-16T23:00:00+00:00,2025-01-17T13:00:00+00:00,2025-01-17T14:00:00,20250117,2025-01-17,2025,1,1,January,5,Friday,false,14,14:00,15,69338.750000,hist_gradient_boosting_31_leaves,68528.262560,-810.487440,810.487440,69368.000000,68170.750000
2025-01-16T23:00:00+00:00,2025-01-17,2025-01-16T23:00:00+00:00,2025-01-17T14:00:00+00:00,2025-01-17T15:00:00,20250117,2025-01-17,2025,1,1,January,5,Friday,false,15,15:00,16,68483.000000,hist_gradient_boosting_31_leaves,68506.001232,23.001232,23.001232,69040.750000,68040.750000
2025-01-16T23:00:00+00:00,2025-01-17,2025-01-16T23:00:00+00:00,2025-01-17T15:00:00+00:00,2025-01-17T16:00:00,20250117,2025-01-17,2025,1,1,January,5,Friday,false,16,16:00,17,69044.750000,hist_gradient_boosting_31_leaves,68945.373376,-99.376624,99.376624,70141.000000,68644.750000
2025-01-16T23:00:00+00:00,2025-01-17,2025-01-16T23:00:00+00:00,2025-01-17T16:00:00+00:00,2025-01-17T17:00:00,20250117,2025-01-17,2025,1,1,January,5,Friday,false,17,17:00,18,71124.000000,hist_gradient_boosting_31_leaves,70706.857489,-417.142511,417.142511,72064.750000,70625.500000
2025-01-16T23:00:00+00:00,2025-01-17,2025-01-16T23:00:00+00:00,2025-01-17T17:00:00+00:00,2025-01-17T18:00:00,20250117,2025-01-17,2025,1,1,January,5,Friday,false,18,18:00,19,70350.000000,hist_gradient_boosting_31_leaves,70837.954577,487.954577,487.954577,71571.250000,70088.500000
2025-01-16T23:00:00+00:00,2025-01-17,2025-01-16T23:00:00+00:00,2025-01-17T18:00:00+00:00,2025-01-17T19:00:00,20250117,2025-01-17,2025,1,1,January,5,Friday,false,19,19:00,20,68110.250000,hist_gradient_boosting_31_leaves,69141.751719,1031.501719,1031.501719,70022.500000,68347.750000
2025-01-16T23:00:00+00:00,2025-01-17,2025-01-16T23:00:00+00:00,2025-01-17T19:00:00+00:00,2025-01-17T20:00:00,20250117,2025-01-17,2025,1,1,January,5,Friday,false,20,20:00,21,64494.000000,hist_gradient_boosting_31_leaves,64948.156166,454.156166,454.156166,66681.500000,64872.250000
2025-01-16T23:00:00+00:00,2025-01-17,2025-01-16T23:00:00+00:00,2025-01-17T20:00:00+00:00,2025-01-17T21:00:00,20250117,2025-01-17,2025,1,1,January,5,Friday,false,21,21:00,22,61249.250000,hist_gradient_boosting_31_leaves,61569.084430,319.834430,319.834430,63325.250000,61800.500000
2025-01-16T23:00:00+00:00,2025-01-17,2025-01-16T23:00:00+00:00,2025-01-17T21:00:00+00:00,2025-01-17T22:00:00,20250117,2025-01-17,2025,1,1,January,5,Friday,false,22,22:00,23,58302.250000,hist_gradient_boosting_31_leaves,58853.051273,550.801273,550.801273,60629.500000,58758.750000
2025-01-16T23:00:00+00:00,2025-01-17,2025-01-16T23:00:00+00:00,2025-01-17T22:00:00+00:00,2025-01-17T23:00:00,20250117,2025-01-17,2025,1,1,January,5,Friday,false,23,23:00,24,55755.750000,hist_gradient_boosting_31_leaves,55600.241504,-155.508496,155.508496,57110.000000,55585.250000
2025-01-17T23:00:00+00:00,2025-01-18,2025-01-17T23:00:00+00:00,2025-01-17T23:00:00+00:00,2025-01-18T00:00:00,20250118,2025-01-18,2025,1,1,January,6,Saturday,true,0,00:00,1,52653.250000,hist_gradient_boosting_31_leaves,53034.749303,381.499303,381.499303,55016.750000,52634.500000
2025-01-17T23:00:00+00:00,2025-01-18,2025-01-17T23:00:00+00:00,2025-01-18T00:00:00+00:00,2025-01-18T01:00:00,20250118,2025-01-18,2025,1,1,January,6,Saturday,true,1,01:00,2,50451.750000,hist_gradient_boosting_31_leaves,52258.997479,1807.247479,1807.247479,53662.750000,50172.500000
2025-01-17T23:00:00+00:00,2025-01-18,2025-01-17T23:00:00+00:00,2025-01-18T01:00:00+00:00,2025-01-18T02:00:00,20250118,2025-01-18,2025,1,1,January,6,Saturday,true,2,02:00,3,49596.500000,hist_gradient_boosting_31_leaves,50916.269710,1319.769710,1319.769710,52520.000000,48816.250000
2025-01-17T23:00:00+00:00,2025-01-18,2025-01-17T23:00:00+00:00,2025-01-18T02:00:00+00:00,2025-01-18T03:00:00,20250118,2025-01-18,2025,1,1,January,6,Saturday,true,3,03:00,4,49071.500000,hist_gradient_boosting_31_leaves,50872.891514,1801.391514,1801.391514,52736.250000,48908.250000
2025-01-17T23:00:00+00:00,2025-01-18,2025-01-17T23:00:00+00:00,2025-01-18T03:00:00+00:00,2025-01-18T04:00:00,20250118,2025-01-18,2025,1,1,January,6,Saturday,true,4,04:00,5,48822.000000,hist_gradient_boosting_31_leaves,51180.419511,2358.419511,2358.419511,53834.250000,49297.000000
2025-01-17T23:00:00+00:00,2025-01-18,2025-01-17T23:00:00+00:00,2025-01-18T04:00:00+00:00,2025-01-18T05:00:00,20250118,2025-01-18,2025,1,1,January,6,Saturday,true,5,05:00,6,48795.500000,hist_gradient_boosting_31_leaves,50630.922813,1835.422813,1835.422813,56218.500000,49129.750000
2025-01-17T23:00:00+00:00,2025-01-18,2025-01-17T23:00:00+00:00,2025-01-18T05:00:00+00:00,2025-01-18T06:00:00,20250118,2025-01-18,2025,1,1,January,6,Saturday,true,6,06:00,7,49926.250000,hist_gradient_boosting_31_leaves,51719.331553,1793.081553,1793.081553,62776.250000,50249.250000
2025-01-17T23:00:00+00:00,2025-01-18,2025-01-17T23:00:00+00:00,2025-01-18T06:00:00+00:00,2025-01-18T07:00:00,20250118,2025-01-18,2025,1,1,January,6,Saturday,true,7,07:00,8,52578.000000,hist_gradient_boosting_31_leaves,54752.135305,2174.135305,2174.135305,68718.000000,52542.000000
2025-01-17T23:00:00+00:00,2025-01-18,2025-01-17T23:00:00+00:00,2025-01-18T07:00:00+00:00,2025-01-18T08:00:00,20250118,2025-01-18,2025,1,1,January,6,Saturday,true,8,08:00,9,55984.250000,hist_gradient_boosting_31_leaves,58666.556934,2682.306934,2682.306934,71649.000000,55945.750000
2025-01-17T23:00:00+00:00,2025-01-18,2025-01-17T23:00:00+00:00,2025-01-18T08:00:00+00:00,2025-01-18T09:00:00,20250118,2025-01-18,2025,1,1,January,6,Saturday,true,9,09:00,10,58467.750000,hist_gradient_boosting_31_leaves,59133.369165,665.619165,665.619165,72301.000000,57341.500000
2025-01-17T23:00:00+00:00,2025-01-18,2025-01-17T23:00:00+00:00,2025-01-18T09:00:00+00:00,2025-01-18T10:00:00,20250118,2025-01-18,2025,1,1,January,6,Saturday,true,10,10:00,11,60088.000000,hist_gradient_boosting_31_leaves,59515.355042,-572.644958,572.644958,72762.250000,58715.750000
2025-01-17T23:00:00+00:00,2025-01-18,2025-01-17T23:00:00+00:00,2025-01-18T10:00:00+00:00,2025-01-18T11:00:00,20250118,2025-01-18,2025,1,1,January,6,Saturday,true,11,11:00,12,60883.750000,hist_gradient_boosting_31_leaves,60060.739774,-823.010226,823.010226,72752.500000,59783.750000
2025-01-17T23:00:00+00:00,2025-01-18,2025-01-17T23:00:00+00:00,2025-01-18T11:00:00+00:00,2025-01-18T12:00:00,20250118,2025-01-18,2025,1,1,January,6,Saturday,true,12,12:00,13,60351.250000,hist_gradient_boosting_31_leaves,59918.783872,-432.466128,432.466128,72316.250000,59532.000000
2025-01-17T23:00:00+00:00,2025-01-18,2025-01-17T23:00:00+00:00,2025-01-18T12:00:00+00:00,2025-01-18T13:00:00,20250118,2025-01-18,2025,1,1,January,6,Saturday,true,13,13:00,14,58812.000000,hist_gradient_boosting_31_leaves,58709.732208,-102.267792,102.267792,70636.250000,58830.500000
2025-01-17T23:00:00+00:00,2025-01-18,2025-01-17T23:00:00+00:00,2025-01-18T13:00:00+00:00,2025-01-18T14:00:00,20250118,2025-01-18,2025,1,1,January,6,Saturday,true,14,14:00,15,56723.000000,hist_gradient_boosting_31_leaves,58632.533532,1909.533532,1909.533532,69338.750000,58312.750000
2025-01-17T23:00:00+00:00,2025-01-18,2025-01-17T23:00:00+00:00,2025-01-18T14:00:00+00:00,2025-01-18T15:00:00,20250118,2025-01-18,2025,1,1,January,6,Saturday,true,15,15:00,16,56248.250000,hist_gradient_boosting_31_leaves,58847.754861,2599.504861,2599.504861,68483.000000,59321.250000
2025-01-17T23:00:00+00:00,2025-01-18,2025-01-17T23:00:00+00:00,2025-01-18T15:00:00+00:00,2025-01-18T16:00:00,20250118,2025-01-18,2025,1,1,January,6,Saturday,true,16,16:00,17,57701.500000,hist_gradient_boosting_31_leaves,60008.039906,2306.539906,2306.539906,69044.750000,60937.500000
2025-01-17T23:00:00+00:00,2025-01-18,2025-01-17T23:00:00+00:00,2025-01-18T16:00:00+00:00,2025-01-18T17:00:00,20250118,2025-01-18,2025,1,1,January,6,Saturday,true,17,17:00,18,60885.750000,hist_gradient_boosting_31_leaves,63866.727594,2980.977594,2980.977594,71124.000000,64393.250000
2025-01-17T23:00:00+00:00,2025-01-18,2025-01-17T23:00:00+00:00,2025-01-18T17:00:00+00:00,2025-01-18T18:00:00,20250118,2025-01-18,2025,1,1,January,6,Saturday,true,18,18:00,19,61915.500000,hist_gradient_boosting_31_leaves,62967.905404,1052.405404,1052.405404,70350.000000,64192.000000
2025-01-17T23:00:00+00:00,2025-01-18,2025-01-17T23:00:00+00:00,2025-01-18T18:00:00+00:00,2025-01-18T19:00:00,20250118,2025-01-18,2025,1,1,January,6,Saturday,true,19,19:00,20,59916.750000,hist_gradient_boosting_31_leaves,61891.870527,1975.120527,1975.120527,68110.250000,62785.500000
2025-01-17T23:00:00+00:00,2025-01-18,2025-01-17T23:00:00+00:00,2025-01-18T19:00:00+00:00,2025-01-18T20:00:00,20250118,2025-01-18,2025,1,1,January,6,Saturday,true,20,20:00,21,56650.500000,hist_gradient_boosting_31_leaves,58432.660480,1782.160480,1782.160480,64494.000000,59517.500000
2025-01-17T23:00:00+00:00,2025-01-18,2025-01-17T23:00:00+00:00,2025-01-18T20:00:00+00:00,2025-01-18T21:00:00,20250118,2025-01-18,2025,1,1,January,6,Saturday,true,21,21:00,22,54445.750000,hist_gradient_boosting_31_leaves,56713.899387,2268.149387,2268.149387,61249.250000,56842.000000
2025-01-17T23:00:00+00:00,2025-01-18,2025-01-17T23:00:00+00:00,2025-01-18T21:00:00+00:00,2025-01-18T22:00:00,20250118,2025-01-18,2025,1,1,January,6,Saturday,true,22,22:00,23,53054.500000,hist_gradient_boosting_31_leaves,55066.006645,2011.506645,2011.506645,58302.250000,54588.000000
2025-01-17T23:00:00+00:00,2025-01-18,2025-01-17T23:00:00+00:00,2025-01-18T22:00:00+00:00,2025-01-18T23:00:00,20250118,2025-01-18,2025,1,1,January,6,Saturday,true,23,23:00,24,50938.000000,hist_gradient_boosting_31_leaves,51948.495871,1010.495871,1010.495871,55755.750000,51575.500000
2025-01-18T23:00:00+00:00,2025-01-19,2025-01-18T23:00:00+00:00,2025-01-18T23:00:00+00:00,2025-01-19T00:00:00,20250119,2025-01-19,2025,1,1,January,7,Sunday,true,0,00:00,1,48546.000000,hist_gradient_boosting_31_leaves,48958.486254,412.486254,412.486254,52653.250000,49568.500000
2025-01-18T23:00:00+00:00,2025-01-19,2025-01-18T23:00:00+00:00,2025-01-19T00:00:00+00:00,2025-01-19T01:00:00,20250119,2025-01-19,2025,1,1,January,7,Sunday,true,1,01:00,2,46733.250000,hist_gradient_boosting_31_leaves,46414.676365,-318.573635,318.573635,50451.750000,48110.000000
2025-01-18T23:00:00+00:00,2025-01-19,2025-01-18T23:00:00+00:00,2025-01-19T01:00:00+00:00,2025-01-19T02:00:00,20250119,2025-01-19,2025,1,1,January,7,Sunday,true,2,02:00,3,45528.500000,hist_gradient_boosting_31_leaves,45617.635136,89.135136,89.135136,49596.500000,47573.000000
2025-01-18T23:00:00+00:00,2025-01-19,2025-01-18T23:00:00+00:00,2025-01-19T02:00:00+00:00,2025-01-19T03:00:00,20250119,2025-01-19,2025,1,1,January,7,Sunday,true,3,03:00,4,45278.500000,hist_gradient_boosting_31_leaves,45315.036935,36.536935,36.536935,49071.500000,47288.750000
2025-01-18T23:00:00+00:00,2025-01-19,2025-01-18T23:00:00+00:00,2025-01-19T03:00:00+00:00,2025-01-19T04:00:00,20250119,2025-01-19,2025,1,1,January,7,Sunday,true,4,04:00,5,44906.250000,hist_gradient_boosting_31_leaves,44767.151651,-139.098349,139.098349,48822.000000,47065.250000
2025-01-18T23:00:00+00:00,2025-01-19,2025-01-18T23:00:00+00:00,2025-01-19T04:00:00+00:00,2025-01-19T05:00:00,20250119,2025-01-19,2025,1,1,January,7,Sunday,true,5,05:00,6,44708.000000,hist_gradient_boosting_31_leaves,44819.599562,111.599562,111.599562,48795.500000,47240.750000
2025-01-18T23:00:00+00:00,2025-01-19,2025-01-18T23:00:00+00:00,2025-01-19T05:00:00+00:00,2025-01-19T06:00:00,20250119,2025-01-19,2025,1,1,January,7,Sunday,true,6,06:00,7,45053.250000,hist_gradient_boosting_31_leaves,45264.540716,211.290716,211.290716,49926.250000,47021.500000
2025-01-18T23:00:00+00:00,2025-01-19,2025-01-18T23:00:00+00:00,2025-01-19T06:00:00+00:00,2025-01-19T07:00:00,20250119,2025-01-19,2025,1,1,January,7,Sunday,true,7,07:00,8,47064.750000,hist_gradient_boosting_31_leaves,48288.476476,1223.726476,1223.726476,52578.000000,48476.500000
2025-01-18T23:00:00+00:00,2025-01-19,2025-01-18T23:00:00+00:00,2025-01-19T07:00:00+00:00,2025-01-19T08:00:00,20250119,2025-01-19,2025,1,1,January,7,Sunday,true,8,08:00,9,50256.500000,hist_gradient_boosting_31_leaves,51642.874479,1386.374479,1386.374479,55984.250000,51547.000000
2025-01-18T23:00:00+00:00,2025-01-19,2025-01-18T23:00:00+00:00,2025-01-19T08:00:00+00:00,2025-01-19T09:00:00,20250119,2025-01-19,2025,1,1,January,7,Sunday,true,9,09:00,10,53374.500000,hist_gradient_boosting_31_leaves,53799.033699,424.533699,424.533699,58467.750000,53799.000000
2025-01-18T23:00:00+00:00,2025-01-19,2025-01-18T23:00:00+00:00,2025-01-19T09:00:00+00:00,2025-01-19T10:00:00,20250119,2025-01-19,2025,1,1,January,7,Sunday,true,10,10:00,11,56370.750000,hist_gradient_boosting_31_leaves,56576.610061,205.860061,205.860061,60088.000000,55928.750000
2025-01-18T23:00:00+00:00,2025-01-19,2025-01-18T23:00:00+00:00,2025-01-19T10:00:00+00:00,2025-01-19T11:00:00,20250119,2025-01-19,2025,1,1,January,7,Sunday,true,11,11:00,12,58288.750000,hist_gradient_boosting_31_leaves,57459.433898,-829.316102,829.316102,60883.750000,57980.500000
2025-01-18T23:00:00+00:00,2025-01-19,2025-01-18T23:00:00+00:00,2025-01-19T11:00:00+00:00,2025-01-19T12:00:00,20250119,2025-01-19,2025,1,1,January,7,Sunday,true,12,12:00,13,57773.500000,hist_gradient_boosting_31_leaves,56922.362648,-851.137352,851.137352,60351.250000,57379.000000
2025-01-18T23:00:00+00:00,2025-01-19,2025-01-18T23:00:00+00:00,2025-01-19T12:00:00+00:00,2025-01-19T13:00:00,20250119,2025-01-19,2025,1,1,January,7,Sunday,true,13,13:00,14,55552.000000,hist_gradient_boosting_31_leaves,56003.424759,451.424759,451.424759,58812.000000,54996.250000
2025-01-18T23:00:00+00:00,2025-01-19,2025-01-18T23:00:00+00:00,2025-01-19T13:00:00+00:00,2025-01-19T14:00:00,20250119,2025-01-19,2025,1,1,January,7,Sunday,true,14,14:00,15,53045.250000,hist_gradient_boosting_31_leaves,54017.166545,971.916545,971.916545,56723.000000,53568.000000
2025-01-18T23:00:00+00:00,2025-01-19,2025-01-18T23:00:00+00:00,2025-01-19T14:00:00+00:00,2025-01-19T15:00:00,20250119,2025-01-19,2025,1,1,January,7,Sunday,true,15,15:00,16,52468.750000,hist_gradient_boosting_31_leaves,53663.099015,1194.349015,1194.349015,56248.250000,53008.500000
2025-01-18T23:00:00+00:00,2025-01-19,2025-01-18T23:00:00+00:00,2025-01-19T15:00:00+00:00,2025-01-19T16:00:00,20250119,2025-01-19,2025,1,1,January,7,Sunday,true,16,16:00,17,54950.000000,hist_gradient_boosting_31_leaves,55041.348881,91.348881,91.348881,57701.500000,55137.750000
2025-01-18T23:00:00+00:00,2025-01-19,2025-01-18T23:00:00+00:00,2025-01-19T16:00:00+00:00,2025-01-19T17:00:00,20250119,2025-01-19,2025,1,1,January,7,Sunday,true,17,17:00,18,58847.750000,hist_gradient_boosting_31_leaves,58472.275544,-375.474456,375.474456,60885.750000,59192.500000
2025-01-18T23:00:00+00:00,2025-01-19,2025-01-18T23:00:00+00:00,2025-01-19T17:00:00+00:00,2025-01-19T18:00:00,20250119,2025-01-19,2025,1,1,January,7,Sunday,true,18,18:00,19,60169.000000,hist_gradient_boosting_31_leaves,59370.468197,-798.531803,798.531803,61915.500000,60136.250000
2025-01-18T23:00:00+00:00,2025-01-19,2025-01-18T23:00:00+00:00,2025-01-19T18:00:00+00:00,2025-01-19T19:00:00,20250119,2025-01-19,2025,1,1,January,7,Sunday,true,19,19:00,20,58681.500000,hist_gradient_boosting_31_leaves,58319.766727,-361.733273,361.733273,59916.750000,58899.500000
2025-01-18T23:00:00+00:00,2025-01-19,2025-01-18T23:00:00+00:00,2025-01-19T19:00:00+00:00,2025-01-19T20:00:00,20250119,2025-01-19,2025,1,1,January,7,Sunday,true,20,20:00,21,56182.750000,hist_gradient_boosting_31_leaves,56192.587887,9.837887,9.837887,56650.500000,56130.250000
2025-01-18T23:00:00+00:00,2025-01-19,2025-01-18T23:00:00+00:00,2025-01-19T20:00:00+00:00,2025-01-19T21:00:00,20250119,2025-01-19,2025,1,1,January,7,Sunday,true,21,21:00,22,54218.500000,hist_gradient_boosting_31_leaves,54351.939436,133.439436,133.439436,54445.750000,54360.750000
2025-01-18T23:00:00+00:00,2025-01-19,2025-01-18T23:00:00+00:00,2025-01-19T21:00:00+00:00,2025-01-19T22:00:00,20250119,2025-01-19,2025,1,1,January,7,Sunday,true,22,22:00,23,53452.750000,hist_gradient_boosting_31_leaves,53303.792473,-148.957527,148.957527,53054.500000,53362.250000
2025-01-18T23:00:00+00:00,2025-01-19,2025-01-18T23:00:00+00:00,2025-01-19T22:00:00+00:00,2025-01-19T23:00:00,20250119,2025-01-19,2025,1,1,January,7,Sunday,true,23,23:00,24,51492.000000,hist_gradient_boosting_31_leaves,51621.546122,129.546122,129.546122,50938.000000,50864.500000
2025-01-19T23:00:00+00:00,2025-01-20,2025-01-19T23:00:00+00:00,2025-01-19T23:00:00+00:00,2025-01-20T00:00:00,20250120,2025-01-20,2025,1,1,January,1,Monday,false,0,00:00,1,49557.500000,hist_gradient_boosting_31_leaves,49879.558556,322.058556,322.058556,48546.000000,48753.250000
2025-01-19T23:00:00+00:00,2025-01-20,2025-01-19T23:00:00+00:00,2025-01-20T00:00:00+00:00,2025-01-20T01:00:00,20250120,2025-01-20,2025,1,1,January,1,Monday,false,1,01:00,2,48229.750000,hist_gradient_boosting_31_leaves,48868.358881,638.608881,638.608881,46733.250000,47781.250000
2025-01-19T23:00:00+00:00,2025-01-20,2025-01-19T23:00:00+00:00,2025-01-20T01:00:00+00:00,2025-01-20T02:00:00,20250120,2025-01-20,2025,1,1,January,1,Monday,false,2,02:00,3,48346.750000,hist_gradient_boosting_31_leaves,48415.987775,69.237775,69.237775,45528.500000,47589.750000
2025-01-19T23:00:00+00:00,2025-01-20,2025-01-19T23:00:00+00:00,2025-01-20T02:00:00+00:00,2025-01-20T03:00:00,20250120,2025-01-20,2025,1,1,January,1,Monday,false,3,03:00,4,49360.250000,hist_gradient_boosting_31_leaves,48326.612533,-1033.637467,1033.637467,45278.500000,47786.750000
2025-01-19T23:00:00+00:00,2025-01-20,2025-01-19T23:00:00+00:00,2025-01-20T03:00:00+00:00,2025-01-20T04:00:00,20250120,2025-01-20,2025,1,1,January,1,Monday,false,4,04:00,5,50116.500000,hist_gradient_boosting_31_leaves,48764.608866,-1351.891134,1351.891134,44906.250000,49214.250000
2025-01-19T23:00:00+00:00,2025-01-20,2025-01-19T23:00:00+00:00,2025-01-20T04:00:00+00:00,2025-01-20T05:00:00,20250120,2025-01-20,2025,1,1,January,1,Monday,false,5,05:00,6,53412.750000,hist_gradient_boosting_31_leaves,52920.425576,-492.324424,492.324424,44708.000000,53424.000000
2025-01-19T23:00:00+00:00,2025-01-20,2025-01-19T23:00:00+00:00,2025-01-20T05:00:00+00:00,2025-01-20T06:00:00,20250120,2025-01-20,2025,1,1,January,1,Monday,false,6,06:00,7,61817.750000,hist_gradient_boosting_31_leaves,62138.889025,321.139025,321.139025,45053.250000,61496.000000
2025-01-19T23:00:00+00:00,2025-01-20,2025-01-19T23:00:00+00:00,2025-01-20T06:00:00+00:00,2025-01-20T07:00:00,20250120,2025-01-20,2025,1,1,January,1,Monday,false,7,07:00,8,67791.250000,hist_gradient_boosting_31_leaves,68662.788367,871.538367,871.538367,47064.750000,68091.750000
2025-01-19T23:00:00+00:00,2025-01-20,2025-01-19T23:00:00+00:00,2025-01-20T07:00:00+00:00,2025-01-20T08:00:00,20250120,2025-01-20,2025,1,1,January,1,Monday,false,8,08:00,9,70904.250000,hist_gradient_boosting_31_leaves,70549.492301,-354.757699,354.757699,50256.500000,71047.750000
2025-01-19T23:00:00+00:00,2025-01-20,2025-01-19T23:00:00+00:00,2025-01-20T08:00:00+00:00,2025-01-20T09:00:00,20250120,2025-01-20,2025,1,1,January,1,Monday,false,9,09:00,10,71357.250000,hist_gradient_boosting_31_leaves,70834.645957,-522.604043,522.604043,53374.500000,71218.000000
2025-01-19T23:00:00+00:00,2025-01-20,2025-01-19T23:00:00+00:00,2025-01-20T09:00:00+00:00,2025-01-20T10:00:00,20250120,2025-01-20,2025,1,1,January,1,Monday,false,10,10:00,11,72015.500000,hist_gradient_boosting_31_leaves,71505.311430,-510.188570,510.188570,56370.750000,71638.250000
2025-01-19T23:00:00+00:00,2025-01-20,2025-01-19T23:00:00+00:00,2025-01-20T10:00:00+00:00,2025-01-20T11:00:00,20250120,2025-01-20,2025,1,1,January,1,Monday,false,11,11:00,12,72081.250000,hist_gradient_boosting_31_leaves,71613.013393,-468.236607,468.236607,58288.750000,71511.250000
2025-01-19T23:00:00+00:00,2025-01-20,2025-01-19T23:00:00+00:00,2025-01-20T11:00:00+00:00,2025-01-20T12:00:00,20250120,2025-01-20,2025,1,1,January,1,Monday,false,12,12:00,13,71434.000000,hist_gradient_boosting_31_leaves,71665.162141,231.162141,231.162141,57773.500000,72129.750000
2025-01-19T23:00:00+00:00,2025-01-20,2025-01-19T23:00:00+00:00,2025-01-20T12:00:00+00:00,2025-01-20T13:00:00,20250120,2025-01-20,2025,1,1,January,1,Monday,false,13,13:00,14,70481.000000,hist_gradient_boosting_31_leaves,71123.206878,642.206878,642.206878,55552.000000,71078.750000
2025-01-19T23:00:00+00:00,2025-01-20,2025-01-19T23:00:00+00:00,2025-01-20T13:00:00+00:00,2025-01-20T14:00:00,20250120,2025-01-20,2025,1,1,January,1,Monday,false,14,14:00,15,68927.500000,hist_gradient_boosting_31_leaves,69559.028932,631.528932,631.528932,53045.250000,69373.250000
2025-01-19T23:00:00+00:00,2025-01-20,2025-01-19T23:00:00+00:00,2025-01-20T14:00:00+00:00,2025-01-20T15:00:00,20250120,2025-01-20,2025,1,1,January,1,Monday,false,15,15:00,16,68282.500000,hist_gradient_boosting_31_leaves,69595.453305,1312.953305,1312.953305,52468.750000,69400.000000
2025-01-19T23:00:00+00:00,2025-01-20,2025-01-19T23:00:00+00:00,2025-01-20T15:00:00+00:00,2025-01-20T16:00:00,20250120,2025-01-20,2025,1,1,January,1,Monday,false,16,16:00,17,68535.750000,hist_gradient_boosting_31_leaves,70292.009821,1756.259821,1756.259821,54950.000000,70862.500000
2025-01-19T23:00:00+00:00,2025-01-20,2025-01-19T23:00:00+00:00,2025-01-20T16:00:00+00:00,2025-01-20T17:00:00,20250120,2025-01-20,2025,1,1,January,1,Monday,false,17,17:00,18,70641.750000,hist_gradient_boosting_31_leaves,71751.653573,1109.903573,1109.903573,58847.750000,73665.000000
2025-01-19T23:00:00+00:00,2025-01-20,2025-01-19T23:00:00+00:00,2025-01-20T17:00:00+00:00,2025-01-20T18:00:00,20250120,2025-01-20,2025,1,1,January,1,Monday,false,18,18:00,19,70406.000000,hist_gradient_boosting_31_leaves,72064.884604,1658.884604,1658.884604,60169.000000,74033.500000
2025-01-19T23:00:00+00:00,2025-01-20,2025-01-19T23:00:00+00:00,2025-01-20T18:00:00+00:00,2025-01-20T19:00:00,20250120,2025-01-20,2025,1,1,January,1,Monday,false,19,19:00,20,69367.000000,hist_gradient_boosting_31_leaves,71528.025701,2161.025701,2161.025701,58681.500000,73320.500000
2025-01-19T23:00:00+00:00,2025-01-20,2025-01-19T23:00:00+00:00,2025-01-20T19:00:00+00:00,2025-01-20T20:00:00,20250120,2025-01-20,2025,1,1,January,1,Monday,false,20,20:00,21,66116.250000,hist_gradient_boosting_31_leaves,69297.756060,3181.506060,3181.506060,56182.750000,70024.250000
2025-01-19T23:00:00+00:00,2025-01-20,2025-01-19T23:00:00+00:00,2025-01-20T20:00:00+00:00,2025-01-20T21:00:00,20250120,2025-01-20,2025,1,1,January,1,Monday,false,21,21:00,22,62747.000000,hist_gradient_boosting_31_leaves,66740.226308,3993.226308,3993.226308,54218.500000,66930.000000
2025-01-19T23:00:00+00:00,2025-01-20,2025-01-19T23:00:00+00:00,2025-01-20T21:00:00+00:00,2025-01-20T22:00:00,20250120,2025-01-20,2025,1,1,January,1,Monday,false,22,22:00,23,59855.500000,hist_gradient_boosting_31_leaves,63747.388354,3891.888354,3891.888354,53452.750000,63297.750000
2025-01-19T23:00:00+00:00,2025-01-20,2025-01-19T23:00:00+00:00,2025-01-20T22:00:00+00:00,2025-01-20T23:00:00,20250120,2025-01-20,2025,1,1,January,1,Monday,false,23,23:00,24,56860.000000,hist_gradient_boosting_31_leaves,59700.597486,2840.597486,2840.597486,51492.000000,59731.500000
2025-01-20T23:00:00+00:00,2025-01-21,2025-01-20T23:00:00+00:00,2025-01-20T23:00:00+00:00,2025-01-21T00:00:00,20250121,2025-01-21,2025,1,1,January,2,Tuesday,false,0,00:00,1,53558.250000,hist_gradient_boosting_31_leaves,56611.875333,3053.625333,3053.625333,49557.500000,57074.250000
2025-01-20T23:00:00+00:00,2025-01-21,2025-01-20T23:00:00+00:00,2025-01-21T00:00:00+00:00,2025-01-21T01:00:00,20250121,2025-01-21,2025,1,1,January,2,Tuesday,false,1,01:00,2,52380.750000,hist_gradient_boosting_31_leaves,55586.081993,3205.331993,3205.331993,48229.750000,55839.250000
2025-01-20T23:00:00+00:00,2025-01-21,2025-01-20T23:00:00+00:00,2025-01-21T01:00:00+00:00,2025-01-21T02:00:00,20250121,2025-01-21,2025,1,1,January,2,Tuesday,false,2,02:00,3,51881.500000,hist_gradient_boosting_31_leaves,54726.954854,2845.454854,2845.454854,48346.750000,55497.000000
2025-01-20T23:00:00+00:00,2025-01-21,2025-01-20T23:00:00+00:00,2025-01-21T02:00:00+00:00,2025-01-21T03:00:00,20250121,2025-01-21,2025,1,1,January,2,Tuesday,false,3,03:00,4,52211.250000,hist_gradient_boosting_31_leaves,55605.071794,3393.821794,3393.821794,49360.250000,55779.250000
2025-01-20T23:00:00+00:00,2025-01-21,2025-01-20T23:00:00+00:00,2025-01-21T03:00:00+00:00,2025-01-21T04:00:00,20250121,2025-01-21,2025,1,1,January,2,Tuesday,false,4,04:00,5,53166.750000,hist_gradient_boosting_31_leaves,55726.089927,2559.339927,2559.339927,50116.500000,55972.500000
2025-01-20T23:00:00+00:00,2025-01-21,2025-01-20T23:00:00+00:00,2025-01-21T04:00:00+00:00,2025-01-21T05:00:00,20250121,2025-01-21,2025,1,1,January,2,Tuesday,false,5,05:00,6,56709.500000,hist_gradient_boosting_31_leaves,58980.647174,2271.147174,2271.147174,53412.750000,59524.000000
2025-01-20T23:00:00+00:00,2025-01-21,2025-01-20T23:00:00+00:00,2025-01-21T05:00:00+00:00,2025-01-21T06:00:00,20250121,2025-01-21,2025,1,1,January,2,Tuesday,false,6,06:00,7,63081.500000,hist_gradient_boosting_31_leaves,66185.244861,3103.744861,3103.744861,61817.750000,67235.500000
2025-01-20T23:00:00+00:00,2025-01-21,2025-01-20T23:00:00+00:00,2025-01-21T06:00:00+00:00,2025-01-21T07:00:00,20250121,2025-01-21,2025,1,1,January,2,Tuesday,false,7,07:00,8,69067.000000,hist_gradient_boosting_31_leaves,70416.220810,1349.220810,1349.220810,67791.250000,72920.000000
2025-01-20T23:00:00+00:00,2025-01-21,2025-01-20T23:00:00+00:00,2025-01-21T07:00:00+00:00,2025-01-21T08:00:00,20250121,2025-01-21,2025,1,1,January,2,Tuesday,false,8,08:00,9,71656.000000,hist_gradient_boosting_31_leaves,72972.068331,1316.068331,1316.068331,70904.250000,75361.000000
2025-01-20T23:00:00+00:00,2025-01-21,2025-01-20T23:00:00+00:00,2025-01-21T08:00:00+00:00,2025-01-21T09:00:00,20250121,2025-01-21,2025,1,1,January,2,Tuesday,false,9,09:00,10,71390.500000,hist_gradient_boosting_31_leaves,73211.360622,1820.860622,1820.860622,71357.250000,75318.250000
2025-01-20T23:00:00+00:00,2025-01-21,2025-01-20T23:00:00+00:00,2025-01-21T09:00:00+00:00,2025-01-21T10:00:00,20250121,2025-01-21,2025,1,1,January,2,Tuesday,false,10,10:00,11,71641.250000,hist_gradient_boosting_31_leaves,73516.279563,1875.029563,1875.029563,72015.500000,75097.250000
2025-01-20T23:00:00+00:00,2025-01-21,2025-01-20T23:00:00+00:00,2025-01-21T10:00:00+00:00,2025-01-21T11:00:00,20250121,2025-01-21,2025,1,1,January,2,Tuesday,false,11,11:00,12,71080.750000,hist_gradient_boosting_31_leaves,73209.284031,2128.534031,2128.534031,72081.250000,74421.250000
2025-01-20T23:00:00+00:00,2025-01-21,2025-01-20T23:00:00+00:00,2025-01-21T11:00:00+00:00,2025-01-21T12:00:00,20250121,2025-01-21,2025,1,1,January,2,Tuesday,false,12,12:00,13,70112.750000,hist_gradient_boosting_31_leaves,72832.484481,2719.734481,2719.734481,71434.000000,74441.750000
2025-01-20T23:00:00+00:00,2025-01-21,2025-01-20T23:00:00+00:00,2025-01-21T12:00:00+00:00,2025-01-21T13:00:00,20250121,2025-01-21,2025,1,1,January,2,Tuesday,false,13,13:00,14,69167.000000,hist_gradient_boosting_31_leaves,71310.822079,2143.822079,2143.822079,70481.000000,73475.750000
2025-01-20T23:00:00+00:00,2025-01-21,2025-01-20T23:00:00+00:00,2025-01-21T13:00:00+00:00,2025-01-21T14:00:00,20250121,2025-01-21,2025,1,1,January,2,Tuesday,false,14,14:00,15,67431.000000,hist_gradient_boosting_31_leaves,70112.289369,2681.289369,2681.289369,68927.500000,72159.500000
2025-01-20T23:00:00+00:00,2025-01-21,2025-01-20T23:00:00+00:00,2025-01-21T14:00:00+00:00,2025-01-21T15:00:00,20250121,2025-01-21,2025,1,1,January,2,Tuesday,false,15,15:00,16,67247.250000,hist_gradient_boosting_31_leaves,69789.910165,2542.660165,2542.660165,68282.500000,71055.500000
2025-01-20T23:00:00+00:00,2025-01-21,2025-01-20T23:00:00+00:00,2025-01-21T15:00:00+00:00,2025-01-21T16:00:00,20250121,2025-01-21,2025,1,1,January,2,Tuesday,false,16,16:00,17,67880.000000,hist_gradient_boosting_31_leaves,69896.533676,2016.533676,2016.533676,68535.750000,72210.000000
2025-01-20T23:00:00+00:00,2025-01-21,2025-01-20T23:00:00+00:00,2025-01-21T16:00:00+00:00,2025-01-21T17:00:00,20250121,2025-01-21,2025,1,1,January,2,Tuesday,false,17,17:00,18,70263.750000,hist_gradient_boosting_31_leaves,71791.365768,1527.615768,1527.615768,70641.750000,74400.500000
2025-01-20T23:00:00+00:00,2025-01-21,2025-01-20T23:00:00+00:00,2025-01-21T17:00:00+00:00,2025-01-21T18:00:00,20250121,2025-01-21,2025,1,1,January,2,Tuesday,false,18,18:00,19,70637.500000,hist_gradient_boosting_31_leaves,71356.416671,718.916671,718.916671,70406.000000,73791.250000
2025-01-20T23:00:00+00:00,2025-01-21,2025-01-20T23:00:00+00:00,2025-01-21T18:00:00+00:00,2025-01-21T19:00:00,20250121,2025-01-21,2025,1,1,January,2,Tuesday,false,19,19:00,20,69137.750000,hist_gradient_boosting_31_leaves,70000.911310,863.161310,863.161310,69367.000000,71606.750000
2025-01-20T23:00:00+00:00,2025-01-21,2025-01-20T23:00:00+00:00,2025-01-21T19:00:00+00:00,2025-01-21T20:00:00,20250121,2025-01-21,2025,1,1,January,2,Tuesday,false,20,20:00,21,65321.250000,hist_gradient_boosting_31_leaves,66608.856334,1287.606334,1287.606334,66116.250000,68714.250000
2025-01-20T23:00:00+00:00,2025-01-21,2025-01-20T23:00:00+00:00,2025-01-21T20:00:00+00:00,2025-01-21T21:00:00,20250121,2025-01-21,2025,1,1,January,2,Tuesday,false,21,21:00,22,61923.000000,hist_gradient_boosting_31_leaves,63088.622894,1165.622894,1165.622894,62747.000000,65535.750000
2025-01-20T23:00:00+00:00,2025-01-21,2025-01-20T23:00:00+00:00,2025-01-21T21:00:00+00:00,2025-01-21T22:00:00,20250121,2025-01-21,2025,1,1,January,2,Tuesday,false,22,22:00,23,58922.500000,hist_gradient_boosting_31_leaves,59853.483081,930.983081,930.983081,59855.500000,61819.750000
2025-01-20T23:00:00+00:00,2025-01-21,2025-01-20T23:00:00+00:00,2025-01-21T22:00:00+00:00,2025-01-21T23:00:00,20250121,2025-01-21,2025,1,1,January,2,Tuesday,false,23,23:00,24,55789.250000,hist_gradient_boosting_31_leaves,57171.510226,1382.260226,1382.260226,56860.000000,58227.250000
2025-01-21T23:00:00+00:00,2025-01-22,2025-01-21T23:00:00+00:00,2025-01-21T23:00:00+00:00,2025-01-22T00:00:00,20250122,2025-01-22,2025,1,1,January,3,Wednesday,false,0,00:00,1,52824.500000,hist_gradient_boosting_31_leaves,53009.936699,185.436699,185.436699,53558.250000,54865.750000
2025-01-21T23:00:00+00:00,2025-01-22,2025-01-21T23:00:00+00:00,2025-01-22T00:00:00+00:00,2025-01-22T01:00:00,20250122,2025-01-22,2025,1,1,January,3,Wednesday,false,1,01:00,2,50956.000000,hist_gradient_boosting_31_leaves,51728.615778,772.615778,772.615778,52380.750000,53291.250000
2025-01-21T23:00:00+00:00,2025-01-22,2025-01-21T23:00:00+00:00,2025-01-22T01:00:00+00:00,2025-01-22T02:00:00,20250122,2025-01-22,2025,1,1,January,3,Wednesday,false,2,02:00,3,50275.750000,hist_gradient_boosting_31_leaves,51274.699450,998.949450,998.949450,51881.500000,52589.000000
2025-01-21T23:00:00+00:00,2025-01-22,2025-01-21T23:00:00+00:00,2025-01-22T02:00:00+00:00,2025-01-22T03:00:00,20250122,2025-01-22,2025,1,1,January,3,Wednesday,false,3,03:00,4,50527.750000,hist_gradient_boosting_31_leaves,51274.699450,746.949450,746.949450,52211.250000,52567.500000
2025-01-21T23:00:00+00:00,2025-01-22,2025-01-21T23:00:00+00:00,2025-01-22T03:00:00+00:00,2025-01-22T04:00:00,20250122,2025-01-22,2025,1,1,January,3,Wednesday,false,4,04:00,5,51299.000000,hist_gradient_boosting_31_leaves,52408.418843,1109.418843,1109.418843,53166.750000,53132.500000
2025-01-21T23:00:00+00:00,2025-01-22,2025-01-21T23:00:00+00:00,2025-01-22T04:00:00+00:00,2025-01-22T05:00:00,20250122,2025-01-22,2025,1,1,January,3,Wednesday,false,5,05:00,6,54505.750000,hist_gradient_boosting_31_leaves,55649.609121,1143.859121,1143.859121,56709.500000,56003.500000
2025-01-21T23:00:00+00:00,2025-01-22,2025-01-21T23:00:00+00:00,2025-01-22T05:00:00+00:00,2025-01-22T06:00:00,20250122,2025-01-22,2025,1,1,January,3,Wednesday,false,6,06:00,7,61508.000000,hist_gradient_boosting_31_leaves,61908.542602,400.542602,400.542602,63081.500000,62412.750000
2025-01-21T23:00:00+00:00,2025-01-22,2025-01-21T23:00:00+00:00,2025-01-22T06:00:00+00:00,2025-01-22T07:00:00,20250122,2025-01-22,2025,1,1,January,3,Wednesday,false,7,07:00,8,66900.750000,hist_gradient_boosting_31_leaves,67613.031638,712.281638,712.281638,69067.000000,67397.500000
2025-01-21T23:00:00+00:00,2025-01-22,2025-01-21T23:00:00+00:00,2025-01-22T07:00:00+00:00,2025-01-22T08:00:00,20250122,2025-01-22,2025,1,1,January,3,Wednesday,false,8,08:00,9,69385.500000,hist_gradient_boosting_31_leaves,70379.284701,993.784701,993.784701,71656.000000,70234.250000
2025-01-21T23:00:00+00:00,2025-01-22,2025-01-21T23:00:00+00:00,2025-01-22T08:00:00+00:00,2025-01-22T09:00:00,20250122,2025-01-22,2025,1,1,January,3,Wednesday,false,9,09:00,10,69585.500000,hist_gradient_boosting_31_leaves,70324.309706,738.809706,738.809706,71390.500000,70336.500000
2025-01-21T23:00:00+00:00,2025-01-22,2025-01-21T23:00:00+00:00,2025-01-22T09:00:00+00:00,2025-01-22T10:00:00,20250122,2025-01-22,2025,1,1,January,3,Wednesday,false,10,10:00,11,69225.250000,hist_gradient_boosting_31_leaves,70757.071670,1531.821670,1531.821670,71641.250000,70735.000000
2025-01-21T23:00:00+00:00,2025-01-22,2025-01-21T23:00:00+00:00,2025-01-22T10:00:00+00:00,2025-01-22T11:00:00,20250122,2025-01-22,2025,1,1,January,3,Wednesday,false,11,11:00,12,69535.250000,hist_gradient_boosting_31_leaves,70737.155586,1201.905586,1201.905586,71080.750000,70812.000000
2025-01-21T23:00:00+00:00,2025-01-22,2025-01-21T23:00:00+00:00,2025-01-22T11:00:00+00:00,2025-01-22T12:00:00,20250122,2025-01-22,2025,1,1,January,3,Wednesday,false,12,12:00,13,69538.500000,hist_gradient_boosting_31_leaves,69633.235641,94.735641,94.735641,70112.750000,70104.750000
2025-01-21T23:00:00+00:00,2025-01-22,2025-01-21T23:00:00+00:00,2025-01-22T12:00:00+00:00,2025-01-22T13:00:00,20250122,2025-01-22,2025,1,1,January,3,Wednesday,false,13,13:00,14,67885.500000,hist_gradient_boosting_31_leaves,68529.314457,643.814457,643.814457,69167.000000,69386.250000
2025-01-21T23:00:00+00:00,2025-01-22,2025-01-21T23:00:00+00:00,2025-01-22T13:00:00+00:00,2025-01-22T14:00:00,20250122,2025-01-22,2025,1,1,January,3,Wednesday,false,14,14:00,15,66803.500000,hist_gradient_boosting_31_leaves,67640.157368,836.657368,836.657368,67431.000000,68635.000000
2025-01-21T23:00:00+00:00,2025-01-22,2025-01-21T23:00:00+00:00,2025-01-22T14:00:00+00:00,2025-01-22T15:00:00,20250122,2025-01-22,2025,1,1,January,3,Wednesday,false,15,15:00,16,66384.000000,hist_gradient_boosting_31_leaves,67429.206662,1045.206662,1045.206662,67247.250000,68244.500000
2025-01-21T23:00:00+00:00,2025-01-22,2025-01-21T23:00:00+00:00,2025-01-22T15:00:00+00:00,2025-01-22T16:00:00,20250122,2025-01-22,2025,1,1,January,3,Wednesday,false,16,16:00,17,67409.250000,hist_gradient_boosting_31_leaves,67703.915384,294.665384,294.665384,67880.000000,68451.750000
2025-01-21T23:00:00+00:00,2025-01-22,2025-01-21T23:00:00+00:00,2025-01-22T16:00:00+00:00,2025-01-22T17:00:00,20250122,2025-01-22,2025,1,1,January,3,Wednesday,false,17,17:00,18,70517.750000,hist_gradient_boosting_31_leaves,69170.813428,-1346.936572,1346.936572,70263.750000,70368.250000
2025-01-21T23:00:00+00:00,2025-01-22,2025-01-21T23:00:00+00:00,2025-01-22T17:00:00+00:00,2025-01-22T18:00:00,20250122,2025-01-22,2025,1,1,January,3,Wednesday,false,18,18:00,19,71098.250000,hist_gradient_boosting_31_leaves,69817.355959,-1280.894041,1280.894041,70637.500000,69878.000000
2025-01-21T23:00:00+00:00,2025-01-22,2025-01-21T23:00:00+00:00,2025-01-22T18:00:00+00:00,2025-01-22T19:00:00,20250122,2025-01-22,2025,1,1,January,3,Wednesday,false,19,19:00,20,69011.500000,hist_gradient_boosting_31_leaves,68230.781096,-780.718904,780.718904,69137.750000,68104.000000
2025-01-21T23:00:00+00:00,2025-01-22,2025-01-21T23:00:00+00:00,2025-01-22T19:00:00+00:00,2025-01-22T20:00:00,20250122,2025-01-22,2025,1,1,January,3,Wednesday,false,20,20:00,21,65808.500000,hist_gradient_boosting_31_leaves,64506.327804,-1302.172196,1302.172196,65321.250000,64635.750000
2025-01-21T23:00:00+00:00,2025-01-22,2025-01-21T23:00:00+00:00,2025-01-22T20:00:00+00:00,2025-01-22T21:00:00,20250122,2025-01-22,2025,1,1,January,3,Wednesday,false,21,21:00,22,62468.750000,hist_gradient_boosting_31_leaves,60934.606194,-1534.143806,1534.143806,61923.000000,61225.500000
2025-01-21T23:00:00+00:00,2025-01-22,2025-01-21T23:00:00+00:00,2025-01-22T21:00:00+00:00,2025-01-22T22:00:00,20250122,2025-01-22,2025,1,1,January,3,Wednesday,false,22,22:00,23,59505.250000,hist_gradient_boosting_31_leaves,58043.619435,-1461.630565,1461.630565,58922.500000,57845.250000
2025-01-21T23:00:00+00:00,2025-01-22,2025-01-21T23:00:00+00:00,2025-01-22T22:00:00+00:00,2025-01-22T23:00:00,20250122,2025-01-22,2025,1,1,January,3,Wednesday,false,23,23:00,24,55956.000000,hist_gradient_boosting_31_leaves,54464.111284,-1491.888716,1491.888716,55789.250000,54558.500000
2025-01-22T23:00:00+00:00,2025-01-23,2025-01-22T23:00:00+00:00,2025-01-22T23:00:00+00:00,2025-01-23T00:00:00,20250123,2025-01-23,2025,1,1,January,4,Thursday,false,0,00:00,1,52061.250000,hist_gradient_boosting_31_leaves,52686.926874,625.676874,625.676874,52824.500000,52214.250000
2025-01-22T23:00:00+00:00,2025-01-23,2025-01-22T23:00:00+00:00,2025-01-23T00:00:00+00:00,2025-01-23T01:00:00,20250123,2025-01-23,2025,1,1,January,4,Thursday,false,1,01:00,2,49711.500000,hist_gradient_boosting_31_leaves,50873.319213,1161.819213,1161.819213,50956.000000,51586.500000
2025-01-22T23:00:00+00:00,2025-01-23,2025-01-22T23:00:00+00:00,2025-01-23T01:00:00+00:00,2025-01-23T02:00:00,20250123,2025-01-23,2025,1,1,January,4,Thursday,false,2,02:00,3,49149.500000,hist_gradient_boosting_31_leaves,50157.085312,1007.585312,1007.585312,50275.750000,50583.500000
2025-01-22T23:00:00+00:00,2025-01-23,2025-01-22T23:00:00+00:00,2025-01-23T02:00:00+00:00,2025-01-23T03:00:00,20250123,2025-01-23,2025,1,1,January,4,Thursday,false,3,03:00,4,48911.000000,hist_gradient_boosting_31_leaves,50116.847747,1205.847747,1205.847747,50527.750000,50776.250000
2025-01-22T23:00:00+00:00,2025-01-23,2025-01-22T23:00:00+00:00,2025-01-23T03:00:00+00:00,2025-01-23T04:00:00,20250123,2025-01-23,2025,1,1,January,4,Thursday,false,4,04:00,5,50120.000000,hist_gradient_boosting_31_leaves,51444.006713,1324.006713,1324.006713,51299.000000,52439.750000
2025-01-22T23:00:00+00:00,2025-01-23,2025-01-22T23:00:00+00:00,2025-01-23T04:00:00+00:00,2025-01-23T05:00:00,20250123,2025-01-23,2025,1,1,January,4,Thursday,false,5,05:00,6,53399.750000,hist_gradient_boosting_31_leaves,54889.127730,1489.377730,1489.377730,54505.750000,55919.500000
2025-01-22T23:00:00+00:00,2025-01-23,2025-01-22T23:00:00+00:00,2025-01-23T05:00:00+00:00,2025-01-23T06:00:00,20250123,2025-01-23,2025,1,1,January,4,Thursday,false,6,06:00,7,60814.250000,hist_gradient_boosting_31_leaves,61489.162767,674.912767,674.912767,61508.000000,62634.500000
2025-01-22T23:00:00+00:00,2025-01-23,2025-01-22T23:00:00+00:00,2025-01-23T06:00:00+00:00,2025-01-23T07:00:00,20250123,2025-01-23,2025,1,1,January,4,Thursday,false,7,07:00,8,66628.500000,hist_gradient_boosting_31_leaves,67137.557074,509.057074,509.057074,66900.750000,68333.750000
2025-01-22T23:00:00+00:00,2025-01-23,2025-01-22T23:00:00+00:00,2025-01-23T07:00:00+00:00,2025-01-23T08:00:00,20250123,2025-01-23,2025,1,1,January,4,Thursday,false,8,08:00,9,69237.500000,hist_gradient_boosting_31_leaves,69136.936637,-100.563363,100.563363,69385.500000,71455.000000
2025-01-22T23:00:00+00:00,2025-01-23,2025-01-22T23:00:00+00:00,2025-01-23T08:00:00+00:00,2025-01-23T09:00:00,20250123,2025-01-23,2025,1,1,January,4,Thursday,false,9,09:00,10,70372.250000,hist_gradient_boosting_31_leaves,69444.060951,-928.189049,928.189049,69585.500000,71790.500000
2025-01-22T23:00:00+00:00,2025-01-23,2025-01-22T23:00:00+00:00,2025-01-23T09:00:00+00:00,2025-01-23T10:00:00,20250123,2025-01-23,2025,1,1,January,4,Thursday,false,10,10:00,11,71203.500000,hist_gradient_boosting_31_leaves,69799.625312,-1403.874688,1403.874688,69225.250000,72243.500000
2025-01-22T23:00:00+00:00,2025-01-23,2025-01-22T23:00:00+00:00,2025-01-23T10:00:00+00:00,2025-01-23T11:00:00,20250123,2025-01-23,2025,1,1,January,4,Thursday,false,11,11:00,12,71892.250000,hist_gradient_boosting_31_leaves,69981.975705,-1910.274295,1910.274295,69535.250000,72221.250000
2025-01-22T23:00:00+00:00,2025-01-23,2025-01-22T23:00:00+00:00,2025-01-23T11:00:00+00:00,2025-01-23T12:00:00,20250123,2025-01-23,2025,1,1,January,4,Thursday,false,12,12:00,13,72298.000000,hist_gradient_boosting_31_leaves,69871.515046,-2426.484954,2426.484954,69538.500000,71798.750000
2025-01-22T23:00:00+00:00,2025-01-23,2025-01-22T23:00:00+00:00,2025-01-23T12:00:00+00:00,2025-01-23T13:00:00,20250123,2025-01-23,2025,1,1,January,4,Thursday,false,13,13:00,14,71383.750000,hist_gradient_boosting_31_leaves,68820.715856,-2563.034144,2563.034144,67885.500000,71152.250000
2025-01-22T23:00:00+00:00,2025-01-23,2025-01-22T23:00:00+00:00,2025-01-23T13:00:00+00:00,2025-01-23T14:00:00,20250123,2025-01-23,2025,1,1,January,4,Thursday,false,14,14:00,15,70580.250000,hist_gradient_boosting_31_leaves,67252.578187,-3327.671813,3327.671813,66803.500000,69368.000000
2025-01-22T23:00:00+00:00,2025-01-23,2025-01-22T23:00:00+00:00,2025-01-23T14:00:00+00:00,2025-01-23T15:00:00,20250123,2025-01-23,2025,1,1,January,4,Thursday,false,15,15:00,16,69416.250000,hist_gradient_boosting_31_leaves,66782.972864,-2633.277136,2633.277136,66384.000000,69040.750000
2025-01-22T23:00:00+00:00,2025-01-23,2025-01-22T23:00:00+00:00,2025-01-23T15:00:00+00:00,2025-01-23T16:00:00,20250123,2025-01-23,2025,1,1,January,4,Thursday,false,16,16:00,17,69780.250000,hist_gradient_boosting_31_leaves,67573.153739,-2207.096261,2207.096261,67409.250000,70141.000000
2025-01-22T23:00:00+00:00,2025-01-23,2025-01-22T23:00:00+00:00,2025-01-23T16:00:00+00:00,2025-01-23T17:00:00,20250123,2025-01-23,2025,1,1,January,4,Thursday,false,17,17:00,18,71926.500000,hist_gradient_boosting_31_leaves,69620.034731,-2306.465269,2306.465269,70517.750000,72064.750000
2025-01-22T23:00:00+00:00,2025-01-23,2025-01-22T23:00:00+00:00,2025-01-23T17:00:00+00:00,2025-01-23T18:00:00,20250123,2025-01-23,2025,1,1,January,4,Thursday,false,18,18:00,19,71398.500000,hist_gradient_boosting_31_leaves,70741.522287,-656.977713,656.977713,71098.250000,71571.250000
2025-01-22T23:00:00+00:00,2025-01-23,2025-01-22T23:00:00+00:00,2025-01-23T18:00:00+00:00,2025-01-23T19:00:00,20250123,2025-01-23,2025,1,1,January,4,Thursday,false,19,19:00,20,69673.250000,hist_gradient_boosting_31_leaves,68595.092592,-1078.157408,1078.157408,69011.500000,70022.500000
2025-01-22T23:00:00+00:00,2025-01-23,2025-01-22T23:00:00+00:00,2025-01-23T19:00:00+00:00,2025-01-23T20:00:00,20250123,2025-01-23,2025,1,1,January,4,Thursday,false,20,20:00,21,66519.000000,hist_gradient_boosting_31_leaves,65437.981536,-1081.018464,1081.018464,65808.500000,66681.500000
2025-01-22T23:00:00+00:00,2025-01-23,2025-01-22T23:00:00+00:00,2025-01-23T20:00:00+00:00,2025-01-23T21:00:00,20250123,2025-01-23,2025,1,1,January,4,Thursday,false,21,21:00,22,63138.750000,hist_gradient_boosting_31_leaves,61892.414551,-1246.335449,1246.335449,62468.750000,63325.250000
2025-01-22T23:00:00+00:00,2025-01-23,2025-01-22T23:00:00+00:00,2025-01-23T21:00:00+00:00,2025-01-23T22:00:00,20250123,2025-01-23,2025,1,1,January,4,Thursday,false,22,22:00,23,60279.750000,hist_gradient_boosting_31_leaves,59484.914356,-794.835644,794.835644,59505.250000,60629.500000
2025-01-22T23:00:00+00:00,2025-01-23,2025-01-22T23:00:00+00:00,2025-01-23T22:00:00+00:00,2025-01-23T23:00:00,20250123,2025-01-23,2025,1,1,January,4,Thursday,false,23,23:00,24,56257.750000,hist_gradient_boosting_31_leaves,55915.542635,-342.207365,342.207365,55956.000000,57110.000000
2025-01-23T23:00:00+00:00,2025-01-24,2025-01-23T23:00:00+00:00,2025-01-23T23:00:00+00:00,2025-01-24T00:00:00,20250124,2025-01-24,2025,1,1,January,5,Friday,false,0,00:00,1,53394.500000,hist_gradient_boosting_31_leaves,53362.690656,-31.809344,31.809344,52061.250000,55016.750000
2025-01-23T23:00:00+00:00,2025-01-24,2025-01-23T23:00:00+00:00,2025-01-24T00:00:00+00:00,2025-01-24T01:00:00,20250124,2025-01-24,2025,1,1,January,5,Friday,false,1,01:00,2,51363.000000,hist_gradient_boosting_31_leaves,51232.443964,-130.556036,130.556036,49711.500000,53662.750000
2025-01-23T23:00:00+00:00,2025-01-24,2025-01-23T23:00:00+00:00,2025-01-24T01:00:00+00:00,2025-01-24T02:00:00,20250124,2025-01-24,2025,1,1,January,5,Friday,false,2,02:00,3,50714.000000,hist_gradient_boosting_31_leaves,50370.681785,-343.318215,343.318215,49149.500000,52520.000000
2025-01-23T23:00:00+00:00,2025-01-24,2025-01-23T23:00:00+00:00,2025-01-24T02:00:00+00:00,2025-01-24T03:00:00,20250124,2025-01-24,2025,1,1,January,5,Friday,false,3,03:00,4,50735.750000,hist_gradient_boosting_31_leaves,50162.014255,-573.735745,573.735745,48911.000000,52736.250000
2025-01-23T23:00:00+00:00,2025-01-24,2025-01-23T23:00:00+00:00,2025-01-24T03:00:00+00:00,2025-01-24T04:00:00,20250124,2025-01-24,2025,1,1,January,5,Friday,false,4,04:00,5,51808.250000,hist_gradient_boosting_31_leaves,51470.988902,-337.261098,337.261098,50120.000000,53834.250000
2025-01-23T23:00:00+00:00,2025-01-24,2025-01-23T23:00:00+00:00,2025-01-24T04:00:00+00:00,2025-01-24T05:00:00,20250124,2025-01-24,2025,1,1,January,5,Friday,false,5,05:00,6,54461.250000,hist_gradient_boosting_31_leaves,54416.653624,-44.596376,44.596376,53399.750000,56218.500000
2025-01-23T23:00:00+00:00,2025-01-24,2025-01-23T23:00:00+00:00,2025-01-24T05:00:00+00:00,2025-01-24T06:00:00,20250124,2025-01-24,2025,1,1,January,5,Friday,false,6,06:00,7,61517.500000,hist_gradient_boosting_31_leaves,61013.923957,-503.576043,503.576043,60814.250000,62776.250000
2025-01-23T23:00:00+00:00,2025-01-24,2025-01-23T23:00:00+00:00,2025-01-24T06:00:00+00:00,2025-01-24T07:00:00,20250124,2025-01-24,2025,1,1,January,5,Friday,false,7,07:00,8,67174.250000,hist_gradient_boosting_31_leaves,66765.029274,-409.220726,409.220726,66628.500000,68718.000000
2025-01-23T23:00:00+00:00,2025-01-24,2025-01-23T23:00:00+00:00,2025-01-24T07:00:00+00:00,2025-01-24T08:00:00,20250124,2025-01-24,2025,1,1,January,5,Friday,false,8,08:00,9,69555.250000,hist_gradient_boosting_31_leaves,68931.797194,-623.452806,623.452806,69237.500000,71649.000000
2025-01-23T23:00:00+00:00,2025-01-24,2025-01-23T23:00:00+00:00,2025-01-24T08:00:00+00:00,2025-01-24T09:00:00,20250124,2025-01-24,2025,1,1,January,5,Friday,false,9,09:00,10,69630.500000,hist_gradient_boosting_31_leaves,69489.634906,-140.865094,140.865094,70372.250000,72301.000000
2025-01-23T23:00:00+00:00,2025-01-24,2025-01-23T23:00:00+00:00,2025-01-24T09:00:00+00:00,2025-01-24T10:00:00,20250124,2025-01-24,2025,1,1,January,5,Friday,false,10,10:00,11,70043.250000,hist_gradient_boosting_31_leaves,70700.023163,656.773163,656.773163,71203.500000,72762.250000
2025-01-23T23:00:00+00:00,2025-01-24,2025-01-23T23:00:00+00:00,2025-01-24T10:00:00+00:00,2025-01-24T11:00:00,20250124,2025-01-24,2025,1,1,January,5,Friday,false,11,11:00,12,69488.750000,hist_gradient_boosting_31_leaves,70912.098452,1423.348452,1423.348452,71892.250000,72752.500000
2025-01-23T23:00:00+00:00,2025-01-24,2025-01-23T23:00:00+00:00,2025-01-24T11:00:00+00:00,2025-01-24T12:00:00,20250124,2025-01-24,2025,1,1,January,5,Friday,false,12,12:00,13,69243.500000,hist_gradient_boosting_31_leaves,70914.238840,1670.738840,1670.738840,72298.000000,72316.250000
2025-01-23T23:00:00+00:00,2025-01-24,2025-01-23T23:00:00+00:00,2025-01-24T12:00:00+00:00,2025-01-24T13:00:00,20250124,2025-01-24,2025,1,1,January,5,Friday,false,13,13:00,14,67487.250000,hist_gradient_boosting_31_leaves,68977.218052,1489.968052,1489.968052,71383.750000,70636.250000
2025-01-23T23:00:00+00:00,2025-01-24,2025-01-23T23:00:00+00:00,2025-01-24T13:00:00+00:00,2025-01-24T14:00:00,20250124,2025-01-24,2025,1,1,January,5,Friday,false,14,14:00,15,66135.250000,hist_gradient_boosting_31_leaves,67873.516958,1738.266958,1738.266958,70580.250000,69338.750000
2025-01-23T23:00:00+00:00,2025-01-24,2025-01-23T23:00:00+00:00,2025-01-24T14:00:00+00:00,2025-01-24T15:00:00,20250124,2025-01-24,2025,1,1,January,5,Friday,false,15,15:00,16,65666.000000,hist_gradient_boosting_31_leaves,66594.177385,928.177385,928.177385,69416.250000,68483.000000
2025-01-23T23:00:00+00:00,2025-01-24,2025-01-23T23:00:00+00:00,2025-01-24T15:00:00+00:00,2025-01-24T16:00:00,20250124,2025-01-24,2025,1,1,January,5,Friday,false,16,16:00,17,66087.500000,hist_gradient_boosting_31_leaves,66676.830141,589.330141,589.330141,69780.250000,69044.750000
2025-01-23T23:00:00+00:00,2025-01-24,2025-01-23T23:00:00+00:00,2025-01-24T16:00:00+00:00,2025-01-24T17:00:00,20250124,2025-01-24,2025,1,1,January,5,Friday,false,17,17:00,18,68304.500000,hist_gradient_boosting_31_leaves,69104.902959,800.402959,800.402959,71926.500000,71124.000000
2025-01-23T23:00:00+00:00,2025-01-24,2025-01-23T23:00:00+00:00,2025-01-24T17:00:00+00:00,2025-01-24T18:00:00,20250124,2025-01-24,2025,1,1,January,5,Friday,false,18,18:00,19,67764.750000,hist_gradient_boosting_31_leaves,68811.929198,1047.179198,1047.179198,71398.500000,70350.000000
2025-01-23T23:00:00+00:00,2025-01-24,2025-01-23T23:00:00+00:00,2025-01-24T18:00:00+00:00,2025-01-24T19:00:00,20250124,2025-01-24,2025,1,1,January,5,Friday,false,19,19:00,20,66307.250000,hist_gradient_boosting_31_leaves,66979.213392,671.963392,671.963392,69673.250000,68110.250000
2025-01-23T23:00:00+00:00,2025-01-24,2025-01-23T23:00:00+00:00,2025-01-24T19:00:00+00:00,2025-01-24T20:00:00,20250124,2025-01-24,2025,1,1,January,5,Friday,false,20,20:00,21,62992.250000,hist_gradient_boosting_31_leaves,63679.816355,687.566355,687.566355,66519.000000,64494.000000
2025-01-23T23:00:00+00:00,2025-01-24,2025-01-23T23:00:00+00:00,2025-01-24T20:00:00+00:00,2025-01-24T21:00:00,20250124,2025-01-24,2025,1,1,January,5,Friday,false,21,21:00,22,59310.000000,hist_gradient_boosting_31_leaves,60385.920997,1075.920997,1075.920997,63138.750000,61249.250000
2025-01-23T23:00:00+00:00,2025-01-24,2025-01-23T23:00:00+00:00,2025-01-24T21:00:00+00:00,2025-01-24T22:00:00,20250124,2025-01-24,2025,1,1,January,5,Friday,false,22,22:00,23,55611.000000,hist_gradient_boosting_31_leaves,57445.130365,1834.130365,1834.130365,60279.750000,58302.250000
2025-01-23T23:00:00+00:00,2025-01-24,2025-01-23T23:00:00+00:00,2025-01-24T22:00:00+00:00,2025-01-24T23:00:00,20250124,2025-01-24,2025,1,1,January,5,Friday,false,23,23:00,24,52136.500000,hist_gradient_boosting_31_leaves,54885.753955,2749.253955,2749.253955,56257.750000,55755.750000
2025-01-24T23:00:00+00:00,2025-01-25,2025-01-24T23:00:00+00:00,2025-01-24T23:00:00+00:00,2025-01-25T00:00:00,20250125,2025-01-25,2025,1,1,January,6,Saturday,true,0,00:00,1,51256.750000,hist_gradient_boosting_31_leaves,49337.175588,-1919.574412,1919.574412,53394.500000,52653.250000
2025-01-24T23:00:00+00:00,2025-01-25,2025-01-24T23:00:00+00:00,2025-01-25T00:00:00+00:00,2025-01-25T01:00:00,20250125,2025-01-25,2025,1,1,January,6,Saturday,true,1,01:00,2,48478.500000,hist_gradient_boosting_31_leaves,47571.019367,-907.480633,907.480633,51363.000000,50451.750000
2025-01-24T23:00:00+00:00,2025-01-25,2025-01-24T23:00:00+00:00,2025-01-25T01:00:00+00:00,2025-01-25T02:00:00,20250125,2025-01-25,2025,1,1,January,6,Saturday,true,2,02:00,3,47124.500000,hist_gradient_boosting_31_leaves,46645.685611,-478.814389,478.814389,50714.000000,49596.500000
2025-01-24T23:00:00+00:00,2025-01-25,2025-01-24T23:00:00+00:00,2025-01-25T02:00:00+00:00,2025-01-25T03:00:00,20250125,2025-01-25,2025,1,1,January,6,Saturday,true,3,03:00,4,46488.500000,hist_gradient_boosting_31_leaves,45998.554081,-489.945919,489.945919,50735.750000,49071.500000
2025-01-24T23:00:00+00:00,2025-01-25,2025-01-24T23:00:00+00:00,2025-01-25T03:00:00+00:00,2025-01-25T04:00:00,20250125,2025-01-25,2025,1,1,January,6,Saturday,true,4,04:00,5,47090.750000,hist_gradient_boosting_31_leaves,46162.486768,-928.263232,928.263232,51808.250000,48822.000000
2025-01-24T23:00:00+00:00,2025-01-25,2025-01-24T23:00:00+00:00,2025-01-25T04:00:00+00:00,2025-01-25T05:00:00,20250125,2025-01-25,2025,1,1,January,6,Saturday,true,5,05:00,6,47443.500000,hist_gradient_boosting_31_leaves,46249.855399,-1193.644601,1193.644601,54461.250000,48795.500000
2025-01-24T23:00:00+00:00,2025-01-25,2025-01-24T23:00:00+00:00,2025-01-25T05:00:00+00:00,2025-01-25T06:00:00,20250125,2025-01-25,2025,1,1,January,6,Saturday,true,6,06:00,7,48253.000000,hist_gradient_boosting_31_leaves,47832.634200,-420.365800,420.365800,61517.500000,49926.250000
2025-01-24T23:00:00+00:00,2025-01-25,2025-01-24T23:00:00+00:00,2025-01-25T06:00:00+00:00,2025-01-25T07:00:00,20250125,2025-01-25,2025,1,1,January,6,Saturday,true,7,07:00,8,50562.750000,hist_gradient_boosting_31_leaves,50474.754977,-87.995023,87.995023,67174.250000,52578.000000
2025-01-24T23:00:00+00:00,2025-01-25,2025-01-24T23:00:00+00:00,2025-01-25T07:00:00+00:00,2025-01-25T08:00:00,20250125,2025-01-25,2025,1,1,January,6,Saturday,true,8,08:00,9,54287.750000,hist_gradient_boosting_31_leaves,54659.050857,371.300857,371.300857,69555.250000,55984.250000
2025-01-24T23:00:00+00:00,2025-01-25,2025-01-24T23:00:00+00:00,2025-01-25T08:00:00+00:00,2025-01-25T09:00:00,20250125,2025-01-25,2025,1,1,January,6,Saturday,true,9,09:00,10,57621.000000,hist_gradient_boosting_31_leaves,56423.182800,-1197.817200,1197.817200,69630.500000,58467.750000
2025-01-24T23:00:00+00:00,2025-01-25,2025-01-24T23:00:00+00:00,2025-01-25T09:00:00+00:00,2025-01-25T10:00:00,20250125,2025-01-25,2025,1,1,January,6,Saturday,true,10,10:00,11,59269.500000,hist_gradient_boosting_31_leaves,57272.166487,-1997.333513,1997.333513,70043.250000,60088.000000
2025-01-24T23:00:00+00:00,2025-01-25,2025-01-24T23:00:00+00:00,2025-01-25T10:00:00+00:00,2025-01-25T11:00:00,20250125,2025-01-25,2025,1,1,January,6,Saturday,true,11,11:00,12,60463.000000,hist_gradient_boosting_31_leaves,58690.294784,-1772.705216,1772.705216,69488.750000,60883.750000
2025-01-24T23:00:00+00:00,2025-01-25,2025-01-24T23:00:00+00:00,2025-01-25T11:00:00+00:00,2025-01-25T12:00:00,20250125,2025-01-25,2025,1,1,January,6,Saturday,true,12,12:00,13,60174.250000,hist_gradient_boosting_31_leaves,58365.422802,-1808.827198,1808.827198,69243.500000,60351.250000
2025-01-24T23:00:00+00:00,2025-01-25,2025-01-24T23:00:00+00:00,2025-01-25T12:00:00+00:00,2025-01-25T13:00:00,20250125,2025-01-25,2025,1,1,January,6,Saturday,true,13,13:00,14,58281.250000,hist_gradient_boosting_31_leaves,57051.716918,-1229.533082,1229.533082,67487.250000,58812.000000
2025-01-24T23:00:00+00:00,2025-01-25,2025-01-24T23:00:00+00:00,2025-01-25T13:00:00+00:00,2025-01-25T14:00:00,20250125,2025-01-25,2025,1,1,January,6,Saturday,true,14,14:00,15,57610.500000,hist_gradient_boosting_31_leaves,55449.350822,-2161.149178,2161.149178,66135.250000,56723.000000
2025-01-24T23:00:00+00:00,2025-01-25,2025-01-24T23:00:00+00:00,2025-01-25T14:00:00+00:00,2025-01-25T15:00:00,20250125,2025-01-25,2025,1,1,January,6,Saturday,true,15,15:00,16,56355.500000,hist_gradient_boosting_31_leaves,55121.573613,-1233.926387,1233.926387,65666.000000,56248.250000
2025-01-24T23:00:00+00:00,2025-01-25,2025-01-24T23:00:00+00:00,2025-01-25T15:00:00+00:00,2025-01-25T16:00:00,20250125,2025-01-25,2025,1,1,January,6,Saturday,true,16,16:00,17,56833.750000,hist_gradient_boosting_31_leaves,56446.472556,-387.277444,387.277444,66087.500000,57701.500000
2025-01-24T23:00:00+00:00,2025-01-25,2025-01-24T23:00:00+00:00,2025-01-25T16:00:00+00:00,2025-01-25T17:00:00,20250125,2025-01-25,2025,1,1,January,6,Saturday,true,17,17:00,18,60199.000000,hist_gradient_boosting_31_leaves,59147.940258,-1051.059742,1051.059742,68304.500000,60885.750000
2025-01-24T23:00:00+00:00,2025-01-25,2025-01-24T23:00:00+00:00,2025-01-25T17:00:00+00:00,2025-01-25T18:00:00,20250125,2025-01-25,2025,1,1,January,6,Saturday,true,18,18:00,19,60700.250000,hist_gradient_boosting_31_leaves,59852.522466,-847.727534,847.727534,67764.750000,61915.500000
2025-01-24T23:00:00+00:00,2025-01-25,2025-01-24T23:00:00+00:00,2025-01-25T18:00:00+00:00,2025-01-25T19:00:00,20250125,2025-01-25,2025,1,1,January,6,Saturday,true,19,19:00,20,58081.500000,hist_gradient_boosting_31_leaves,58235.428785,153.928785,153.928785,66307.250000,59916.750000
2025-01-24T23:00:00+00:00,2025-01-25,2025-01-24T23:00:00+00:00,2025-01-25T19:00:00+00:00,2025-01-25T20:00:00,20250125,2025-01-25,2025,1,1,January,6,Saturday,true,20,20:00,21,55204.250000,hist_gradient_boosting_31_leaves,55496.633655,292.383655,292.383655,62992.250000,56650.500000
2025-01-24T23:00:00+00:00,2025-01-25,2025-01-24T23:00:00+00:00,2025-01-25T20:00:00+00:00,2025-01-25T21:00:00,20250125,2025-01-25,2025,1,1,January,6,Saturday,true,21,21:00,22,52838.750000,hist_gradient_boosting_31_leaves,53784.668684,945.918684,945.918684,59310.000000,54445.750000
2025-01-24T23:00:00+00:00,2025-01-25,2025-01-24T23:00:00+00:00,2025-01-25T21:00:00+00:00,2025-01-25T22:00:00,20250125,2025-01-25,2025,1,1,January,6,Saturday,true,22,22:00,23,50764.250000,hist_gradient_boosting_31_leaves,50503.286766,-260.963234,260.963234,55611.000000,53054.500000
2025-01-24T23:00:00+00:00,2025-01-25,2025-01-24T23:00:00+00:00,2025-01-25T22:00:00+00:00,2025-01-25T23:00:00,20250125,2025-01-25,2025,1,1,January,6,Saturday,true,23,23:00,24,47049.000000,hist_gradient_boosting_31_leaves,48191.088967,1142.088967,1142.088967,52136.500000,50938.000000
2025-01-25T23:00:00+00:00,2025-01-26,2025-01-25T23:00:00+00:00,2025-01-25T23:00:00+00:00,2025-01-26T00:00:00,20250126,2025-01-26,2025,1,1,January,7,Sunday,true,0,00:00,1,43527.750000,hist_gradient_boosting_31_leaves,45117.360342,1589.610342,1589.610342,51256.750000,48546.000000
2025-01-25T23:00:00+00:00,2025-01-26,2025-01-25T23:00:00+00:00,2025-01-26T00:00:00+00:00,2025-01-26T01:00:00,20250126,2025-01-26,2025,1,1,January,7,Sunday,true,1,01:00,2,41715.750000,hist_gradient_boosting_31_leaves,43154.904707,1439.154707,1439.154707,48478.500000,46733.250000
2025-01-25T23:00:00+00:00,2025-01-26,2025-01-25T23:00:00+00:00,2025-01-26T01:00:00+00:00,2025-01-26T02:00:00,20250126,2025-01-26,2025,1,1,January,7,Sunday,true,2,02:00,3,41105.000000,hist_gradient_boosting_31_leaves,41882.285399,777.285399,777.285399,47124.500000,45528.500000
2025-01-25T23:00:00+00:00,2025-01-26,2025-01-25T23:00:00+00:00,2025-01-26T02:00:00+00:00,2025-01-26T03:00:00,20250126,2025-01-26,2025,1,1,January,7,Sunday,true,3,03:00,4,40636.500000,hist_gradient_boosting_31_leaves,41717.575695,1081.075695,1081.075695,46488.500000,45278.500000
2025-01-25T23:00:00+00:00,2025-01-26,2025-01-25T23:00:00+00:00,2025-01-26T03:00:00+00:00,2025-01-26T04:00:00,20250126,2025-01-26,2025,1,1,January,7,Sunday,true,4,04:00,5,40827.750000,hist_gradient_boosting_31_leaves,41925.033607,1097.283607,1097.283607,47090.750000,44906.250000
2025-01-25T23:00:00+00:00,2025-01-26,2025-01-25T23:00:00+00:00,2025-01-26T04:00:00+00:00,2025-01-26T05:00:00,20250126,2025-01-26,2025,1,1,January,7,Sunday,true,5,05:00,6,41046.750000,hist_gradient_boosting_31_leaves,41560.773028,514.023028,514.023028,47443.500000,44708.000000
2025-01-25T23:00:00+00:00,2025-01-26,2025-01-25T23:00:00+00:00,2025-01-26T05:00:00+00:00,2025-01-26T06:00:00,20250126,2025-01-26,2025,1,1,January,7,Sunday,true,6,06:00,7,41586.750000,hist_gradient_boosting_31_leaves,42228.809843,642.059843,642.059843,48253.000000,45053.250000
2025-01-25T23:00:00+00:00,2025-01-26,2025-01-25T23:00:00+00:00,2025-01-26T06:00:00+00:00,2025-01-26T07:00:00,20250126,2025-01-26,2025,1,1,January,7,Sunday,true,7,07:00,8,43512.750000,hist_gradient_boosting_31_leaves,43764.563529,251.813529,251.813529,50562.750000,47064.750000
2025-01-25T23:00:00+00:00,2025-01-26,2025-01-25T23:00:00+00:00,2025-01-26T07:00:00+00:00,2025-01-26T08:00:00,20250126,2025-01-26,2025,1,1,January,7,Sunday,true,8,08:00,9,47684.750000,hist_gradient_boosting_31_leaves,48509.272841,824.522841,824.522841,54287.750000,50256.500000
2025-01-25T23:00:00+00:00,2025-01-26,2025-01-25T23:00:00+00:00,2025-01-26T08:00:00+00:00,2025-01-26T09:00:00,20250126,2025-01-26,2025,1,1,January,7,Sunday,true,9,09:00,10,51377.000000,hist_gradient_boosting_31_leaves,51828.857940,451.857940,451.857940,57621.000000,53374.500000
2025-01-25T23:00:00+00:00,2025-01-26,2025-01-25T23:00:00+00:00,2025-01-26T09:00:00+00:00,2025-01-26T10:00:00,20250126,2025-01-26,2025,1,1,January,7,Sunday,true,10,10:00,11,53717.000000,hist_gradient_boosting_31_leaves,54661.145774,944.145774,944.145774,59269.500000,56370.750000
2025-01-25T23:00:00+00:00,2025-01-26,2025-01-25T23:00:00+00:00,2025-01-26T10:00:00+00:00,2025-01-26T11:00:00,20250126,2025-01-26,2025,1,1,January,7,Sunday,true,11,11:00,12,55448.750000,hist_gradient_boosting_31_leaves,55698.856558,250.106558,250.106558,60463.000000,58288.750000
2025-01-25T23:00:00+00:00,2025-01-26,2025-01-25T23:00:00+00:00,2025-01-26T11:00:00+00:00,2025-01-26T12:00:00,20250126,2025-01-26,2025,1,1,January,7,Sunday,true,12,12:00,13,55734.250000,hist_gradient_boosting_31_leaves,55649.360857,-84.889143,84.889143,60174.250000,57773.500000
2025-01-25T23:00:00+00:00,2025-01-26,2025-01-25T23:00:00+00:00,2025-01-26T12:00:00+00:00,2025-01-26T13:00:00,20250126,2025-01-26,2025,1,1,January,7,Sunday,true,13,13:00,14,54562.500000,hist_gradient_boosting_31_leaves,54153.671373,-408.828627,408.828627,58281.250000,55552.000000
2025-01-25T23:00:00+00:00,2025-01-26,2025-01-25T23:00:00+00:00,2025-01-26T13:00:00+00:00,2025-01-26T14:00:00,20250126,2025-01-26,2025,1,1,January,7,Sunday,true,14,14:00,15,53316.000000,hist_gradient_boosting_31_leaves,52203.894132,-1112.105868,1112.105868,57610.500000,53045.250000
2025-01-25T23:00:00+00:00,2025-01-26,2025-01-25T23:00:00+00:00,2025-01-26T14:00:00+00:00,2025-01-26T15:00:00,20250126,2025-01-26,2025,1,1,January,7,Sunday,true,15,15:00,16,52980.000000,hist_gradient_boosting_31_leaves,51497.561070,-1482.438930,1482.438930,56355.500000,52468.750000
2025-01-25T23:00:00+00:00,2025-01-26,2025-01-25T23:00:00+00:00,2025-01-26T15:00:00+00:00,2025-01-26T16:00:00,20250126,2025-01-26,2025,1,1,January,7,Sunday,true,16,16:00,17,54101.500000,hist_gradient_boosting_31_leaves,52693.046191,-1408.453809,1408.453809,56833.750000,54950.000000
2025-01-25T23:00:00+00:00,2025-01-26,2025-01-25T23:00:00+00:00,2025-01-26T16:00:00+00:00,2025-01-26T17:00:00,20250126,2025-01-26,2025,1,1,January,7,Sunday,true,17,17:00,18,57194.000000,hist_gradient_boosting_31_leaves,56256.750095,-937.249905,937.249905,60199.000000,58847.750000
2025-01-25T23:00:00+00:00,2025-01-26,2025-01-25T23:00:00+00:00,2025-01-26T17:00:00+00:00,2025-01-26T18:00:00,20250126,2025-01-26,2025,1,1,January,7,Sunday,true,18,18:00,19,58724.250000,hist_gradient_boosting_31_leaves,56724.005770,-2000.244230,2000.244230,60700.250000,60169.000000
2025-01-25T23:00:00+00:00,2025-01-26,2025-01-25T23:00:00+00:00,2025-01-26T18:00:00+00:00,2025-01-26T19:00:00,20250126,2025-01-26,2025,1,1,January,7,Sunday,true,19,19:00,20,57231.000000,hist_gradient_boosting_31_leaves,55000.558874,-2230.441126,2230.441126,58081.500000,58681.500000
2025-01-25T23:00:00+00:00,2025-01-26,2025-01-25T23:00:00+00:00,2025-01-26T19:00:00+00:00,2025-01-26T20:00:00,20250126,2025-01-26,2025,1,1,January,7,Sunday,true,20,20:00,21,54388.750000,hist_gradient_boosting_31_leaves,53534.816701,-853.933299,853.933299,55204.250000,56182.750000
2025-01-25T23:00:00+00:00,2025-01-26,2025-01-25T23:00:00+00:00,2025-01-26T20:00:00+00:00,2025-01-26T21:00:00,20250126,2025-01-26,2025,1,1,January,7,Sunday,true,21,21:00,22,52617.500000,hist_gradient_boosting_31_leaves,52009.562675,-607.937325,607.937325,52838.750000,54218.500000
2025-01-25T23:00:00+00:00,2025-01-26,2025-01-25T23:00:00+00:00,2025-01-26T21:00:00+00:00,2025-01-26T22:00:00,20250126,2025-01-26,2025,1,1,January,7,Sunday,true,22,22:00,23,51819.500000,hist_gradient_boosting_31_leaves,50867.963081,-951.536919,951.536919,50764.250000,53452.750000
2025-01-25T23:00:00+00:00,2025-01-26,2025-01-25T23:00:00+00:00,2025-01-26T22:00:00+00:00,2025-01-26T23:00:00,20250126,2025-01-26,2025,1,1,January,7,Sunday,true,23,23:00,24,49006.250000,hist_gradient_boosting_31_leaves,47914.707964,-1091.542036,1091.542036,47049.000000,51492.000000
2025-01-26T23:00:00+00:00,2025-01-27,2025-01-26T23:00:00+00:00,2025-01-26T23:00:00+00:00,2025-01-27T00:00:00,20250127,2025-01-27,2025,1,1,January,1,Monday,false,0,00:00,1,47234.750000,hist_gradient_boosting_31_leaves,47502.090733,267.340733,267.340733,43527.750000,49557.500000
2025-01-26T23:00:00+00:00,2025-01-27,2025-01-26T23:00:00+00:00,2025-01-27T00:00:00+00:00,2025-01-27T01:00:00,20250127,2025-01-27,2025,1,1,January,1,Monday,false,1,01:00,2,46090.000000,hist_gradient_boosting_31_leaves,45797.782293,-292.217707,292.217707,41715.750000,48229.750000
2025-01-26T23:00:00+00:00,2025-01-27,2025-01-26T23:00:00+00:00,2025-01-27T01:00:00+00:00,2025-01-27T02:00:00,20250127,2025-01-27,2025,1,1,January,1,Monday,false,2,02:00,3,45738.500000,hist_gradient_boosting_31_leaves,45643.160909,-95.339091,95.339091,41105.000000,48346.750000
2025-01-26T23:00:00+00:00,2025-01-27,2025-01-26T23:00:00+00:00,2025-01-27T02:00:00+00:00,2025-01-27T03:00:00,20250127,2025-01-27,2025,1,1,January,1,Monday,false,3,03:00,4,46606.500000,hist_gradient_boosting_31_leaves,46363.659400,-242.840600,242.840600,40636.500000,49360.250000
2025-01-26T23:00:00+00:00,2025-01-27,2025-01-26T23:00:00+00:00,2025-01-27T03:00:00+00:00,2025-01-27T04:00:00,20250127,2025-01-27,2025,1,1,January,1,Monday,false,4,04:00,5,48806.250000,hist_gradient_boosting_31_leaves,47444.447272,-1361.802728,1361.802728,40827.750000,50116.500000
2025-01-26T23:00:00+00:00,2025-01-27,2025-01-26T23:00:00+00:00,2025-01-27T04:00:00+00:00,2025-01-27T05:00:00,20250127,2025-01-27,2025,1,1,January,1,Monday,false,5,05:00,6,53214.250000,hist_gradient_boosting_31_leaves,51730.195973,-1484.054027,1484.054027,41046.750000,53412.750000
2025-01-26T23:00:00+00:00,2025-01-27,2025-01-26T23:00:00+00:00,2025-01-27T05:00:00+00:00,2025-01-27T06:00:00,20250127,2025-01-27,2025,1,1,January,1,Monday,false,6,06:00,7,61547.750000,hist_gradient_boosting_31_leaves,60508.214100,-1039.535900,1039.535900,41586.750000,61817.750000
2025-01-26T23:00:00+00:00,2025-01-27,2025-01-26T23:00:00+00:00,2025-01-27T06:00:00+00:00,2025-01-27T07:00:00,20250127,2025-01-27,2025,1,1,January,1,Monday,false,7,07:00,8,68257.500000,hist_gradient_boosting_31_leaves,65179.161648,-3078.338352,3078.338352,43512.750000,67791.250000
2025-01-26T23:00:00+00:00,2025-01-27,2025-01-26T23:00:00+00:00,2025-01-27T07:00:00+00:00,2025-01-27T08:00:00,20250127,2025-01-27,2025,1,1,January,1,Monday,false,8,08:00,9,70414.500000,hist_gradient_boosting_31_leaves,66400.888458,-4013.611542,4013.611542,47684.750000,70904.250000
2025-01-26T23:00:00+00:00,2025-01-27,2025-01-26T23:00:00+00:00,2025-01-27T08:00:00+00:00,2025-01-27T09:00:00,20250127,2025-01-27,2025,1,1,January,1,Monday,false,9,09:00,10,70294.750000,hist_gradient_boosting_31_leaves,66823.716825,-3471.033175,3471.033175,51377.000000,71357.250000
2025-01-26T23:00:00+00:00,2025-01-27,2025-01-26T23:00:00+00:00,2025-01-27T09:00:00+00:00,2025-01-27T10:00:00,20250127,2025-01-27,2025,1,1,January,1,Monday,false,10,10:00,11,70927.000000,hist_gradient_boosting_31_leaves,67435.458738,-3491.541262,3491.541262,53717.000000,72015.500000
2025-01-26T23:00:00+00:00,2025-01-27,2025-01-26T23:00:00+00:00,2025-01-27T10:00:00+00:00,2025-01-27T11:00:00,20250127,2025-01-27,2025,1,1,January,1,Monday,false,11,11:00,12,71230.500000,hist_gradient_boosting_31_leaves,68189.902018,-3040.597982,3040.597982,55448.750000,72081.250000
2025-01-26T23:00:00+00:00,2025-01-27,2025-01-26T23:00:00+00:00,2025-01-27T11:00:00+00:00,2025-01-27T12:00:00,20250127,2025-01-27,2025,1,1,January,1,Monday,false,12,12:00,13,69192.750000,hist_gradient_boosting_31_leaves,68073.718095,-1119.031905,1119.031905,55734.250000,71434.000000
2025-01-26T23:00:00+00:00,2025-01-27,2025-01-26T23:00:00+00:00,2025-01-27T12:00:00+00:00,2025-01-27T13:00:00,20250127,2025-01-27,2025,1,1,January,1,Monday,false,13,13:00,14,68868.750000,hist_gradient_boosting_31_leaves,67302.770677,-1565.979323,1565.979323,54562.500000,70481.000000
2025-01-26T23:00:00+00:00,2025-01-27,2025-01-26T23:00:00+00:00,2025-01-27T13:00:00+00:00,2025-01-27T14:00:00,20250127,2025-01-27,2025,1,1,January,1,Monday,false,14,14:00,15,67504.750000,hist_gradient_boosting_31_leaves,66162.825393,-1341.924607,1341.924607,53316.000000,68927.500000
2025-01-26T23:00:00+00:00,2025-01-27,2025-01-26T23:00:00+00:00,2025-01-27T14:00:00+00:00,2025-01-27T15:00:00,20250127,2025-01-27,2025,1,1,January,1,Monday,false,15,15:00,16,67570.750000,hist_gradient_boosting_31_leaves,66069.434853,-1501.315147,1501.315147,52980.000000,68282.500000
2025-01-26T23:00:00+00:00,2025-01-27,2025-01-26T23:00:00+00:00,2025-01-27T15:00:00+00:00,2025-01-27T16:00:00,20250127,2025-01-27,2025,1,1,January,1,Monday,false,16,16:00,17,66830.750000,hist_gradient_boosting_31_leaves,66037.394621,-793.355379,793.355379,54101.500000,68535.750000
2025-01-26T23:00:00+00:00,2025-01-27,2025-01-26T23:00:00+00:00,2025-01-27T16:00:00+00:00,2025-01-27T17:00:00,20250127,2025-01-27,2025,1,1,January,1,Monday,false,17,17:00,18,69210.000000,hist_gradient_boosting_31_leaves,67132.230890,-2077.769110,2077.769110,57194.000000,70641.750000
2025-01-26T23:00:00+00:00,2025-01-27,2025-01-26T23:00:00+00:00,2025-01-27T17:00:00+00:00,2025-01-27T18:00:00,20250127,2025-01-27,2025,1,1,January,1,Monday,false,18,18:00,19,69421.750000,hist_gradient_boosting_31_leaves,67446.534446,-1975.215554,1975.215554,58724.250000,70406.000000
2025-01-26T23:00:00+00:00,2025-01-27,2025-01-26T23:00:00+00:00,2025-01-27T18:00:00+00:00,2025-01-27T19:00:00,20250127,2025-01-27,2025,1,1,January,1,Monday,false,19,19:00,20,67772.750000,hist_gradient_boosting_31_leaves,66984.327950,-788.422050,788.422050,57231.000000,69367.000000
2025-01-26T23:00:00+00:00,2025-01-27,2025-01-26T23:00:00+00:00,2025-01-27T19:00:00+00:00,2025-01-27T20:00:00,20250127,2025-01-27,2025,1,1,January,1,Monday,false,20,20:00,21,64375.500000,hist_gradient_boosting_31_leaves,64920.669496,545.169496,545.169496,54388.750000,66116.250000
2025-01-26T23:00:00+00:00,2025-01-27,2025-01-26T23:00:00+00:00,2025-01-27T20:00:00+00:00,2025-01-27T21:00:00,20250127,2025-01-27,2025,1,1,January,1,Monday,false,21,21:00,22,60482.500000,hist_gradient_boosting_31_leaves,61774.570965,1292.070965,1292.070965,52617.500000,62747.000000
2025-01-26T23:00:00+00:00,2025-01-27,2025-01-26T23:00:00+00:00,2025-01-27T21:00:00+00:00,2025-01-27T22:00:00,20250127,2025-01-27,2025,1,1,January,1,Monday,false,22,22:00,23,58194.750000,hist_gradient_boosting_31_leaves,58090.798277,-103.951723,103.951723,51819.500000,59855.500000
2025-01-26T23:00:00+00:00,2025-01-27,2025-01-26T23:00:00+00:00,2025-01-27T22:00:00+00:00,2025-01-27T23:00:00,20250127,2025-01-27,2025,1,1,January,1,Monday,false,23,23:00,24,54524.250000,hist_gradient_boosting_31_leaves,54553.314722,29.064722,29.064722,49006.250000,56860.000000
2025-01-27T23:00:00+00:00,2025-01-28,2025-01-27T23:00:00+00:00,2025-01-27T23:00:00+00:00,2025-01-28T00:00:00,20250128,2025-01-28,2025,1,1,January,2,Tuesday,false,0,00:00,1,51667.750000,hist_gradient_boosting_31_leaves,52178.451741,510.701741,510.701741,47234.750000,53558.250000
2025-01-27T23:00:00+00:00,2025-01-28,2025-01-27T23:00:00+00:00,2025-01-28T00:00:00+00:00,2025-01-28T01:00:00,20250128,2025-01-28,2025,1,1,January,2,Tuesday,false,1,01:00,2,50063.750000,hist_gradient_boosting_31_leaves,50926.011350,862.261350,862.261350,46090.000000,52380.750000
2025-01-27T23:00:00+00:00,2025-01-28,2025-01-27T23:00:00+00:00,2025-01-28T01:00:00+00:00,2025-01-28T02:00:00,20250128,2025-01-28,2025,1,1,January,2,Tuesday,false,2,02:00,3,50065.500000,hist_gradient_boosting_31_leaves,50400.294244,334.794244,334.794244,45738.500000,51881.500000
2025-01-27T23:00:00+00:00,2025-01-28,2025-01-27T23:00:00+00:00,2025-01-28T02:00:00+00:00,2025-01-28T03:00:00,20250128,2025-01-28,2025,1,1,January,2,Tuesday,false,3,03:00,4,49899.750000,hist_gradient_boosting_31_leaves,50855.328657,955.578657,955.578657,46606.500000,52211.250000
2025-01-27T23:00:00+00:00,2025-01-28,2025-01-27T23:00:00+00:00,2025-01-28T03:00:00+00:00,2025-01-28T04:00:00,20250128,2025-01-28,2025,1,1,January,2,Tuesday,false,4,04:00,5,50887.000000,hist_gradient_boosting_31_leaves,52260.834662,1373.834662,1373.834662,48806.250000,53166.750000
2025-01-27T23:00:00+00:00,2025-01-28,2025-01-27T23:00:00+00:00,2025-01-28T04:00:00+00:00,2025-01-28T05:00:00,20250128,2025-01-28,2025,1,1,January,2,Tuesday,false,5,05:00,6,53998.750000,hist_gradient_boosting_31_leaves,55396.391499,1397.641499,1397.641499,53214.250000,56709.500000
2025-01-27T23:00:00+00:00,2025-01-28,2025-01-27T23:00:00+00:00,2025-01-28T05:00:00+00:00,2025-01-28T06:00:00,20250128,2025-01-28,2025,1,1,January,2,Tuesday,false,6,06:00,7,61447.000000,hist_gradient_boosting_31_leaves,63392.319042,1945.319042,1945.319042,61547.750000,63081.500000
2025-01-27T23:00:00+00:00,2025-01-28,2025-01-27T23:00:00+00:00,2025-01-28T06:00:00+00:00,2025-01-28T07:00:00,20250128,2025-01-28,2025,1,1,January,2,Tuesday,false,7,07:00,8,68355.500000,hist_gradient_boosting_31_leaves,69293.339384,937.839384,937.839384,68257.500000,69067.000000
2025-01-27T23:00:00+00:00,2025-01-28,2025-01-27T23:00:00+00:00,2025-01-28T07:00:00+00:00,2025-01-28T08:00:00,20250128,2025-01-28,2025,1,1,January,2,Tuesday,false,8,08:00,9,69824.000000,hist_gradient_boosting_31_leaves,70871.744899,1047.744899,1047.744899,70414.500000,71656.000000
2025-01-27T23:00:00+00:00,2025-01-28,2025-01-27T23:00:00+00:00,2025-01-28T08:00:00+00:00,2025-01-28T09:00:00,20250128,2025-01-28,2025,1,1,January,2,Tuesday,false,9,09:00,10,69915.750000,hist_gradient_boosting_31_leaves,70716.933667,801.183667,801.183667,70294.750000,71390.500000
2025-01-27T23:00:00+00:00,2025-01-28,2025-01-27T23:00:00+00:00,2025-01-28T09:00:00+00:00,2025-01-28T10:00:00,20250128,2025-01-28,2025,1,1,January,2,Tuesday,false,10,10:00,11,68722.250000,hist_gradient_boosting_31_leaves,71740.000517,3017.750517,3017.750517,70927.000000,71641.250000
2025-01-27T23:00:00+00:00,2025-01-28,2025-01-27T23:00:00+00:00,2025-01-28T10:00:00+00:00,2025-01-28T11:00:00,20250128,2025-01-28,2025,1,1,January,2,Tuesday,false,11,11:00,12,67857.500000,hist_gradient_boosting_31_leaves,71920.518540,4063.018540,4063.018540,71230.500000,71080.750000
2025-01-27T23:00:00+00:00,2025-01-28,2025-01-27T23:00:00+00:00,2025-01-28T11:00:00+00:00,2025-01-28T12:00:00,20250128,2025-01-28,2025,1,1,January,2,Tuesday,false,12,12:00,13,67677.750000,hist_gradient_boosting_31_leaves,70002.194306,2324.444306,2324.444306,69192.750000,70112.750000
2025-01-27T23:00:00+00:00,2025-01-28,2025-01-27T23:00:00+00:00,2025-01-28T12:00:00+00:00,2025-01-28T13:00:00,20250128,2025-01-28,2025,1,1,January,2,Tuesday,false,13,13:00,14,67244.750000,hist_gradient_boosting_31_leaves,69295.808222,2051.058222,2051.058222,68868.750000,69167.000000
2025-01-27T23:00:00+00:00,2025-01-28,2025-01-27T23:00:00+00:00,2025-01-28T13:00:00+00:00,2025-01-28T14:00:00,20250128,2025-01-28,2025,1,1,January,2,Tuesday,false,14,14:00,15,66195.500000,hist_gradient_boosting_31_leaves,67939.058542,1743.558542,1743.558542,67504.750000,67431.000000
2025-01-27T23:00:00+00:00,2025-01-28,2025-01-27T23:00:00+00:00,2025-01-28T14:00:00+00:00,2025-01-28T15:00:00,20250128,2025-01-28,2025,1,1,January,2,Tuesday,false,15,15:00,16,65604.750000,hist_gradient_boosting_31_leaves,68029.639576,2424.889576,2424.889576,67570.750000,67247.250000
2025-01-27T23:00:00+00:00,2025-01-28,2025-01-27T23:00:00+00:00,2025-01-28T15:00:00+00:00,2025-01-28T16:00:00,20250128,2025-01-28,2025,1,1,January,2,Tuesday,false,16,16:00,17,65614.500000,hist_gradient_boosting_31_leaves,67662.984698,2048.484698,2048.484698,66830.750000,67880.000000
2025-01-27T23:00:00+00:00,2025-01-28,2025-01-27T23:00:00+00:00,2025-01-28T16:00:00+00:00,2025-01-28T17:00:00,20250128,2025-01-28,2025,1,1,January,2,Tuesday,false,17,17:00,18,68307.250000,hist_gradient_boosting_31_leaves,69328.241625,1020.991625,1020.991625,69210.000000,70263.750000
2025-01-27T23:00:00+00:00,2025-01-28,2025-01-27T23:00:00+00:00,2025-01-28T17:00:00+00:00,2025-01-28T18:00:00,20250128,2025-01-28,2025,1,1,January,2,Tuesday,false,18,18:00,19,68645.000000,hist_gradient_boosting_31_leaves,69515.059973,870.059973,870.059973,69421.750000,70637.500000
2025-01-27T23:00:00+00:00,2025-01-28,2025-01-27T23:00:00+00:00,2025-01-28T18:00:00+00:00,2025-01-28T19:00:00,20250128,2025-01-28,2025,1,1,January,2,Tuesday,false,19,19:00,20,67453.250000,hist_gradient_boosting_31_leaves,68590.111722,1136.861722,1136.861722,67772.750000,69137.750000
2025-01-27T23:00:00+00:00,2025-01-28,2025-01-27T23:00:00+00:00,2025-01-28T19:00:00+00:00,2025-01-28T20:00:00,20250128,2025-01-28,2025,1,1,January,2,Tuesday,false,20,20:00,21,63921.000000,hist_gradient_boosting_31_leaves,64315.119081,394.119081,394.119081,64375.500000,65321.250000
2025-01-27T23:00:00+00:00,2025-01-28,2025-01-27T23:00:00+00:00,2025-01-28T20:00:00+00:00,2025-01-28T21:00:00,20250128,2025-01-28,2025,1,1,January,2,Tuesday,false,21,21:00,22,59918.500000,hist_gradient_boosting_31_leaves,60468.488830,549.988830,549.988830,60482.500000,61923.000000
2025-01-27T23:00:00+00:00,2025-01-28,2025-01-27T23:00:00+00:00,2025-01-28T21:00:00+00:00,2025-01-28T22:00:00,20250128,2025-01-28,2025,1,1,January,2,Tuesday,false,22,22:00,23,56994.000000,hist_gradient_boosting_31_leaves,58492.838585,1498.838585,1498.838585,58194.750000,58922.500000
2025-01-27T23:00:00+00:00,2025-01-28,2025-01-27T23:00:00+00:00,2025-01-28T22:00:00+00:00,2025-01-28T23:00:00,20250128,2025-01-28,2025,1,1,January,2,Tuesday,false,23,23:00,24,53486.250000,hist_gradient_boosting_31_leaves,54551.525668,1065.275668,1065.275668,54524.250000,55789.250000
2025-01-28T23:00:00+00:00,2025-01-29,2025-01-28T23:00:00+00:00,2025-01-28T23:00:00+00:00,2025-01-29T00:00:00,20250129,2025-01-29,2025,1,1,January,3,Wednesday,false,0,00:00,1,50349.250000,hist_gradient_boosting_31_leaves,51156.960900,807.710900,807.710900,51667.750000,52824.500000
2025-01-28T23:00:00+00:00,2025-01-29,2025-01-28T23:00:00+00:00,2025-01-29T00:00:00+00:00,2025-01-29T01:00:00,20250129,2025-01-29,2025,1,1,January,3,Wednesday,false,1,01:00,2,49121.000000,hist_gradient_boosting_31_leaves,49781.855068,660.855068,660.855068,50063.750000,50956.000000
2025-01-28T23:00:00+00:00,2025-01-29,2025-01-28T23:00:00+00:00,2025-01-29T01:00:00+00:00,2025-01-29T02:00:00,20250129,2025-01-29,2025,1,1,January,3,Wednesday,false,2,02:00,3,48491.500000,hist_gradient_boosting_31_leaves,49716.874882,1225.374882,1225.374882,50065.500000,50275.750000
2025-01-28T23:00:00+00:00,2025-01-29,2025-01-28T23:00:00+00:00,2025-01-29T02:00:00+00:00,2025-01-29T03:00:00,20250129,2025-01-29,2025,1,1,January,3,Wednesday,false,3,03:00,4,48948.500000,hist_gradient_boosting_31_leaves,49557.753389,609.253389,609.253389,49899.750000,50527.750000
2025-01-28T23:00:00+00:00,2025-01-29,2025-01-28T23:00:00+00:00,2025-01-29T03:00:00+00:00,2025-01-29T04:00:00,20250129,2025-01-29,2025,1,1,January,3,Wednesday,false,4,04:00,5,50257.000000,hist_gradient_boosting_31_leaves,50726.828533,469.828533,469.828533,50887.000000,51299.000000
2025-01-28T23:00:00+00:00,2025-01-29,2025-01-28T23:00:00+00:00,2025-01-29T04:00:00+00:00,2025-01-29T05:00:00,20250129,2025-01-29,2025,1,1,January,3,Wednesday,false,5,05:00,6,53321.000000,hist_gradient_boosting_31_leaves,53001.350929,-319.649071,319.649071,53998.750000,54505.750000
2025-01-28T23:00:00+00:00,2025-01-29,2025-01-28T23:00:00+00:00,2025-01-29T05:00:00+00:00,2025-01-29T06:00:00,20250129,2025-01-29,2025,1,1,January,3,Wednesday,false,6,06:00,7,59798.000000,hist_gradient_boosting_31_leaves,60510.651615,712.651615,712.651615,61447.000000,61508.000000
2025-01-28T23:00:00+00:00,2025-01-29,2025-01-28T23:00:00+00:00,2025-01-29T06:00:00+00:00,2025-01-29T07:00:00,20250129,2025-01-29,2025,1,1,January,3,Wednesday,false,7,07:00,8,65663.250000,hist_gradient_boosting_31_leaves,67079.969740,1416.719740,1416.719740,68355.500000,66900.750000
2025-01-28T23:00:00+00:00,2025-01-29,2025-01-28T23:00:00+00:00,2025-01-29T07:00:00+00:00,2025-01-29T08:00:00,20250129,2025-01-29,2025,1,1,January,3,Wednesday,false,8,08:00,9,68231.250000,hist_gradient_boosting_31_leaves,68555.789099,324.539099,324.539099,69824.000000,69385.500000
2025-01-28T23:00:00+00:00,2025-01-29,2025-01-28T23:00:00+00:00,2025-01-29T08:00:00+00:00,2025-01-29T09:00:00,20250129,2025-01-29,2025,1,1,January,3,Wednesday,false,9,09:00,10,68987.500000,hist_gradient_boosting_31_leaves,68868.743303,-118.756697,118.756697,69915.750000,69585.500000
2025-01-28T23:00:00+00:00,2025-01-29,2025-01-28T23:00:00+00:00,2025-01-29T09:00:00+00:00,2025-01-29T10:00:00,20250129,2025-01-29,2025,1,1,January,3,Wednesday,false,10,10:00,11,68996.500000,hist_gradient_boosting_31_leaves,68490.436375,-506.063625,506.063625,68722.250000,69225.250000
2025-01-28T23:00:00+00:00,2025-01-29,2025-01-28T23:00:00+00:00,2025-01-29T10:00:00+00:00,2025-01-29T11:00:00,20250129,2025-01-29,2025,1,1,January,3,Wednesday,false,11,11:00,12,69354.500000,hist_gradient_boosting_31_leaves,68335.819729,-1018.680271,1018.680271,67857.500000,69535.250000
2025-01-28T23:00:00+00:00,2025-01-29,2025-01-28T23:00:00+00:00,2025-01-29T11:00:00+00:00,2025-01-29T12:00:00,20250129,2025-01-29,2025,1,1,January,3,Wednesday,false,12,12:00,13,69012.500000,hist_gradient_boosting_31_leaves,68464.723477,-547.776523,547.776523,67677.750000,69538.500000
2025-01-28T23:00:00+00:00,2025-01-29,2025-01-28T23:00:00+00:00,2025-01-29T12:00:00+00:00,2025-01-29T13:00:00,20250129,2025-01-29,2025,1,1,January,3,Wednesday,false,13,13:00,14,68661.250000,hist_gradient_boosting_31_leaves,67330.934693,-1330.315307,1330.315307,67244.750000,67885.500000
2025-01-28T23:00:00+00:00,2025-01-29,2025-01-28T23:00:00+00:00,2025-01-29T13:00:00+00:00,2025-01-29T14:00:00,20250129,2025-01-29,2025,1,1,January,3,Wednesday,false,14,14:00,15,67504.250000,hist_gradient_boosting_31_leaves,66051.132897,-1453.117103,1453.117103,66195.500000,66803.500000
2025-01-28T23:00:00+00:00,2025-01-29,2025-01-28T23:00:00+00:00,2025-01-29T14:00:00+00:00,2025-01-29T15:00:00,20250129,2025-01-29,2025,1,1,January,3,Wednesday,false,15,15:00,16,67330.250000,hist_gradient_boosting_31_leaves,65705.006711,-1625.243289,1625.243289,65604.750000,66384.000000
2025-01-28T23:00:00+00:00,2025-01-29,2025-01-28T23:00:00+00:00,2025-01-29T15:00:00+00:00,2025-01-29T16:00:00,20250129,2025-01-29,2025,1,1,January,3,Wednesday,false,16,16:00,17,67220.750000,hist_gradient_boosting_31_leaves,65939.240161,-1281.509839,1281.509839,65614.500000,67409.250000
2025-01-28T23:00:00+00:00,2025-01-29,2025-01-28T23:00:00+00:00,2025-01-29T16:00:00+00:00,2025-01-29T17:00:00,20250129,2025-01-29,2025,1,1,January,3,Wednesday,false,17,17:00,18,69406.000000,hist_gradient_boosting_31_leaves,68420.570238,-985.429762,985.429762,68307.250000,70517.750000
2025-01-28T23:00:00+00:00,2025-01-29,2025-01-28T23:00:00+00:00,2025-01-29T17:00:00+00:00,2025-01-29T18:00:00,20250129,2025-01-29,2025,1,1,January,3,Wednesday,false,18,18:00,19,70141.750000,hist_gradient_boosting_31_leaves,68883.876998,-1257.873002,1257.873002,68645.000000,71098.250000
2025-01-28T23:00:00+00:00,2025-01-29,2025-01-28T23:00:00+00:00,2025-01-29T18:00:00+00:00,2025-01-29T19:00:00,20250129,2025-01-29,2025,1,1,January,3,Wednesday,false,19,19:00,20,68956.000000,hist_gradient_boosting_31_leaves,67612.143052,-1343.856948,1343.856948,67453.250000,69011.500000
2025-01-28T23:00:00+00:00,2025-01-29,2025-01-28T23:00:00+00:00,2025-01-29T19:00:00+00:00,2025-01-29T20:00:00,20250129,2025-01-29,2025,1,1,January,3,Wednesday,false,20,20:00,21,65732.500000,hist_gradient_boosting_31_leaves,64352.212636,-1380.287364,1380.287364,63921.000000,65808.500000
2025-01-28T23:00:00+00:00,2025-01-29,2025-01-28T23:00:00+00:00,2025-01-29T20:00:00+00:00,2025-01-29T21:00:00,20250129,2025-01-29,2025,1,1,January,3,Wednesday,false,21,21:00,22,62026.500000,hist_gradient_boosting_31_leaves,61342.937117,-683.562883,683.562883,59918.500000,62468.750000
2025-01-28T23:00:00+00:00,2025-01-29,2025-01-28T23:00:00+00:00,2025-01-29T21:00:00+00:00,2025-01-29T22:00:00,20250129,2025-01-29,2025,1,1,January,3,Wednesday,false,22,22:00,23,58876.750000,hist_gradient_boosting_31_leaves,58002.030870,-874.719130,874.719130,56994.000000,59505.250000
2025-01-28T23:00:00+00:00,2025-01-29,2025-01-28T23:00:00+00:00,2025-01-29T22:00:00+00:00,2025-01-29T23:00:00,20250129,2025-01-29,2025,1,1,January,3,Wednesday,false,23,23:00,24,55218.750000,hist_gradient_boosting_31_leaves,53558.121403,-1660.628597,1660.628597,53486.250000,55956.000000
2025-01-29T23:00:00+00:00,2025-01-30,2025-01-29T23:00:00+00:00,2025-01-29T23:00:00+00:00,2025-01-30T00:00:00,20250130,2025-01-30,2025,1,1,January,4,Thursday,false,0,00:00,1,52382.750000,hist_gradient_boosting_31_leaves,52018.348832,-364.401168,364.401168,50349.250000,52061.250000
2025-01-29T23:00:00+00:00,2025-01-30,2025-01-29T23:00:00+00:00,2025-01-30T00:00:00+00:00,2025-01-30T01:00:00,20250130,2025-01-30,2025,1,1,January,4,Thursday,false,1,01:00,2,51157.500000,hist_gradient_boosting_31_leaves,50664.832436,-492.667564,492.667564,49121.000000,49711.500000
2025-01-29T23:00:00+00:00,2025-01-30,2025-01-29T23:00:00+00:00,2025-01-30T01:00:00+00:00,2025-01-30T02:00:00,20250130,2025-01-30,2025,1,1,January,4,Thursday,false,2,02:00,3,50307.750000,hist_gradient_boosting_31_leaves,50271.633387,-36.116613,36.116613,48491.500000,49149.500000
2025-01-29T23:00:00+00:00,2025-01-30,2025-01-29T23:00:00+00:00,2025-01-30T02:00:00+00:00,2025-01-30T03:00:00,20250130,2025-01-30,2025,1,1,January,4,Thursday,false,3,03:00,4,50897.000000,hist_gradient_boosting_31_leaves,50271.633387,-625.366613,625.366613,48948.500000,48911.000000
2025-01-29T23:00:00+00:00,2025-01-30,2025-01-29T23:00:00+00:00,2025-01-30T03:00:00+00:00,2025-01-30T04:00:00,20250130,2025-01-30,2025,1,1,January,4,Thursday,false,4,04:00,5,51720.000000,hist_gradient_boosting_31_leaves,51354.716874,-365.283126,365.283126,50257.000000,50120.000000
2025-01-29T23:00:00+00:00,2025-01-30,2025-01-29T23:00:00+00:00,2025-01-30T04:00:00+00:00,2025-01-30T05:00:00,20250130,2025-01-30,2025,1,1,January,4,Thursday,false,5,05:00,6,54312.750000,hist_gradient_boosting_31_leaves,54704.821207,392.071207,392.071207,53321.000000,53399.750000
2025-01-29T23:00:00+00:00,2025-01-30,2025-01-29T23:00:00+00:00,2025-01-30T05:00:00+00:00,2025-01-30T06:00:00,20250130,2025-01-30,2025,1,1,January,4,Thursday,false,6,06:00,7,61416.750000,hist_gradient_boosting_31_leaves,61079.939806,-336.810194,336.810194,59798.000000,60814.250000
2025-01-29T23:00:00+00:00,2025-01-30,2025-01-29T23:00:00+00:00,2025-01-30T06:00:00+00:00,2025-01-30T07:00:00,20250130,2025-01-30,2025,1,1,January,4,Thursday,false,7,07:00,8,67305.750000,hist_gradient_boosting_31_leaves,66830.480895,-475.269105,475.269105,65663.250000,66628.500000
2025-01-29T23:00:00+00:00,2025-01-30,2025-01-29T23:00:00+00:00,2025-01-30T07:00:00+00:00,2025-01-30T08:00:00,20250130,2025-01-30,2025,1,1,January,4,Thursday,false,8,08:00,9,69245.000000,hist_gradient_boosting_31_leaves,69437.312087,192.312087,192.312087,68231.250000,69237.500000
2025-01-29T23:00:00+00:00,2025-01-30,2025-01-29T23:00:00+00:00,2025-01-30T08:00:00+00:00,2025-01-30T09:00:00,20250130,2025-01-30,2025,1,1,January,4,Thursday,false,9,09:00,10,69628.500000,hist_gradient_boosting_31_leaves,69820.474553,191.974553,191.974553,68987.500000,70372.250000
2025-01-29T23:00:00+00:00,2025-01-30,2025-01-29T23:00:00+00:00,2025-01-30T09:00:00+00:00,2025-01-30T10:00:00,20250130,2025-01-30,2025,1,1,January,4,Thursday,false,10,10:00,11,69544.000000,hist_gradient_boosting_31_leaves,70419.645813,875.645813,875.645813,68996.500000,71203.500000
2025-01-29T23:00:00+00:00,2025-01-30,2025-01-29T23:00:00+00:00,2025-01-30T10:00:00+00:00,2025-01-30T11:00:00,20250130,2025-01-30,2025,1,1,January,4,Thursday,false,11,11:00,12,69874.000000,hist_gradient_boosting_31_leaves,70743.169331,869.169331,869.169331,69354.500000,71892.250000
2025-01-29T23:00:00+00:00,2025-01-30,2025-01-29T23:00:00+00:00,2025-01-30T11:00:00+00:00,2025-01-30T12:00:00,20250130,2025-01-30,2025,1,1,January,4,Thursday,false,12,12:00,13,69156.250000,hist_gradient_boosting_31_leaves,70752.344259,1596.094259,1596.094259,69012.500000,72298.000000
2025-01-29T23:00:00+00:00,2025-01-30,2025-01-29T23:00:00+00:00,2025-01-30T12:00:00+00:00,2025-01-30T13:00:00,20250130,2025-01-30,2025,1,1,January,4,Thursday,false,13,13:00,14,67389.000000,hist_gradient_boosting_31_leaves,69938.182746,2549.182746,2549.182746,68661.250000,71383.750000
2025-01-29T23:00:00+00:00,2025-01-30,2025-01-29T23:00:00+00:00,2025-01-30T13:00:00+00:00,2025-01-30T14:00:00,20250130,2025-01-30,2025,1,1,January,4,Thursday,false,14,14:00,15,66132.750000,hist_gradient_boosting_31_leaves,68595.338620,2462.588620,2462.588620,67504.250000,70580.250000
2025-01-29T23:00:00+00:00,2025-01-30,2025-01-29T23:00:00+00:00,2025-01-30T14:00:00+00:00,2025-01-30T15:00:00,20250130,2025-01-30,2025,1,1,January,4,Thursday,false,15,15:00,16,64990.250000,hist_gradient_boosting_31_leaves,68116.080360,3125.830360,3125.830360,67330.250000,69416.250000
2025-01-29T23:00:00+00:00,2025-01-30,2025-01-29T23:00:00+00:00,2025-01-30T15:00:00+00:00,2025-01-30T16:00:00,20250130,2025-01-30,2025,1,1,January,4,Thursday,false,16,16:00,17,65148.250000,hist_gradient_boosting_31_leaves,68280.603952,3132.353952,3132.353952,67220.750000,69780.250000
2025-01-29T23:00:00+00:00,2025-01-30,2025-01-29T23:00:00+00:00,2025-01-30T16:00:00+00:00,2025-01-30T17:00:00,20250130,2025-01-30,2025,1,1,January,4,Thursday,false,17,17:00,18,67588.000000,hist_gradient_boosting_31_leaves,69872.774914,2284.774914,2284.774914,69406.000000,71926.500000
2025-01-29T23:00:00+00:00,2025-01-30,2025-01-29T23:00:00+00:00,2025-01-30T17:00:00+00:00,2025-01-30T18:00:00,20250130,2025-01-30,2025,1,1,January,4,Thursday,false,18,18:00,19,68256.250000,hist_gradient_boosting_31_leaves,70325.227745,2068.977745,2068.977745,70141.750000,71398.500000
2025-01-29T23:00:00+00:00,2025-01-30,2025-01-29T23:00:00+00:00,2025-01-30T18:00:00+00:00,2025-01-30T19:00:00,20250130,2025-01-30,2025,1,1,January,4,Thursday,false,19,19:00,20,66819.250000,hist_gradient_boosting_31_leaves,69205.517956,2386.267956,2386.267956,68956.000000,69673.250000
2025-01-29T23:00:00+00:00,2025-01-30,2025-01-29T23:00:00+00:00,2025-01-30T19:00:00+00:00,2025-01-30T20:00:00,20250130,2025-01-30,2025,1,1,January,4,Thursday,false,20,20:00,21,63553.500000,hist_gradient_boosting_31_leaves,65817.017381,2263.517381,2263.517381,65732.500000,66519.000000
2025-01-29T23:00:00+00:00,2025-01-30,2025-01-29T23:00:00+00:00,2025-01-30T20:00:00+00:00,2025-01-30T21:00:00,20250130,2025-01-30,2025,1,1,January,4,Thursday,false,21,21:00,22,59786.500000,hist_gradient_boosting_31_leaves,62530.156197,2743.656197,2743.656197,62026.500000,63138.750000
2025-01-29T23:00:00+00:00,2025-01-30,2025-01-29T23:00:00+00:00,2025-01-30T21:00:00+00:00,2025-01-30T22:00:00,20250130,2025-01-30,2025,1,1,January,4,Thursday,false,22,22:00,23,56793.000000,hist_gradient_boosting_31_leaves,59299.379233,2506.379233,2506.379233,58876.750000,60279.750000
2025-01-29T23:00:00+00:00,2025-01-30,2025-01-29T23:00:00+00:00,2025-01-30T22:00:00+00:00,2025-01-30T23:00:00,20250130,2025-01-30,2025,1,1,January,4,Thursday,false,23,23:00,24,53149.500000,hist_gradient_boosting_31_leaves,55588.436533,2438.936533,2438.936533,55218.750000,56257.750000
2025-01-30T23:00:00+00:00,2025-01-31,2025-01-30T23:00:00+00:00,2025-01-30T23:00:00+00:00,2025-01-31T00:00:00,20250131,2025-01-31,2025,1,1,January,5,Friday,false,0,00:00,1,50641.500000,hist_gradient_boosting_31_leaves,51155.551837,514.051837,514.051837,52382.750000,53394.500000
2025-01-30T23:00:00+00:00,2025-01-31,2025-01-30T23:00:00+00:00,2025-01-31T00:00:00+00:00,2025-01-31T01:00:00,20250131,2025-01-31,2025,1,1,January,5,Friday,false,1,01:00,2,49482.000000,hist_gradient_boosting_31_leaves,50079.443273,597.443273,597.443273,51157.500000,51363.000000
2025-01-30T23:00:00+00:00,2025-01-31,2025-01-30T23:00:00+00:00,2025-01-31T01:00:00+00:00,2025-01-31T02:00:00,20250131,2025-01-31,2025,1,1,January,5,Friday,false,2,02:00,3,49418.500000,hist_gradient_boosting_31_leaves,49224.380161,-194.119839,194.119839,50307.750000,50714.000000
2025-01-30T23:00:00+00:00,2025-01-31,2025-01-30T23:00:00+00:00,2025-01-31T02:00:00+00:00,2025-01-31T03:00:00,20250131,2025-01-31,2025,1,1,January,5,Friday,false,3,03:00,4,49789.750000,hist_gradient_boosting_31_leaves,49710.162383,-79.587617,79.587617,50897.000000,50735.750000
2025-01-30T23:00:00+00:00,2025-01-31,2025-01-30T23:00:00+00:00,2025-01-31T03:00:00+00:00,2025-01-31T04:00:00,20250131,2025-01-31,2025,1,1,January,5,Friday,false,4,04:00,5,51106.500000,hist_gradient_boosting_31_leaves,50792.346823,-314.153177,314.153177,51720.000000,51808.250000
2025-01-30T23:00:00+00:00,2025-01-31,2025-01-30T23:00:00+00:00,2025-01-31T04:00:00+00:00,2025-01-31T05:00:00,20250131,2025-01-31,2025,1,1,January,5,Friday,false,5,05:00,6,54183.500000,hist_gradient_boosting_31_leaves,52700.111414,-1483.388586,1483.388586,54312.750000,54461.250000
2025-01-30T23:00:00+00:00,2025-01-31,2025-01-30T23:00:00+00:00,2025-01-31T05:00:00+00:00,2025-01-31T06:00:00,20250131,2025-01-31,2025,1,1,January,5,Friday,false,6,06:00,7,61054.000000,hist_gradient_boosting_31_leaves,60406.578680,-647.421320,647.421320,61416.750000,61517.500000
2025-01-30T23:00:00+00:00,2025-01-31,2025-01-30T23:00:00+00:00,2025-01-31T06:00:00+00:00,2025-01-31T07:00:00,20250131,2025-01-31,2025,1,1,January,5,Friday,false,7,07:00,8,66515.250000,hist_gradient_boosting_31_leaves,66347.860759,-167.389241,167.389241,67305.750000,67174.250000
2025-01-30T23:00:00+00:00,2025-01-31,2025-01-30T23:00:00+00:00,2025-01-31T07:00:00+00:00,2025-01-31T08:00:00,20250131,2025-01-31,2025,1,1,January,5,Friday,false,8,08:00,9,68751.000000,hist_gradient_boosting_31_leaves,67891.871752,-859.128248,859.128248,69245.000000,69555.250000
2025-01-30T23:00:00+00:00,2025-01-31,2025-01-30T23:00:00+00:00,2025-01-31T08:00:00+00:00,2025-01-31T09:00:00,20250131,2025-01-31,2025,1,1,January,5,Friday,false,9,09:00,10,69282.250000,hist_gradient_boosting_31_leaves,68131.159705,-1151.090295,1151.090295,69628.500000,69630.500000
2025-01-30T23:00:00+00:00,2025-01-31,2025-01-30T23:00:00+00:00,2025-01-31T09:00:00+00:00,2025-01-31T10:00:00,20250131,2025-01-31,2025,1,1,January,5,Friday,false,10,10:00,11,69303.000000,hist_gradient_boosting_31_leaves,68417.966361,-885.033639,885.033639,69544.000000,70043.250000
2025-01-30T23:00:00+00:00,2025-01-31,2025-01-30T23:00:00+00:00,2025-01-31T10:00:00+00:00,2025-01-31T11:00:00,20250131,2025-01-31,2025,1,1,January,5,Friday,false,11,11:00,12,68582.500000,hist_gradient_boosting_31_leaves,68752.090742,169.590742,169.590742,69874.000000,69488.750000
2025-01-30T23:00:00+00:00,2025-01-31,2025-01-30T23:00:00+00:00,2025-01-31T11:00:00+00:00,2025-01-31T12:00:00,20250131,2025-01-31,2025,1,1,January,5,Friday,false,12,12:00,13,66998.500000,hist_gradient_boosting_31_leaves,68219.196105,1220.696105,1220.696105,69156.250000,69243.500000
2025-01-30T23:00:00+00:00,2025-01-31,2025-01-30T23:00:00+00:00,2025-01-31T12:00:00+00:00,2025-01-31T13:00:00,20250131,2025-01-31,2025,1,1,January,5,Friday,false,13,13:00,14,65316.500000,hist_gradient_boosting_31_leaves,67031.416512,1714.916512,1714.916512,67389.000000,67487.250000
2025-01-30T23:00:00+00:00,2025-01-31,2025-01-30T23:00:00+00:00,2025-01-31T13:00:00+00:00,2025-01-31T14:00:00,20250131,2025-01-31,2025,1,1,January,5,Friday,false,14,14:00,15,63490.500000,hist_gradient_boosting_31_leaves,65574.866545,2084.366545,2084.366545,66132.750000,66135.250000
2025-01-30T23:00:00+00:00,2025-01-31,2025-01-30T23:00:00+00:00,2025-01-31T14:00:00+00:00,2025-01-31T15:00:00,20250131,2025-01-31,2025,1,1,January,5,Friday,false,15,15:00,16,62904.000000,hist_gradient_boosting_31_leaves,64928.758920,2024.758920,2024.758920,64990.250000,65666.000000
2025-01-30T23:00:00+00:00,2025-01-31,2025-01-30T23:00:00+00:00,2025-01-31T15:00:00+00:00,2025-01-31T16:00:00,20250131,2025-01-31,2025,1,1,January,5,Friday,false,16,16:00,17,63283.750000,hist_gradient_boosting_31_leaves,65208.728752,1924.978752,1924.978752,65148.250000,66087.500000
2025-01-30T23:00:00+00:00,2025-01-31,2025-01-30T23:00:00+00:00,2025-01-31T16:00:00+00:00,2025-01-31T17:00:00,20250131,2025-01-31,2025,1,1,January,5,Friday,false,17,17:00,18,66032.750000,hist_gradient_boosting_31_leaves,67113.427172,1080.677172,1080.677172,67588.000000,68304.500000
2025-01-30T23:00:00+00:00,2025-01-31,2025-01-30T23:00:00+00:00,2025-01-31T17:00:00+00:00,2025-01-31T18:00:00,20250131,2025-01-31,2025,1,1,January,5,Friday,false,18,18:00,19,66791.500000,hist_gradient_boosting_31_leaves,67228.487032,436.987032,436.987032,68256.250000,67764.750000
2025-01-30T23:00:00+00:00,2025-01-31,2025-01-30T23:00:00+00:00,2025-01-31T18:00:00+00:00,2025-01-31T19:00:00,20250131,2025-01-31,2025,1,1,January,5,Friday,false,19,19:00,20,64955.500000,hist_gradient_boosting_31_leaves,66113.330146,1157.830146,1157.830146,66819.250000,66307.250000
2025-01-30T23:00:00+00:00,2025-01-31,2025-01-30T23:00:00+00:00,2025-01-31T19:00:00+00:00,2025-01-31T20:00:00,20250131,2025-01-31,2025,1,1,January,5,Friday,false,20,20:00,21,61970.000000,hist_gradient_boosting_31_leaves,62699.983480,729.983480,729.983480,63553.500000,62992.250000
2025-01-30T23:00:00+00:00,2025-01-31,2025-01-30T23:00:00+00:00,2025-01-31T20:00:00+00:00,2025-01-31T21:00:00,20250131,2025-01-31,2025,1,1,January,5,Friday,false,21,21:00,22,58950.000000,hist_gradient_boosting_31_leaves,58517.554060,-432.445940,432.445940,59786.500000,59310.000000
2025-01-30T23:00:00+00:00,2025-01-31,2025-01-30T23:00:00+00:00,2025-01-31T21:00:00+00:00,2025-01-31T22:00:00,20250131,2025-01-31,2025,1,1,January,5,Friday,false,22,22:00,23,56042.000000,hist_gradient_boosting_31_leaves,55222.518133,-819.481867,819.481867,56793.000000,55611.000000
2025-01-30T23:00:00+00:00,2025-01-31,2025-01-30T23:00:00+00:00,2025-01-31T22:00:00+00:00,2025-01-31T23:00:00,20250131,2025-01-31,2025,1,1,January,5,Friday,false,23,23:00,24,53001.000000,hist_gradient_boosting_31_leaves,52100.090187,-900.909813,900.909813,53149.500000,52136.500000
