interval_start_utc,interval_end_utc,date_key,calendar_date,calendar_year,calendar_quarter,month_number,month_name,iso_week,weekday_number,weekday_name,is_weekend,hour_key,hour_label,utc_offset_minutes,is_dst,local_fold,technology_key,technology_id,technology_name,technology_group,is_renewable,technology_order,generation_mwh,generation_mw,value_status,source_export_id,source_sha256
2025-01-05T23:00:00+00:00,2025-01-06T00:00:00+00:00,20250106,2025-01-06,2025,1,1,January,2,1,Monday,false,0,00:00,60,false,0,1,biomass,Biomass,renewable,true,1,3740.00,3740.00,reported,actual_generation_de_2024_2025,8118719a1cd35b8bac2f3933ca90094fc3fdbe4eaf8b653e88e4097514ae2f64
2025-01-05T23:00:00+00:00,2025-01-06T00:00:00+00:00,20250106,2025-01-06,2025,1,1,January,2,1,Monday,false,0,00:00,60,false,0,2,hydropower,Hydropower,renewable,true,2,1615.75,1615.75,reported,actual_generation_de_2024_2025,8118719a1cd35b8bac2f3933ca90094fc3fdbe4eaf8b653e88e4097514ae2f64
2025-01-05T23:00:00+00:00,2025-01-06T00:00:00+00:00,20250106,2025-01-06,2025,1,1,January,2,1,Monday,false,0,00:00,60,false,0,3,wind_offshore,Wind offshore,renewable,true,3,6408.00,6408.00,reported,actual_generation_de_2024_2025,8118719a1cd35b8bac2f3933ca90094fc3fdbe4eaf8b653e88e4097514ae2f64
2025-01-05T23:00:00+00:00,2025-01-06T00:00:00+00:00,20250106,2025-01-06,2025,1,1,January,2,1,Monday,false,0,00:00,60,false,0,4,wind_onshore,Wind onshore,renewable,true,4,28205.75,28205.75,reported,actual_generation_de_2024_2025,8118719a1cd35b8bac2f3933ca90094fc3fdbe4eaf8b653e88e4097514ae2f64
2025-01-05T23:00:00+00:00,2025-01-06T00:00:00+00:00,20250106,2025-01-06,2025,1,1,January,2,1,Monday,false,0,00:00,60,false,0,5,solar_photovoltaic,Solar photovoltaic,renewable,true,5,5.75,5.75,reported,actual_generation_de_2024_2025,8118719a1cd35b8bac2f3933ca90094fc3fdbe4eaf8b653e88e4097514ae2f64
2025-01-05T23:00:00+00:00,2025-01-06T00:00:00+00:00,20250106,2025-01-06,2025,1,1,January,2,1,Monday,false,0,00:00,60,false,0,6,other_renewable,Other renewable,renewable,true,6,130.50,130.50,reported,actual_generation_de_2024_2025,8118719a1cd35b8bac2f3933ca90094fc3fdbe4eaf8b653e88e4097514ae2f64
2025-01-05T23:00:00+00:00,2025-01-06T00:00:00+00:00,20250106,2025-01-06,2025,1,1,January,2,1,Monday,false,0,00:00,60,false,0,7,nuclear,Nuclear,conventional,false,7,,,unavailable,actual_generation_de_2024_2025,8118719a1cd35b8bac2f3933ca90094fc3fdbe4eaf8b653e88e4097514ae2f64
2025-01-05T23:00:00+00:00,2025-01-06T00:00:00+00:00,20250106,2025-01-06,2025,1,1,January,2,1,Monday,false,0,00:00,60,false,0,8,lignite,Lignite,conventional,false,8,3598.50,3598.50,reported,actual_generation_de_2024_2025,8118719a1cd35b8bac2f3933ca90094fc3fdbe4eaf8b653e88e4097514ae2f64
2025-01-05T23:00:00+00:00,2025-01-06T00:00:00+00:00,20250106,2025-01-06,2025,1,1,January,2,1,Monday,false,0,00:00,60,false,0,9,hard_coal,Hard coal,conventional,false,9,1238.00,1238.00,reported,actual_generation_de_2024_2025,8118719a1cd35b8bac2f3933ca90094fc3fdbe4eaf8b653e88e4097514ae2f64
2025-01-05T23:00:00+00:00,2025-01-06T00:00:00+00:00,20250106,2025-01-06,2025,1,1,January,2,1,Monday,false,0,00:00,60,false,0,10,fossil_gas,Fossil gas,conventional,false,10,3730.50,3730.50,reported,actual_generation_de_2024_2025,8118719a1cd35b8bac2f3933ca90094fc3fdbe4eaf8b653e88e4097514ae2f64
2025-01-05T23:00:00+00:00,2025-01-06T00:00:00+00:00,20250106,2025-01-06,2025,1,1,January,2,1,Monday,false,0,00:00,60,false,0,11,hydro_pumped_storage,Hydro pumped storage,storage,false,11,144.00,144.00,reported,actual_generation_de_2024_2025,8118719a1cd35b8bac2f3933ca90094fc3fdbe4eaf8b653e88e4097514ae2f64
2025-01-05T23:00:00+00:00,2025-01-06T00:00:00+00:00,20250106,2025-01-06,2025,1,1,January,2,1,Monday,false,0,00:00,60,false,0,12,other_conventional,Other conventional,conventional,false,12,1684.75,1684.75,reported,actual_generation_de_2024_2025,8118719a1cd35b8bac2f3933ca90094fc3fdbe4eaf8b653e88e4097514ae2f64
2025-01-06T00:00:00+00:00,2025-01-06T01:00:00+00:00,20250106,2025-01-06,2025,1,1,January,2,1,Monday,false,1,01:00,60,false,0,1,biomass,Biomass,renewable,true,1,3720.25,3720.25,reported,actual_generation_de_2024_2025,8118719a1cd35b8bac2f3933ca90094fc3fdbe4eaf8b653e88e4097514ae2f64
2025-01-06T00:00:00+00:00,2025-01-06T01:00:00+00:00,20250106,2025-01-06,2025,1,1,January,2,1,Monday,false,1,01:00,60,false,0,2,hydropower,Hydropower,renewable,true,2,1623.50,1623.50,reported,actual_generation_de_2024_2025,8118719a1cd35b8bac2f3933ca90094fc3fdbe4eaf8b653e88e4097514ae2f64
2025-01-06T00:00:00+00:00,2025-01-06T01:00:00+00:00,20250106,2025-01-06,2025,1,1,January,2,1,Monday,false,1,01:00,60,false,0,3,wind_offshore,Wind offshore,renewable,true,3,6574.25,6574.25,reported,actual_generation_de_2024_2025,8118719a1cd35b8bac2f3933ca90094fc3fdbe4eaf8b653e88e4097514ae2f64
2025-01-06T00:00:00+00:00,2025-01-06T01:00:00+00:00,20250106,2025-01-06,2025,1,1,January,2,1,Monday,false,1,01:00,60,false,0,4,wind_onshore,Wind onshore,renewable,true,4,28649.50,28649.50,reported,actual_generation_de_2024_2025,8118719a1cd35b8bac2f3933ca90094fc3fdbe4eaf8b653e88e4097514ae2f64
2025-01-06T00:00:00+00:00,2025-01-06T01:00:00+00:00,20250106,2025-01-06,2025,1,1,January,2,1,Monday,false,1,01:00,60,false,0,5,solar_photovoltaic,Solar photovoltaic,renewable,true,5,5.75,5.75,reported,actual_generation_de_2024_2025,8118719a1cd35b8bac2f3933ca90094fc3fdbe4eaf8b653e88e4097514ae2f64
2025-01-06T00:00:00+00:00,2025-01-06T01:00:00+00:00,20250106,2025-01-06,2025,1,1,January,2,1,Monday,false,1,01:00,60,false,0,6,other_renewable,Other renewable,renewable,true,6,129.75,129.75,reported,actual_generation_de_2024_2025,8118719a1cd35b8bac2f3933ca90094fc3fdbe4eaf8b653e88e4097514ae2f64
2025-01-06T00:00:00+00:00,2025-01-06T01:00:00+00:00,20250106,2025-01-06,2025,1,1,January,2,1,Monday,false,1,01:00,60,false,0,7,nuclear,Nuclear,conventional,false,7,,,unavailable,actual_generation_de_2024_2025,8118719a1cd35b8bac2f3933ca90094fc3fdbe4eaf8b653e88e4097514ae2f64
2025-01-06T00:00:00+00:00,2025-01-06T01:00:00+00:00,20250106,2025-01-06,2025,1,1,January,2,1,Monday,false,1,01:00,60,false,0,8,lignite,Lignite,conventional,false,8,3441.25,3441.25,reported,actual_generation_de_2024_2025,8118719a1cd35b8bac2f3933ca90094fc3fdbe4eaf8b653e88e4097514ae2f64
2025-01-06T00:00:00+00:00,2025-01-06T01:00:00+00:00,20250106,2025-01-06,2025,1,1,January,2,1,Monday,false,1,01:00,60,false,0,9,hard_coal,Hard coal,conventional,false,9,1493.00,1493.00,reported,actual_generation_de_2024_2025,8118719a1cd35b8bac2f3933ca90094fc3fdbe4eaf8b653e88e4097514ae2f64
2025-01-06T00:00:00+00:00,2025-01-06T01:00:00+00:00,20250106,2025-01-06,2025,1,1,January,2,1,Monday,false,1,01:00,60,false,0,10,fossil_gas,Fossil gas,conventional,false,10,3710.75,3710.75,reported,actual_generation_de_2024_2025,8118719a1cd35b8bac2f3933ca90094fc3fdbe4eaf8b653e88e4097514ae2f64
2025-01-06T00:00:00+00:00,2025-01-06T01:00:00+00:00,20250106,2025-01-06,2025,1,1,January,2,1,Monday,false,1,01:00,60,false,0,11,hydro_pumped_storage,Hydro pumped storage,storage,false,11,326.75,326.75,reported,actual_generation_de_2024_2025,8118719a1cd35b8bac2f3933ca90094fc3fdbe4eaf8b653e88e4097514ae2f64
2025-01-06T00:00:00+00:00,2025-01-06T01:00:00+00:00,20250106,2025-01-06,2025,1,1,January,2,1,Monday,false,1,01:00,60,false,0,12,other_conventional,Other conventional,conventional,false,12,1637.25,1637.25,reported,actual_generation_de_2024_2025,8118719a1cd35b8bac2f3933ca90094fc3fdbe4eaf8b653e88e4097514ae2f64
2025-01-06T01:00:00+00:00,2025-01-06T02:00:00+00:00,20250106,2025-01-06,2025,1,1,January,2,1,Monday,false,2,02:00,60,false,0,1,biomass,Biomass,renewable,true,1,3683.00,3683.00,reported,actual_generation_de_2024_2025,8118719a1cd35b8bac2f3933ca90094fc3fdbe4eaf8b653e88e4097514ae2f64
2025-01-06T01:00:00+00:00,2025-01-06T02:00:00+00:00,20250106,2025-01-06,2025,1,1,January,2,1,Monday,false,2,02:00,60,false,0,2,hydropower,Hydropower,renewable,true,2,1588.25,1588.25,reported,actual_generation_de_2024_2025,8118719a1cd35b8bac2f3933ca90094fc3fdbe4eaf8b653e88e4097514ae2f64
2025-01-06T01:00:00+00:00,2025-01-06T02:00:00+00:00,20250106,2025-01-06,2025,1,1,January,2,1,Monday,false,2,02:00,60,false,0,3,wind_offshore,Wind offshore,renewable,true,3,6318.50,6318.50,reported,actual_generation_de_2024_2025,8118719a1cd35b8bac2f3933ca90094fc3fdbe4eaf8b653e88e4097514ae2f64
2025-01-06T01:00:00+00:00,2025-01-06T02:00:00+00:00,20250106,2025-01-06,2025,1,1,January,2,1,Monday,false,2,02:00,60,false,0,4,wind_onshore,Wind onshore,renewable,true,4,30252.50,30252.50,reported,actual_generation_de_2024_2025,8118719a1cd35b8bac2f3933ca90094fc3fdbe4eaf8b653e88e4097514ae2f64
2025-01-06T01:00:00+00:00,2025-01-06T02:00:00+00:00,20250106,2025-01-06,2025,1,1,January,2,1,Monday,false,2,02:00,60,false,0,5,solar_photovoltaic,Solar photovoltaic,renewable,true,5,5.25,5.25,reported,actual_generation_de_2024_2025,8118719a1cd35b8bac2f3933ca90094fc3fdbe4eaf8b653e88e4097514ae2f64
2025-01-06T01:00:00+00:00,2025-01-06T02:00:00+00:00,20250106,2025-01-06,2025,1,1,January,2,1,Monday,false,2,02:00,60,false,0,6,other_renewable,Other renewable,renewable,true,6,129.75,129.75,reported,actual_generation_de_2024_2025,8118719a1cd35b8bac2f3933ca90094fc3fdbe4eaf8b653e88e4097514ae2f64
2025-01-06T01:00:00+00:00,2025-01-06T02:00:00+00:00,20250106,2025-01-06,2025,1,1,January,2,1,Monday,false,2,02:00,60,false,0,7,nuclear,Nuclear,conventional,false,7,,,unavailable,actual_generation_de_2024_2025,8118719a1cd35b8bac2f3933ca90094fc3fdbe4eaf8b653e88e4097514ae2f64
2025-01-06T01:00:00+00:00,2025-01-06T02:00:00+00:00,20250106,2025-01-06,2025,1,1,January,2,1,Monday,false,2,02:00,60,false,0,8,lignite,Lignite,conventional,false,8,3376.50,3376.50,reported,actual_generation_de_2024_2025,8118719a1cd35b8bac2f3933ca90094fc3fdbe4eaf8b653e88e4097514ae2f64
2025-01-06T01:00:00+00:00,2025-01-06T02:00:00+00:00,20250106,2025-01-06,2025,1,1,January,2,1,Monday,false,2,02:00,60,false,0,9,hard_coal,Hard coal,conventional,false,9,1681.25,1681.25,reported,actual_generation_de_2024_2025,8118719a1cd35b8bac2f3933ca90094fc3fdbe4eaf8b653e88e4097514ae2f64
2025-01-06T01:00:00+00:00,2025-01-06T02:00:00+00:00,20250106,2025-01-06,2025,1,1,January,2,1,Monday,false,2,02:00,60,false,0,10,fossil_gas,Fossil gas,conventional,false,10,3851.25,3851.25,reported,actual_generation_de_2024_2025,8118719a1cd35b8bac2f3933ca90094fc3fdbe4eaf8b653e88e4097514ae2f64
2025-01-06T01:00:00+00:00,2025-01-06T02:00:00+00:00,20250106,2025-01-06,2025,1,1,January,2,1,Monday,false,2,02:00,60,false,0,11,hydro_pumped_storage,Hydro pumped storage,storage,false,11,166.00,166.00,reported,actual_generation_de_2024_2025,8118719a1cd35b8bac2f3933ca90094fc3fdbe4eaf8b653e88e4097514ae2f64
2025-01-06T01:00:00+00:00,2025-01-06T02:00:00+00:00,20250106,2025-01-06,2025,1,1,January,2,1,Monday,false,2,02:00,60,false,0,12,other_conventional,Other conventional,conventional,false,12,1631.25,1631.25,reported,actual_generation_de_2024_2025,8118719a1cd35b8bac2f3933ca90094fc3fdbe4eaf8b653e88e4097514ae2f64
2025-01-06T02:00:00+00:00,2025-01-06T03:00:00+00:00,20250106,2025-01-06,2025,1,1,January,2,1,Monday,false,3,03:00,60,false,0,1,biomass,Biomass,renewable,true,1,3636.00,3636.00,reported,actual_generation_de_2024_2025,8118719a1cd35b8bac2f3933ca90094fc3fdbe4eaf8b653e88e4097514ae2f64
2025-01-06T02:00:00+00:00,2025-01-06T03:00:00+00:00,20250106,2025-01-06,2025,1,1,January,2,1,Monday,false,3,03:00,60,false,0,2,hydropower,Hydropower,renewable,true,2,1595.50,1595.50,reported,actual_generation_de_2024_2025,8118719a1cd35b8bac2f3933ca90094fc3fdbe4eaf8b653e88e4097514ae2f64
2025-01-06T02:00:00+00:00,2025-01-06T03:00:00+00:00,20250106,2025-01-06,2025,1,1,January,2,1,Monday,false,3,03:00,60,false,0,3,wind_offshore,Wind offshore,renewable,true,3,6545.50,6545.50,reported,actual_generation_de_2024_2025,8118719a1cd35b8bac2f3933ca90094fc3fdbe4eaf8b653e88e4097514ae2f64
2025-01-06T02:00:00+00:00,2025-01-06T03:00:00+00:00,20250106,2025-01-06,2025,1,1,January,2,1,Monday,false,3,03:00,60,false,0,4,wind_onshore,Wind onshore,renewable,true,4,31866.00,31866.00,reported,actual_generation_de_2024_2025,8118719a1cd35b8bac2f3933ca90094fc3fdbe4eaf8b653e88e4097514ae2f64
2025-01-06T02:00:00+00:00,2025-01-06T03:00:00+00:00,20250106,2025-01-06,2025,1,1,January,2,1,Monday,false,3,03:00,60,false,0,5,solar_photovoltaic,Solar photovoltaic,renewable,true,5,7.50,7.50,reported,actual_generation_de_2024_2025,8118719a1cd35b8bac2f3933ca90094fc3fdbe4eaf8b653e88e4097514ae2f64
2025-01-06T02:00:00+00:00,2025-01-06T03:00:00+00:00,20250106,2025-01-06,2025,1,1,January,2,1,Monday,false,3,03:00,60,false,0,6,other_renewable,Other renewable,renewable,true,6,130.00,130.00,reported,actual_generation_de_2024_2025,8118719a1cd35b8bac2f3933ca90094fc3fdbe4eaf8b653e88e4097514ae2f64
2025-01-06T02:00:00+00:00,2025-01-06T03:00:00+00:00,20250106,2025-01-06,2025,1,1,January,2,1,Monday,false,3,03:00,60,false,0,7,nuclear,Nuclear,conventional,false,7,,,unavailable,actual_generation_de_2024_2025,8118719a1cd35b8bac2f3933ca90094fc3fdbe4eaf8b653e88e4097514ae2f64
2025-01-06T02:00:00+00:00,2025-01-06T03:00:00+00:00,20250106,2025-01-06,2025,1,1,January,2,1,Monday,false,3,03:00,60,false,0,8,lignite,Lignite,conventional,false,8,3303.25,3303.25,reported,actual_generation_de_2024_2025,8118719a1cd35b8bac2f3933ca90094fc3fdbe4eaf8b653e88e4097514ae2f64
2025-01-06T02:00:00+00:00,2025-01-06T03:00:00+00:00,20250106,2025-01-06,2025,1,1,January,2,1,Monday,false,3,03:00,60,false,0,9,hard_coal,Hard coal,conventional,false,9,1754.50,1754.50,reported,actual_generation_de_2024_2025,8118719a1cd35b8bac2f3933ca90094fc3fdbe4eaf8b653e88e4097514ae2f64
2025-01-06T02:00:00+00:00,2025-01-06T03:00:00+00:00,20250106,2025-01-06,2025,1,1,January,2,1,Monday,false,3,03:00,60,false,0,10,fossil_gas,Fossil gas,conventional,false,10,3846.50,3846.50,reported,actual_generation_de_2024_2025,8118719a1cd35b8bac2f3933ca90094fc3fdbe4eaf8b653e88e4097514ae2f64
2025-01-06T02:00:00+00:00,2025-01-06T03:00:00+00:00,20250106,2025-01-06,2025,1,1,January,2,1,Monday,false,3,03:00,60,false,0,11,hydro_pumped_storage,Hydro pumped storage,storage,false,11,3.50,3.50,reported,actual_generation_de_2024_2025,8118719a1cd35b8bac2f3933ca90094fc3fdbe4eaf8b653e88e4097514ae2f64
2025-01-06T02:00:00+00:00,2025-01-06T03:00:00+00:00,20250106,2025-01-06,2025,1,1,January,2,1,Monday,false,3,03:00,60,false,0,12,other_conventional,Other conventional,conventional,false,12,1671.50,1671.50,reported,actual_generation_de_2024_2025,8118719a1cd35b8bac2f3933ca90094fc3fdbe4eaf8b653e88e4097514ae2f64
2025-01-06T03:00:00+00:00,2025-01-06T04:00:00+00:00,20250106,2025-01-06,2025,1,1,January,2,1,Monday,false,4,04:00,60,false,0,1,biomass,Biomass,renewable,true,1,3597.75,3597.75,reported,actual_generation_de_2024_2025,8118719a1cd35b8bac2f3933ca90094fc3fdbe4eaf8b653e88e4097514ae2f64
2025-01-06T03:00:00+00:00,2025-01-06T04:00:00+00:00,20250106,2025-01-06,2025,1,1,January,2,1,Monday,false,4,04:00,60,false,0,2,hydropower,Hydropower,renewable,true,2,1605.50,1605.50,reported,actual_generation_de_2024_2025,8118719a1cd35b8bac2f3933ca90094fc3fdbe4eaf8b653e88e4097514ae2f64
2025-01-06T03:00:00+00:00,2025-01-06T04:00:00+00:00,20250106,2025-01-06,2025,1,1,January,2,1,Monday,false,4,04:00,60,false,0,3,wind_offshore,Wind offshore,renewable,true,3,6611.25,6611.25,reported,actual_generation_de_2024_2025,8118719a1cd35b8bac2f3933ca90094fc3fdbe4eaf8b653e88e4097514ae2f64
2025-01-06T03:00:00+00:00,2025-01-06T04:00:00+00:00,20250106,2025-01-06,2025,1,1,January,2,1,Monday,false,4,04:00,60,false,0,4,wind_onshore,Wind onshore,renewable,true,4,33167.00,33167.00,reported,actual_generation_de_2024_2025,8118719a1cd35b8bac2f3933ca90094fc3fdbe4eaf8b653e88e4097514ae2f64
2025-01-06T03:00:00+00:00,2025-01-06T04:00:00+00:00,20250106,2025-01-06,2025,1,1,January,2,1,Monday,false,4,04:00,60,false,0,5,solar_photovoltaic,Solar photovoltaic,renewable,true,5,8.00,8.00,reported,actual_generation_de_2024_2025,8118719a1cd35b8bac2f3933ca90094fc3fdbe4eaf8b653e88e4097514ae2f64
2025-01-06T03:00:00+00:00,2025-01-06T04:00:00+00:00,20250106,2025-01-06,2025,1,1,January,2,1,Monday,false,4,04:00,60,false,0,6,other_renewable,Other renewable,renewable,true,6,129.25,129.25,reported,actual_generation_de_2024_2025,8118719a1cd35b8bac2f3933ca90094fc3fdbe4eaf8b653e88e4097514ae2f64
2025-01-06T03:00:00+00:00,2025-01-06T04:00:00+00:00,20250106,2025-01-06,2025,1,1,January,2,1,Monday,false,4,04:00,60,false,0,7,nuclear,Nuclear,conventional,false,7,,,unavailable,actual_generation_de_2024_2025,8118719a1cd35b8bac2f3933ca90094fc3fdbe4eaf8b653e88e4097514ae2f64
2025-01-06T03:00:00+00:00,2025-01-06T04:00:00+00:00,20250106,2025-01-06,2025,1,1,January,2,1,Monday,false,4,04:00,60,false,0,8,lignite,Lignite,conventional,false,8,3270.00,3270.00,reported,actual_generation_de_2024_2025,8118719a1cd35b8bac2f3933ca90094fc3fdbe4eaf8b653e88e4097514ae2f64
2025-01-06T03:00:00+00:00,2025-01-06T04:00:00+00:00,20250106,2025-01-06,2025,1,1,January,2,1,Monday,false,4,04:00,60,false,0,9,hard_coal,Hard coal,conventional,false,9,1761.75,1761.75,reported,actual_generation_de_2024_2025,8118719a1cd35b8bac2f3933ca90094fc3fdbe4eaf8b653e88e4097514ae2f64
2025-01-06T03:00:00+00:00,2025-01-06T04:00:00+00:00,20250106,2025-01-06,2025,1,1,January,2,1,Monday,false,4,04:00,60,false,0,10,fossil_gas,Fossil gas,conventional,false,10,3838.25,3838.25,reported,actual_generation_de_2024_2025,8118719a1cd35b8bac2f3933ca90094fc3fdbe4eaf8b653e88e4097514ae2f64
2025-01-06T03:00:00+00:00,2025-01-06T04:00:00+00:00,20250106,2025-01-06,2025,1,1,January,2,1,Monday,false,4,04:00,60,false,0,11,hydro_pumped_storage,Hydro pumped storage,storage,false,11,28.50,28.50,reported,actual_generation_de_2024_2025,8118719a1cd35b8bac2f3933ca90094fc3fdbe4eaf8b653e88e4097514ae2f64
2025-01-06T03:00:00+00:00,2025-01-06T04:00:00+00:00,20250106,2025-01-06,2025,1,1,January,2,1,Monday,false,4,04:00,60,false,0,12,other_conventional,Other conventional,conventional,false,12,1708.50,1708.50,reported,actual_generation_de_2024_2025,8118719a1cd35b8bac2f3933ca90094fc3fdbe4eaf8b653e88e4097514ae2f64
2025-01-06T04:00:00+00:00,2025-01-06T05:00:00+00:00,20250106,2025-01-06,2025,1,1,January,2,1,Monday,false,5,05:00,60,false,0,1,biomass,Biomass,renewable,true,1,3578.75,3578.75,reported,actual_generation_de_2024_2025,8118719a1cd35b8bac2f3933ca90094fc3fdbe4eaf8b653e88e4097514ae2f64
2025-01-06T04:00:00+00:00,2025-01-06T05:00:00+00:00,20250106,2025-01-06,2025,1,1,January,2,1,Monday,false,5,05:00,60,false,0,2,hydropower,Hydropower,renewable,true,2,1645.75,1645.75,reported,actual_generation_de_2024_2025,8118719a1cd35b8bac2f3933ca90094fc3fdbe4eaf8b653e88e4097514ae2f64
2025-01-06T04:00:00+00:00,2025-01-06T05:00:00+00:00,20250106,2025-01-06,2025,1,1,January,2,1,Monday,false,5,05:00,60,false,0,3,wind_offshore,Wind offshore,renewable,true,3,6583.50,6583.50,reported,actual_generation_de_2024_2025,8118719a1cd35b8bac2f3933ca90094fc3fdbe4eaf8b653e88e4097514ae2f64
2025-01-06T04:00:00+00:00,2025-01-06T05:00:00+00:00,20250106,2025-01-06,2025,1,1,January,2,1,Monday,false,5,05:00,60,false,0,4,wind_onshore,Wind onshore,renewable,true,4,34757.75,34757.75,reported,actual_generation_de_2024_2025,8118719a1cd35b8bac2f3933ca90094fc3fdbe4eaf8b653e88e4097514ae2f64
2025-01-06T04:00:00+00:00,2025-01-06T05:00:00+00:00,20250106,2025-01-06,2025,1,1,January,2,1,Monday,false,5,05:00,60,false,0,5,solar_photovoltaic,Solar photovoltaic,renewable,true,5,8.00,8.00,reported,actual_generation_de_2024_2025,8118719a1cd35b8bac2f3933ca90094fc3fdbe4eaf8b653e88e4097514ae2f64
2025-01-06T04:00:00+00:00,2025-01-06T05:00:00+00:00,20250106,2025-01-06,2025,1,1,January,2,1,Monday,false,5,05:00,60,false,0,6,other_renewable,Other renewable,renewable,true,6,129.50,129.50,reported,actual_generation_de_2024_2025,8118719a1cd35b8bac2f3933ca90094fc3fdbe4eaf8b653e88e4097514ae2f64
2025-01-06T04:00:00+00:00,2025-01-06T05:00:00+00:00,20250106,2025-01-06,2025,1,1,January,2,1,Monday,false,5,05:00,60,false,0,7,nuclear,Nuclear,conventional,false,7,,,unavailable,actual_generation_de_2024_2025,8118719a1cd35b8bac2f3933ca90094fc3fdbe4eaf8b653e88e4097514ae2f64
2025-01-06T04:00:00+00:00,2025-01-06T05:00:00+00:00,20250106,2025-01-06,2025,1,1,January,2,1,Monday,false,5,05:00,60,false,0,8,lignite,Lignite,conventional,false,8,3216.75,3216.75,reported,actual_generation_de_2024_2025,8118719a1cd35b8bac2f3933ca90094fc3fdbe4eaf8b653e88e4097514ae2f64
2025-01-06T04:00:00+00:00,2025-01-06T05:00:00+00:00,20250106,2025-01-06,2025,1,1,January,2,1,Monday,false,5,05:00,60,false,0,9,hard_coal,Hard coal,conventional,false,9,1655.50,1655.50,reported,actual_generation_de_2024_2025,8118719a1cd35b8bac2f3933ca90094fc3fdbe4eaf8b653e88e4097514ae2f64
2025-01-06T04:00:00+00:00,2025-01-06T05:00:00+00:00,20250106,2025-01-06,2025,1,1,January,2,1,Monday,false,5,05:00,60,false,0,10,fossil_gas,Fossil gas,conventional,false,10,3919.75,3919.75,reported,actual_generation_de_2024_2025,8118719a1cd35b8bac2f3933ca90094fc3fdbe4eaf8b653e88e4097514ae2f64
2025-01-06T04:00:00+00:00,2025-01-06T05:00:00+00:00,20250106,2025-01-06,2025,1,1,January,2,1,Monday,false,5,05:00,60,false,0,11,hydro_pumped_storage,Hydro pumped storage,storage,false,11,32.75,32.75,reported,actual_generation_de_2024_2025,8118719a1cd35b8bac2f3933ca90094fc3fdbe4eaf8b653e88e4097514ae2f64
2025-01-06T04:00:00+00:00,2025-01-06T05:00:00+00:00,20250106,2025-01-06,2025,1,1,January,2,1,Monday,false,5,05:00,60,false,0,12,other_conventional,Other conventional,conventional,false,12,1681.75,1681.75,reported,actual_generation_de_2024_2025,8118719a1cd35b8bac2f3933ca90094fc3fdbe4eaf8b653e88e4097514ae2f64
2025-01-06T05:00:00+00:00,2025-01-06T06:00:00+00:00,20250106,2025-01-06,2025,1,1,January,2,1,Monday,false,6,06:00,60,false,0,1,biomass,Biomass,renewable,true,1,3667.00,3667.00,reported,actual_generation_de_2024_2025,8118719a1cd35b8bac2f3933ca90094fc3fdbe4eaf8b653e88e4097514ae2f64
2025-01-06T05:00:00+00:00,2025-01-06T06:00:00+00:00,20250106,2025-01-06,2025,1,1,January,2,1,Monday,false,6,06:00,60,false,0,2,hydropower,Hydropower,renewable,true,2,1664.50,1664.50,reported,actual_generation_de_2024_2025,8118719a1cd35b8bac2f3933ca90094fc3fdbe4eaf8b653e88e4097514ae2f64
2025-01-06T05:00:00+00:00,2025-01-06T06:00:00+00:00,20250106,2025-01-06,2025,1,1,January,2,1,Monday,false,6,06:00,60,false,0,3,wind_offshore,Wind offshore,renewable,true,3,5973.00,5973.00,reported,actual_generation_de_2024_2025,8118719a1cd35b8bac2f3933ca90094fc3fdbe4eaf8b653e88e4097514ae2f64
2025-01-06T05:00:00+00:00,2025-01-06T06:00:00+00:00,20250106,2025-01-06,2025,1,1,January,2,1,Monday,false,6,06:00,60,false,0,4,wind_onshore,Wind onshore,renewable,true,4,36854.75,36854.75,reported,actual_generation_de_2024_2025,8118719a1cd35b8bac2f3933ca90094fc3fdbe4eaf8b653e88e4097514ae2f64
2025-01-06T05:00:00+00:00,2025-01-06T06:00:00+00:00,20250106,2025-01-06,2025,1,1,January,2,1,Monday,false,6,06:00,60,false,0,5,solar_photovoltaic,Solar photovoltaic,renewable,true,5,9.50,9.50,reported,actual_generation_de_2024_2025,8118719a1cd35b8bac2f3933ca90094fc3fdbe4eaf8b653e88e4097514ae2f64
2025-01-06T05:00:00+00:00,2025-01-06T06:00:00+00:00,20250106,2025-01-06,2025,1,1,January,2,1,Monday,false,6,06:00,60,false,0,6,other_renewable,Other renewable,renewable,true,6,127.75,127.75,reported,actual_generation_de_2024_2025,8118719a1cd35b8bac2f3933ca90094fc3fdbe4eaf8b653e88e4097514ae2f64
2025-01-06T05:00:00+00:00,2025-01-06T06:00:00+00:00,20250106,2025-01-06,2025,1,1,January,2,1,Monday,false,6,06:00,60,false,0,7,nuclear,Nuclear,conventional,false,7,,,unavailable,actual_generation_de_2024_2025,8118719a1cd35b8bac2f3933ca90094fc3fdbe4eaf8b653e88e4097514ae2f64
2025-01-06T05:00:00+00:00,2025-01-06T06:00:00+00:00,20250106,2025-01-06,2025,1,1,January,2,1,Monday,false,6,06:00,60,false,0,8,lignite,Lignite,conventional,false,8,3294.00,3294.00,reported,actual_generation_de_2024_2025,8118719a1cd35b8bac2f3933ca90094fc3fdbe4eaf8b653e88e4097514ae2f64
2025-01-06T05:00:00+00:00,2025-01-06T06:00:00+00:00,20250106,2025-01-06,2025,1,1,January,2,1,Monday,false,6,06:00,60,false,0,9,hard_coal,Hard coal,conventional,false,9,1450.50,1450.50,reported,actual_generation_de_2024_2025,8118719a1cd35b8bac2f3933ca90094fc3fdbe4eaf8b653e88e4097514ae2f64
2025-01-06T05:00:00+00:00,2025-01-06T06:00:00+00:00,20250106,2025-01-06,2025,1,1,January,2,1,Monday,false,6,06:00,60,false,0,10,fossil_gas,Fossil gas,conventional,false,10,4206.00,4206.00,reported,actual_generation_de_2024_2025,8118719a1cd35b8bac2f3933ca90094fc3fdbe4eaf8b653e88e4097514ae2f64
2025-01-06T05:00:00+00:00,2025-01-06T06:00:00+00:00,20250106,2025-01-06,2025,1,1,January,2,1,Monday,false,6,06:00,60,false,0,11,hydro_pumped_storage,Hydro pumped storage,storage,false,11,73.00,73.00,reported,actual_generation_de_2024_2025,8118719a1cd35b8bac2f3933ca90094fc3fdbe4eaf8b653e88e4097514ae2f64
2025-01-06T05:00:00+00:00,2025-01-06T06:00:00+00:00,20250106,2025-01-06,2025,1,1,January,2,1,Monday,false,6,06:00,60,false,0,12,other_conventional,Other conventional,conventional,false,12,1687.25,1687.25,reported,actual_generation_de_2024_2025,8118719a1cd35b8bac2f3933ca90094fc3fdbe4eaf8b653e88e4097514ae2f64
2025-01-06T06:00:00+00:00,2025-01-06T07:00:00+00:00,20250106,2025-01-06,2025,1,1,January,2,1,Monday,false,7,07:00,60,false,0,1,biomass,Biomass,renewable,true,1,3824.75,3824.75,reported,actual_generation_de_2024_2025,8118719a1cd35b8bac2f3933ca90094fc3fdbe4eaf8b653e88e4097514ae2f64
2025-01-06T06:00:00+00:00,2025-01-06T07:00:00+00:00,20250106,2025-01-06,2025,1,1,January,2,1,Monday,false,7,07:00,60,false,0,2,hydropower,Hydropower,renewable,true,2,1625.25,1625.25,reported,actual_generation_de_2024_2025,8118719a1cd35b8bac2f3933ca90094fc3fdbe4eaf8b653e88e4097514ae2f64
2025-01-06T06:00:00+00:00,2025-01-06T07:00:00+00:00,20250106,2025-01-06,2025,1,1,January,2,1,Monday,false,7,07:00,60,false,0,3,wind_offshore,Wind offshore,renewable,true,3,5459.75,5459.75,reported,actual_generation_de_2024_2025,8118719a1cd35b8bac2f3933ca90094fc3fdbe4eaf8b653e88e4097514ae2f64
2025-01-06T06:00:00+00:00,2025-01-06T07:00:00+00:00,20250106,2025-01-06,2025,1,1,January,2,1,Monday,false,7,07:00,60,false,0,4,wind_onshore,Wind onshore,renewable,true,4,38704.25,38704.25,reported,actual_generation_de_2024_2025,8118719a1cd35b8bac2f3933ca90094fc3fdbe4eaf8b653e88e4097514ae2f64
2025-01-06T06:00:00+00:00,2025-01-06T07:00:00+00:00,20250106,2025-01-06,2025,1,1,January,2,1,Monday,false,7,07:00,60,false,0,5,solar_photovoltaic,Solar photovoltaic,renewable,true,5,11.50,11.50,reported,actual_generation_de_2024_2025,8118719a1cd35b8bac2f3933ca90094fc3fdbe4eaf8b653e88e4097514ae2f64
2025-01-06T06:00:00+00:00,2025-01-06T07:00:00+00:00,20250106,2025-01-06,2025,1,1,January,2,1,Monday,false,7,07:00,60,false,0,6,other_renewable,Other renewable,renewable,true,6,127.25,127.25,reported,actual_generation_de_2024_2025,8118719a1cd35b8bac2f3933ca90094fc3fdbe4eaf8b653e88e4097514ae2f64
2025-01-06T06:00:00+00:00,2025-01-06T07:00:00+00:00,20250106,2025-01-06,2025,1,1,January,2,1,Monday,false,7,07:00,60,false,0,7,nuclear,Nuclear,conventional,false,7,,,unavailable,actual_generation_de_2024_2025,8118719a1cd35b8bac2f3933ca90094fc3fdbe4eaf8b653e88e4097514ae2f64
2025-01-06T06:00:00+00:00,2025-01-06T07:00:00+00:00,20250106,2025-01-06,2025,1,1,January,2,1,Monday,false,7,07:00,60,false,0,8,lignite,Lignite,conventional,false,8,3451.50,3451.50,reported,actual_generation_de_2024_2025,8118719a1cd35b8bac2f3933ca90094fc3fdbe4eaf8b653e88e4097514ae2f64
2025-01-06T06:00:00+00:00,2025-01-06T07:00:00+00:00,20250106,2025-01-06,2025,1,1,January,2,1,Monday,false,7,07:00,60,false,0,9,hard_coal,Hard coal,conventional,false,9,1545.75,1545.75,reported,actual_generation_de_2024_2025,8118719a1cd35b8bac2f3933ca90094fc3fdbe4eaf8b653e88e4097514ae2f64
2025-01-06T06:00:00+00:00,2025-01-06T07:00:00+00:00,20250106,2025-01-06,2025,1,1,January,2,1,Monday,false,7,07:00,60,false,0,10,fossil_gas,Fossil gas,conventional,false,10,4684.75,4684.75,reported,actual_generation_de_2024_2025,8118719a1cd35b8bac2f3933ca90094fc3fdbe4eaf8b653e88e4097514ae2f64
2025-01-06T06:00:00+00:00,2025-01-06T07:00:00+00:00,20250106,2025-01-06,2025,1,1,January,2,1,Monday,false,7,07:00,60,false,0,11,hydro_pumped_storage,Hydro pumped storage,storage,false,11,168.50,168.50,reported,actual_generation_de_2024_2025,8118719a1cd35b8bac2f3933ca90094fc3fdbe4eaf8b653e88e4097514ae2f64
2025-01-06T06:00:00+00:00,2025-01-06T07:00:00+00:00,20250106,2025-01-06,2025,1,1,January,2,1,Monday,false,7,07:00,60,false,0,12,other_conventional,Other conventional,conventional,false,12,1704.75,1704.75,reported,actual_generation_de_2024_2025,8118719a1cd35b8bac2f3933ca90094fc3fdbe4eaf8b653e88e4097514ae2f64
2025-01-06T07:00:00+00:00,2025-01-06T08:00:00+00:00,20250106,2025-01-06,2025,1,1,January,2,1,Monday,false,8,08:00,60,false,0,1,biomass,Biomass,renewable,true,1,3926.50,3926.50,reported,actual_generation_de_2024_2025,8118719a1cd35b8bac2f3933ca90094fc3fdbe4eaf8b653e88e4097514ae2f64
2025-01-06T07:00:00+00:00,2025-01-06T08:00:00+00:00,20250106,2025-01-06,2025,1,1,January,2,1,Monday,false,8,08:00,60,false,0,2,hydropower,Hydropower,renewable,true,2,1749.00,1749.00,reported,actual_generation_de_2024_2025,8118719a1cd35b8bac2f3933ca90094fc3fdbe4eaf8b653e88e4097514ae2f64
2025-01-06T07:00:00+00:00,2025-01-06T08:00:00+00:00,20250106,2025-01-06,2025,1,1,January,2,1,Monday,false,8,08:00,60,false,0,3,wind_offshore,Wind offshore,renewable,true,3,4725.00,4725.00,reported,actual_generation_de_2024_2025,8118719a1cd35b8bac2f3933ca90094fc3fdbe4eaf8b653e88e4097514ae2f64
2025-01-06T07:00:00+00:00,2025-01-06T08:00:00+00:00,20250106,2025-01-06,2025,1,1,January,2,1,Monday,false,8,08:00,60,false,0,4,wind_onshore,Wind onshore,renewable,true,4,39577.50,39577.50,reported,actual_generation_de_2024_2025,8118719a1cd35b8bac2f3933ca90094fc3fdbe4eaf8b653e88e4097514ae2f64
2025-01-06T07:00:00+00:00,2025-01-06T08:00:00+00:00,20250106,2025-01-06,2025,1,1,January,2,1,Monday,false,8,08:00,60,false,0,5,solar_photovoltaic,Solar photovoltaic,renewable,true,5,330.50,330.50,reported,actual_generation_de_2024_2025,8118719a1cd35b8bac2f3933ca90094fc3fdbe4eaf8b653e88e4097514ae2f64
2025-01-06T07:00:00+00:00,2025-01-06T08:00:00+00:00,20250106,2025-01-06,2025,1,1,January,2,1,Monday,false,8,08:00,60,false,0,6,other_renewable,Other renewable,renewable,true,6,126.00,126.00,reported,actual_generation_de_2024_2025,8118719a1cd35b8bac2f3933ca90094fc3fdbe4eaf8b653e88e4097514ae2f64
2025-01-06T07:00:00+00:00,2025-01-06T08:00:00+00:00,20250106,2025-01-06,2025,1,1,January,2,1,Monday,false,8,08:00,60,false,0,7,nuclear,Nuclear,conventional,false,7,,,unavailable,actual_generation_de_2024_2025,8118719a1cd35b8bac2f3933ca90094fc3fdbe4eaf8b653e88e4097514ae2f64
2025-01-06T07:00:00+00:00,2025-01-06T08:00:00+00:00,20250106,2025-01-06,2025,1,1,January,2,1,Monday,false,8,08:00,60,false,0,8,lignite,Lignite,conventional,false,8,3486.00,3486.00,reported,actual_generation_de_2024_2025,8118719a1cd35b8bac2f3933ca90094fc3fdbe4eaf8b653e88e4097514ae2f64
2025-01-06T07:00:00+00:00,2025-01-06T08:00:00+00:00,20250106,2025-01-06,2025,1,1,January,2,1,Monday,false,8,08:00,60,false,0,9,hard_coal,Hard coal,conventional,false,9,1556.00,1556.00,reported,actual_generation_de_2024_2025,8118719a1cd35b8bac2f3933ca90094fc3fdbe4eaf8b653e88e4097514ae2f64
2025-01-06T07:00:00+00:00,2025-01-06T08:00:00+00:00,20250106,2025-01-06,2025,1,1,January,2,1,Monday,false,8,08:00,60,false,0,10,fossil_gas,Fossil gas,conventional,false,10,5425.00,5425.00,reported,actual_generation_de_2024_2025,8118719a1cd35b8bac2f3933ca90094fc3fdbe4eaf8b653e88e4097514ae2f64
2025-01-06T07:00:00+00:00,2025-01-06T08:00:00+00:00,20250106,2025-01-06,2025,1,1,January,2,1,Monday,false,8,08:00,60,false,0,11,hydro_pumped_storage,Hydro pumped storage,storage,false,11,2423.00,2423.00,reported,actual_generation_de_2024_2025,8118719a1cd35b8bac2f3933ca90094fc3fdbe4eaf8b653e88e4097514ae2f64
2025-01-06T07:00:00+00:00,2025-01-06T08:00:00+00:00,20250106,2025-01-06,2025,1,1,January,2,1,Monday,false,8,08:00,60,false,0,12,other_conventional,Other conventional,conventional,false,12,1665.25,1665.25,reported,actual_generation_de_2024_2025,8118719a1cd35b8bac2f3933ca90094fc3fdbe4eaf8b653e88e4097514ae2f64
2025-01-06T08:00:00+00:00,2025-01-06T09:00:00+00:00,20250106,2025-01-06,2025,1,1,January,2,1,Monday,false,9,09:00,60,false,0,1,biomass,Biomass,renewable,true,1,3990.75,3990.75,reported,actual_generation_de_2024_2025,8118719a1cd35b8bac2f3933ca90094fc3fdbe4eaf8b653e88e4097514ae2f64
2025-01-06T08:00:00+00:00,2025-01-06T09:00:00+00:00,20250106,2025-01-06,2025,1,1,January,2,1,Monday,false,9,09:00,60,false,0,2,hydropower,Hydropower,renewable,true,2,1741.00,1741.00,reported,actual_generation_de_2024_2025,8118719a1cd35b8bac2f3933ca90094fc3fdbe4eaf8b653e88e4097514ae2f64
2025-01-06T08:00:00+00:00,2025-01-06T09:00:00+00:00,20250106,2025-01-06,2025,1,1,January,2,1,Monday,false,9,09:00,60,false,0,3,wind_offshore,Wind offshore,renewable,true,3,4914.25,4914.25,reported,actual_generation_de_2024_2025,8118719a1cd35b8bac2f3933ca90094fc3fdbe4eaf8b653e88e4097514ae2f64
2025-01-06T08:00:00+00:00,2025-01-06T09:00:00+00:00,20250106,2025-01-06,2025,1,1,January,2,1,Monday,false,9,09:00,60,false,0,4,wind_onshore,Wind onshore,renewable,true,4,40051.75,40051.75,reported,actual_generation_de_2024_2025,8118719a1cd35b8bac2f3933ca90094fc3fdbe4eaf8b653e88e4097514ae2f64
2025-01-06T08:00:00+00:00,2025-01-06T09:00:00+00:00,20250106,2025-01-06,2025,1,1,January,2,1,Monday,false,9,09:00,60,false,0,5,solar_photovoltaic,Solar photovoltaic,renewable,true,5,2377.25,2377.25,reported,actual_generation_de_2024_2025,8118719a1cd35b8bac2f3933ca90094fc3fdbe4eaf8b653e88e4097514ae2f64
2025-01-06T08:00:00+00:00,2025-01-06T09:00:00+00:00,20250106,2025-01-06,2025,1,1,January,2,1,Monday,false,9,09:00,60,false,0,6,other_renewable,Other renewable,renewable,true,6,128.75,128.75,reported,actual_generation_de_2024_2025,8118719a1cd35b8bac2f3933ca90094fc3fdbe4eaf8b653e88e4097514ae2f64
2025-01-06T08:00:00+00:00,2025-01-06T09:00:00+00:00,20250106,2025-01-06,2025,1,1,January,2,1,Monday,false,9,09:00,60,false,0,7,nuclear,Nuclear,conventional,false,7,,,unavailable,actual_generation_de_2024_2025,8118719a1cd35b8bac2f3933ca90094fc3fdbe4eaf8b653e88e4097514ae2f64
2025-01-06T08:00:00+00:00,2025-01-06T09:00:00+00:00,20250106,2025-01-06,2025,1,1,January,2,1,Monday,false,9,09:00,60,false,0,8,lignite,Lignite,conventional,false,8,3497.50,3497.50,reported,actual_generation_de_2024_2025,8118719a1cd35b8bac2f3933ca90094fc3fdbe4eaf8b653e88e4097514ae2f64
2025-01-06T08:00:00+00:00,2025-01-06T09:00:00+00:00,20250106,2025-01-06,2025,1,1,January,2,1,Monday,false,9,09:00,60,false,0,9,hard_coal,Hard coal,conventional,false,9,1762.50,1762.50,reported,actual_generation_de_2024_2025,8118719a1cd35b8bac2f3933ca90094fc3fdbe4eaf8b653e88e4097514ae2f64
2025-01-06T08:00:00+00:00,2025-01-06T09:00:00+00:00,20250106,2025-01-06,2025,1,1,January,2,1,Monday,false,9,09:00,60,false,0,10,fossil_gas,Fossil gas,conventional,false,10,5483.50,5483.50,reported,actual_generation_de_2024_2025,8118719a1cd35b8bac2f3933ca90094fc3fdbe4eaf8b653e88e4097514ae2f64
2025-01-06T08:00:00+00:00,2025-01-06T09:00:00+00:00,20250106,2025-01-06,2025,1,1,January,2,1,Monday,false,9,09:00,60,false,0,11,hydro_pumped_storage,Hydro pumped storage,storage,false,11,2426.75,2426.75,reported,actual_generation_de_2024_2025,8118719a1cd35b8bac2f3933ca90094fc3fdbe4eaf8b653e88e4097514ae2f64
2025-01-06T08:00:00+00:00,2025-01-06T09:00:00+00:00,20250106,2025-01-06,2025,1,1,January,2,1,Monday,false,9,09:00,60,false,0,12,other_conventional,Other conventional,conventional,false,12,1659.75,1659.75,reported,actual_generation_de_2024_2025,8118719a1cd35b8bac2f3933ca90094fc3fdbe4eaf8b653e88e4097514ae2f64
2025-01-06T09:00:00+00:00,2025-01-06T10:00:00+00:00,20250106,2025-01-06,2025,1,1,January,2,1,Monday,false,10,10:00,60,false,0,1,biomass,Biomass,renewable,true,1,3908.25,3908.25,reported,actual_generation_de_2024_2025,8118719a1cd35b8bac2f3933ca90094fc3fdbe4eaf8b653e88e4097514ae2f64
2025-01-06T09:00:00+00:00,2025-01-06T10:00:00+00:00,20250106,2025-01-06,2025,1,1,January,2,1,Monday,false,10,10:00,60,false,0,2,hydropower,Hydropower,renewable,true,2,1658.75,1658.75,reported,actual_generation_de_2024_2025,8118719a1cd35b8bac2f3933ca90094fc3fdbe4eaf8b653e88e4097514ae2f64
2025-01-06T09:00:00+00:00,2025-01-06T10:00:00+00:00,20250106,2025-01-06,2025,1,1,January,2,1,Monday,false,10,10:00,60,false,0,3,wind_offshore,Wind offshore,renewable,true,3,5657.00,5657.00,reported,actual_generation_de_2024_2025,8118719a1cd35b8bac2f3933ca90094fc3fdbe4eaf8b653e88e4097514ae2f64
2025-01-06T09:00:00+00:00,2025-01-06T10:00:00+00:00,20250106,2025-01-06,2025,1,1,January,2,1,Monday,false,10,10:00,60,false,0,4,wind_onshore,Wind onshore,renewable,true,4,40467.50,40467.50,reported,actual_generation_de_2024_2025,8118719a1cd35b8bac2f3933ca90094fc3fdbe4eaf8b653e88e4097514ae2f64
2025-01-06T09:00:00+00:00,2025-01-06T10:00:00+00:00,20250106,2025-01-06,2025,1,1,January,2,1,Monday,false,10,10:00,60,false,0,5,solar_photovoltaic,Solar photovoltaic,renewable,true,5,4945.00,4945.00,reported,actual_generation_de_2024_2025,8118719a1cd35b8bac2f3933ca90094fc3fdbe4eaf8b653e88e4097514ae2f64
2025-01-06T09:00:00+00:00,2025-01-06T10:00:00+00:00,20250106,2025-01-06,2025,1,1,January,2,1,Monday,false,10,10:00,60,false,0,6,other_renewable,Other renewable,renewable,true,6,129.50,129.50,reported,actual_generation_de_2024_2025,8118719a1cd35b8bac2f3933ca90094fc3fdbe4eaf8b653e88e4097514ae2f64
2025-01-06T09:00:00+00:00,2025-01-06T10:00:00+00:00,20250106,2025-01-06,2025,1,1,January,2,1,Monday,false,10,10:00,60,false,0,7,nuclear,Nuclear,conventional,false,7,,,unavailable,actual_generation_de_2024_2025,8118719a1cd35b8bac2f3933ca90094fc3fdbe4eaf8b653e88e4097514ae2f64
2025-01-06T09:00:00+00:00,2025-01-06T10:00:00+00:00,20250106,2025-01-06,2025,1,1,January,2,1,Monday,false,10,10:00,60,false,0,8,lignite,Lignite,conventional,false,8,3350.50,3350.50,reported,actual_generation_de_2024_2025,8118719a1cd35b8bac2f3933ca90094fc3fdbe4eaf8b653e88e4097514ae2f64
2025-01-06T09:00:00+00:00,2025-01-06T10:00:00+00:00,20250106,2025-01-06,2025,1,1,January,2,1,Monday,false,10,10:00,60,false,0,9,hard_coal,Hard coal,conventional,false,9,1660.75,1660.75,reported,actual_generation_de_2024_2025,8118719a1cd35b8bac2f3933ca90094fc3fdbe4eaf8b653e88e4097514ae2f64
2025-01-06T09:00:00+00:00,2025-01-06T10:00:00+00:00,20250106,2025-01-06,2025,1,1,January,2,1,Monday,false,10,10:00,60,false,0,10,fossil_gas,Fossil gas,conventional,false,10,5033.00,5033.00,reported,actual_generation_de_2024_2025,8118719a1cd35b8bac2f3933ca90094fc3fdbe4eaf8b653e88e4097514ae2f64
2025-01-06T09:00:00+00:00,2025-01-06T10:00:00+00:00,20250106,2025-01-06,2025,1,1,January,2,1,Monday,false,10,10:00,60,false,0,11,hydro_pumped_storage,Hydro pumped storage,storage,false,11,992.00,992.00,reported,actual_generation_de_2024_2025,8118719a1cd35b8bac2f3933ca90094fc3fdbe4eaf8b653e88e4097514ae2f64
2025-01-06T09:00:00+00:00,2025-01-06T10:00:00+00:00,20250106,2025-01-06,2025,1,1,January,2,1,Monday,false,10,10:00,60,false,0,12,other_conventional,Other conventional,conventional,false,12,1638.25,1638.25,reported,actual_generation_de_2024_2025,8118719a1cd35b8bac2f3933ca90094fc3fdbe4eaf8b653e88e4097514ae2f64
2025-01-06T10:00:00+00:00,2025-01-06T11:00:00+00:00,20250106,2025-01-06,2025,1,1,January,2,1,Monday,false,11,11:00,60,false,0,1,biomass,Biomass,renewable,true,1,3804.75,3804.75,reported,actual_generation_de_2024_2025,8118719a1cd35b8bac2f3933ca90094fc3fdbe4eaf8b653e88e4097514ae2f64
2025-01-06T10:00:00+00:00,2025-01-06T11:00:00+00:00,20250106,2025-01-06,2025,1,1,January,2,1,Monday,false,11,11:00,60,false,0,2,hydropower,Hydropower,renewable,true,2,1669.00,1669.00,reported,actual_generation_de_2024_2025,8118719a1cd35b8bac2f3933ca90094fc3fdbe4eaf8b653e88e4097514ae2f64
2025-01-06T10:00:00+00:00,2025-01-06T11:00:00+00:00,20250106,2025-01-06,2025,1,1,January,2,1,Monday,false,11,11:00,60,false,0,3,wind_offshore,Wind offshore,renewable,true,3,6488.00,6488.00,reported,actual_generation_de_2024_2025,8118719a1cd35b8bac2f3933ca90094fc3fdbe4eaf8b653e88e4097514ae2f64
2025-01-06T10:00:00+00:00,2025-01-06T11:00:00+00:00,20250106,2025-01-06,2025,1,1,January,2,1,Monday,false,11,11:00,60,false,0,4,wind_onshore,Wind onshore,renewable,true,4,40685.50,40685.50,reported,actual_generation_de_2024_2025,8118719a1cd35b8bac2f3933ca90094fc3fdbe4eaf8b653e88e4097514ae2f64
2025-01-06T10:00:00+00:00,2025-01-06T11:00:00+00:00,20250106,2025-01-06,2025,1,1,January,2,1,Monday,false,11,11:00,60,false,0,5,solar_photovoltaic,Solar photovoltaic,renewable,true,5,6915.50,6915.50,reported,actual_generation_de_2024_2025,8118719a1cd35b8bac2f3933ca90094fc3fdbe4eaf8b653e88e4097514ae2f64
2025-01-06T10:00:00+00:00,2025-01-06T11:00:00+00:00,20250106,2025-01-06,2025,1,1,January,2,1,Monday,false,11,11:00,60,false,0,6,other_renewable,Other renewable,renewable,true,6,127.25,127.25,reported,actual_generation_de_2024_2025,8118719a1cd35b8bac2f3933ca90094fc3fdbe4eaf8b653e88e4097514ae2f64
2025-01-06T10:00:00+00:00,2025-01-06T11:00:00+00:00,20250106,2025-01-06,2025,1,1,January,2,1,Monday,false,11,11:00,60,false,0,7,nuclear,Nuclear,conventional,false,7,,,unavailable,actual_generation_de_2024_2025,8118719a1cd35b8bac2f3933ca90094fc3fdbe4eaf8b653e88e4097514ae2f64
2025-01-06T10:00:00+00:00,2025-01-06T11:00:00+00:00,20250106,2025-01-06,2025,1,1,January,2,1,Monday,false,11,11:00,60,false,0,8,lignite,Lignite,conventional,false,8,3145.75,3145.75,reported,actual_generation_de_2024_2025,8118719a1cd35b8bac2f3933ca90094fc3fdbe4eaf8b653e88e4097514ae2f64
2025-01-06T10:00:00+00:00,2025-01-06T11:00:00+00:00,20250106,2025-01-06,2025,1,1,January,2,1,Monday,false,11,11:00,60,false,0,9,hard_coal,Hard coal,conventional,false,9,1622.00,1622.00,reported,actual_generation_de_2024_2025,8118719a1cd35b8bac2f3933ca90094fc3fdbe4eaf8b653e88e4097514ae2f64
2025-01-06T10:00:00+00:00,2025-01-06T11:00:00+00:00,20250106,2025-01-06,2025,1,1,January,2,1,Monday,false,11,11:00,60,false,0,10,fossil_gas,Fossil gas,conventional,false,10,4682.50,4682.50,reported,actual_generation_de_2024_2025,8118719a1cd35b8bac2f3933ca90094fc3fdbe4eaf8b653e88e4097514ae2f64
2025-01-06T10:00:00+00:00,2025-01-06T11:00:00+00:00,20250106,2025-01-06,2025,1,1,January,2,1,Monday,false,11,11:00,60,false,0,11,hydro_pumped_storage,Hydro pumped storage,storage,false,11,184.00,184.00,reported,actual_generation_de_2024_2025,8118719a1cd35b8bac2f3933ca90094fc3fdbe4eaf8b653e88e4097514ae2f64
2025-01-06T10:00:00+00:00,2025-01-06T11:00:00+00:00,20250106,2025-01-06,2025,1,1,January,2,1,Monday,false,11,11:00,60,false,0,12,other_conventional,Other conventional,conventional,false,12,1630.50,1630.50,reported,actual_generation_de_2024_2025,8118719a1cd35b8bac2f3933ca90094fc3fdbe4eaf8b653e88e4097514ae2f64
2025-01-06T11:00:00+00:00,2025-01-06T12:00:00+00:00,20250106,2025-01-06,2025,1,1,January,2,1,Monday,false,12,12:00,60,false,0,1,biomass,Biomass,renewable,true,1,3691.25,3691.25,reported,actual_generation_de_2024_2025,8118719a1cd35b8bac2f3933ca90094fc3fdbe4eaf8b653e88e4097514ae2f64
2025-01-06T11:00:00+00:00,2025-01-06T12:00:00+00:00,20250106,2025-01-06,2025,1,1,January,2,1,Monday,false,12,12:00,60,false,0,2,hydropower,Hydropower,renewable,true,2,1659.25,1659.25,reported,actual_generation_de_2024_2025,8118719a1cd35b8bac2f3933ca90094fc3fdbe4eaf8b653e88e4097514ae2f64
2025-01-06T11:00:00+00:00,2025-01-06T12:00:00+00:00,20250106,2025-01-06,2025,1,1,January,2,1,Monday,false,12,12:00,60,false,0,3,wind_offshore,Wind offshore,renewable,true,3,6411.75,6411.75,reported,actual_generation_de_2024_2025,8118719a1cd35b8bac2f3933ca90094fc3fdbe4eaf8b653e88e4097514ae2f64
2025-01-06T11:00:00+00:00,2025-01-06T12:00:00+00:00,20250106,2025-01-06,2025,1,1,January,2,1,Monday,false,12,12:00,60,false,0,4,wind_onshore,Wind onshore,renewable,true,4,40883.75,40883.75,reported,actual_generation_de_2024_2025,8118719a1cd35b8bac2f3933ca90094fc3fdbe4eaf8b653e88e4097514ae2f64
2025-01-06T11:00:00+00:00,2025-01-06T12:00:00+00:00,20250106,2025-01-06,2025,1,1,January,2,1,Monday,false,12,12:00,60,false,0,5,solar_photovoltaic,Solar photovoltaic,renewable,true,5,8461.50,8461.50,reported,actual_generation_de_2024_2025,8118719a1cd35b8bac2f3933ca90094fc3fdbe4eaf8b653e88e4097514ae2f64
2025-01-06T11:00:00+00:00,2025-01-06T12:00:00+00:00,20250106,2025-01-06,2025,1,1,January,2,1,Monday,false,12,12:00,60,false,0,6,other_renewable,Other renewable,renewable,true,6,128.75,128.75,reported,actual_generation_de_2024_2025,8118719a1cd35b8bac2f3933ca90094fc3fdbe4eaf8b653e88e4097514ae2f64
2025-01-06T11:00:00+00:00,2025-01-06T12:00:00+00:00,20250106,2025-01-06,2025,1,1,January,2,1,Monday,false,12,12:00,60,false,0,7,nuclear,Nuclear,conventional,false,7,,,unavailable,actual_generation_de_2024_2025,8118719a1cd35b8bac2f3933ca90094fc3fdbe4eaf8b653e88e4097514ae2f64
2025-01-06T11:00:00+00:00,2025-01-06T12:00:00+00:00,20250106,2025-01-06,2025,1,1,January,2,1,Monday,false,12,12:00,60,false,0,8,lignite,Lignite,conventional,false,8,3129.00,3129.00,reported,actual_generation_de_2024_2025,8118719a1cd35b8bac2f3933ca90094fc3fdbe4eaf8b653e88e4097514ae2f64
2025-01-06T11:00:00+00:00,2025-01-06T12:00:00+00:00,20250106,2025-01-06,2025,1,1,January,2,1,Monday,false,12,12:00,60,false,0,9,hard_coal,Hard coal,conventional,false,9,1586.00,1586.00,reported,actual_generation_de_2024_2025,8118719a1cd35b8bac2f3933ca90094fc3fdbe4eaf8b653e88e4097514ae2f64
2025-01-06T11:00:00+00:00,2025-01-06T12:00:00+00:00,20250106,2025-01-06,2025,1,1,January,2,1,Monday,false,12,12:00,60,false,0,10,fossil_gas,Fossil gas,conventional,false,10,4489.25,4489.25,reported,actual_generation_de_2024_2025,8118719a1cd35b8bac2f3933ca90094fc3fdbe4eaf8b653e88e4097514ae2f64
2025-01-06T11:00:00+00:00,2025-01-06T12:00:00+00:00,20250106,2025-01-06,2025,1,1,January,2,1,Monday,false,12,12:00,60,false,0,11,hydro_pumped_storage,Hydro pumped storage,storage,false,11,111.50,111.50,reported,actual_generation_de_2024_2025,8118719a1cd35b8bac2f3933ca90094fc3fdbe4eaf8b653e88e4097514ae2f64
2025-01-06T11:00:00+00:00,2025-01-06T12:00:00+00:00,20250106,2025-01-06,2025,1,1,January,2,1,Monday,false,12,12:00,60,false,0,12,other_conventional,Other conventional,conventional,false,12,1631.75,1631.75,reported,actual_generation_de_2024_2025,8118719a1cd35b8bac2f3933ca90094fc3fdbe4eaf8b653e88e4097514ae2f64
2025-01-06T12:00:00+00:00,2025-01-06T13:00:00+00:00,20250106,2025-01-06,2025,1,1,January,2,1,Monday,false,13,13:00,60,false,0,1,biomass,Biomass,renewable,true,1,3683.00,3683.00,reported,actual_generation_de_2024_2025,8118719a1cd35b8bac2f3933ca90094fc3fdbe4eaf8b653e88e4097514ae2f64
2025-01-06T12:00:00+00:00,2025-01-06T13:00:00+00:00,20250106,2025-01-06,2025,1,1,January,2,1,Monday,false,13,13:00,60,false,0,2,hydropower,Hydropower,renewable,true,2,1683.50,1683.50,reported,actual_generation_de_2024_2025,8118719a1cd35b8bac2f3933ca90094fc3fdbe4eaf8b653e88e4097514ae2f64
2025-01-06T12:00:00+00:00,2025-01-06T13:00:00+00:00,20250106,2025-01-06,2025,1,1,January,2,1,Monday,false,13,13:00,60,false,0,3,wind_offshore,Wind offshore,renewable,true,3,6290.00,6290.00,reported,actual_generation_de_2024_2025,8118719a1cd35b8bac2f3933ca90094fc3fdbe4eaf8b653e88e4097514ae2f64
2025-01-06T12:00:00+00:00,2025-01-06T13:00:00+00:00,20250106,2025-01-06,2025,1,1,January,2,1,Monday,false,13,13:00,60,false,0,4,wind_onshore,Wind onshore,renewable,true,4,40889.50,40889.50,reported,actual_generation_de_2024_2025,8118719a1cd35b8bac2f3933ca90094fc3fdbe4eaf8b653e88e4097514ae2f64
2025-01-06T12:00:00+00:00,2025-01-06T13:00:00+00:00,20250106,2025-01-06,2025,1,1,January,2,1,Monday,false,13,13:00,60,false,0,5,solar_photovoltaic,Solar photovoltaic,renewable,true,5,8434.25,8434.25,reported,actual_generation_de_2024_2025,8118719a1cd35b8bac2f3933ca90094fc3fdbe4eaf8b653e88e4097514ae2f64
2025-01-06T12:00:00+00:00,2025-01-06T13:00:00+00:00,20250106,2025-01-06,2025,1,1,January,2,1,Monday,false,13,13:00,60,false,0,6,other_renewable,Other renewable,renewable,true,6,130.50,130.50,reported,actual_generation_de_2024_2025,8118719a1cd35b8bac2f3933ca90094fc3fdbe4eaf8b653e88e4097514ae2f64
2025-01-06T12:00:00+00:00,2025-01-06T13:00:00+00:00,20250106,2025-01-06,2025,1,1,January,2,1,Monday,false,13,13:00,60,false,0,7,nuclear,Nuclear,conventional,false,7,,,unavailable,actual_generation_de_2024_2025,8118719a1cd35b8bac2f3933ca90094fc3fdbe4eaf8b653e88e4097514ae2f64
2025-01-06T12:00:00+00:00,2025-01-06T13:00:00+00:00,20250106,2025-01-06,2025,1,1,January,2,1,Monday,false,13,13:00,60,false,0,8,lignite,Lignite,conventional,false,8,3121.75,3121.75,reported,actual_generation_de_2024_2025,8118719a1cd35b8bac2f3933ca90094fc3fdbe4eaf8b653e88e4097514ae2f64
2025-01-06T12:00:00+00:00,2025-01-06T13:00:00+00:00,20250106,2025-01-06,2025,1,1,January,2,1,Monday,false,13,13:00,60,false,0,9,hard_coal,Hard coal,conventional,false,9,1539.00,1539.00,reported,actual_generation_de_2024_2025,8118719a1cd35b8bac2f3933ca90094fc3fdbe4eaf8b653e88e4097514ae2f64
2025-01-06T12:00:00+00:00,2025-01-06T13:00:00+00:00,20250106,2025-01-06,2025,1,1,January,2,1,Monday,false,13,13:00,60,false,0,10,fossil_gas,Fossil gas,conventional,false,10,4378.00,4378.00,reported,actual_generation_de_2024_2025,8118719a1cd35b8bac2f3933ca90094fc3fdbe4eaf8b653e88e4097514ae2f64
2025-01-06T12:00:00+00:00,2025-01-06T13:00:00+00:00,20250106,2025-01-06,2025,1,1,January,2,1,Monday,false,13,13:00,60,false,0,11,hydro_pumped_storage,Hydro pumped storage,storage,false,11,155.25,155.25,reported,actual_generation_de_2024_2025,8118719a1cd35b8bac2f3933ca90094fc3fdbe4eaf8b653e88e4097514ae2f64
2025-01-06T12:00:00+00:00,2025-01-06T13:00:00+00:00,20250106,2025-01-06,2025,1,1,January,2,1,Monday,false,13,13:00,60,false,0,12,other_conventional,Other conventional,conventional,false,12,1650.75,1650.75,reported,actual_generation_de_2024_2025,8118719a1cd35b8bac2f3933ca90094fc3fdbe4eaf8b653e88e4097514ae2f64
2025-01-06T13:00:00+00:00,2025-01-06T14:00:00+00:00,20250106,2025-01-06,2025,1,1,January,2,1,Monday,false,14,14:00,60,false,0,1,biomass,Biomass,renewable,true,1,3703.00,3703.00,reported,actual_generation_de_2024_2025,8118719a1cd35b8bac2f3933ca90094fc3fdbe4eaf8b653e88e4097514ae2f64
2025-01-06T13:00:00+00:00,2025-01-06T14:00:00+00:00,20250106,2025-01-06,2025,1,1,January,2,1,Monday,false,14,14:00,60,false,0,2,hydropower,Hydropower,renewable,true,2,1678.50,1678.50,reported,actual_generation_de_2024_2025,8118719a1cd35b8bac2f3933ca90094fc3fdbe4eaf8b653e88e4097514ae2f64
2025-01-06T13:00:00+00:00,2025-01-06T14:00:00+00:00,20250106,2025-01-06,2025,1,1,January,2,1,Monday,false,14,14:00,60,false,0,3,wind_offshore,Wind offshore,renewable,true,3,5895.25,5895.25,reported,actual_generation_de_2024_2025,8118719a1cd35b8bac2f3933ca90094fc3fdbe4eaf8b653e88e4097514ae2f64
2025-01-06T13:00:00+00:00,2025-01-06T14:00:00+00:00,20250106,2025-01-06,2025,1,1,January,2,1,Monday,false,14,14:00,60,false,0,4,wind_onshore,Wind onshore,renewable,true,4,41072.25,41072.25,reported,actual_generation_de_2024_2025,8118719a1cd35b8bac2f3933ca90094fc3fdbe4eaf8b653e88e4097514ae2f64
2025-01-06T13:00:00+00:00,2025-01-06T14:00:00+00:00,20250106,2025-01-06,2025,1,1,January,2,1,Monday,false,14,14:00,60,false,0,5,solar_photovoltaic,Solar photovoltaic,renewable,true,5,6051.75,6051.75,reported,actual_generation_de_2024_2025,8118719a1cd35b8bac2f3933ca90094fc3fdbe4eaf8b653e88e4097514ae2f64
2025-01-06T13:00:00+00:00,2025-01-06T14:00:00+00:00,20250106,2025-01-06,2025,1,1,January,2,1,Monday,false,14,14:00,60,false,0,6,other_renewable,Other renewable,renewable,true,6,131.25,131.25,reported,actual_generation_de_2024_2025,8118719a1cd35b8bac2f3933ca90094fc3fdbe4eaf8b653e88e4097514ae2f64
2025-01-06T13:00:00+00:00,2025-01-06T14:00:00+00:00,20250106,2025-01-06,2025,1,1,January,2,1,Monday,false,14,14:00,60,false,0,7,nuclear,Nuclear,conventional,false,7,,,unavailable,actual_generation_de_2024_2025,8118719a1cd35b8bac2f3933ca90094fc3fdbe4eaf8b653e88e4097514ae2f64
2025-01-06T13:00:00+00:00,2025-01-06T14:00:00+00:00,20250106,2025-01-06,2025,1,1,January,2,1,Monday,false,14,14:00,60,false,0,8,lignite,Lignite,conventional,false,8,3089.00,3089.00,reported,actual_generation_de_2024_2025,8118719a1cd35b8bac2f3933ca90094fc3fdbe4eaf8b653e88e4097514ae2f64
2025-01-06T13:00:00+00:00,2025-01-06T14:00:00+00:00,20250106,2025-01-06,2025,1,1,January,2,1,Monday,false,14,14:00,60,false,0,9,hard_coal,Hard coal,conventional,false,9,1703.00,1703.00,reported,actual_generation_de_2024_2025,8118719a1cd35b8bac2f3933ca90094fc3fdbe4eaf8b653e88e4097514ae2f64
2025-01-06T13:00:00+00:00,2025-01-06T14:00:00+00:00,20250106,2025-01-06,2025,1,1,January,2,1,Monday,false,14,14:00,60,false,0,10,fossil_gas,Fossil gas,conventional,false,10,4573.00,4573.00,reported,actual_generation_de_2024_2025,8118719a1cd35b8bac2f3933ca90094fc3fdbe4eaf8b653e88e4097514ae2f64
2025-01-06T13:00:00+00:00,2025-01-06T14:00:00+00:00,20250106,2025-01-06,2025,1,1,January,2,1,Monday,false,14,14:00,60,false,0,11,hydro_pumped_storage,Hydro pumped storage,storage,false,11,93.50,93.50,reported,actual_generation_de_2024_2025,8118719a1cd35b8bac2f3933ca90094fc3fdbe4eaf8b653e88e4097514ae2f64
2025-01-06T13:00:00+00:00,2025-01-06T14:00:00+00:00,20250106,2025-01-06,2025,1,1,January,2,1,Monday,false,14,14:00,60,false,0,12,other_conventional,Other conventional,conventional,false,12,1687.00,1687.00,reported,actual_generation_de_2024_2025,8118719a1cd35b8bac2f3933ca90094fc3fdbe4eaf8b653e88e4097514ae2f64
2025-01-06T14:00:00+00:00,2025-01-06T15:00:00+00:00,20250106,2025-01-06,2025,1,1,January,2,1,Monday,false,15,15:00,60,false,0,1,biomass,Biomass,renewable,true,1,3817.75,3817.75,reported,actual_generation_de_2024_2025,8118719a1cd35b8bac2f3933ca90094fc3fdbe4eaf8b653e88e4097514ae2f64
2025-01-06T14:00:00+00:00,2025-01-06T15:00:00+00:00,20250106,2025-01-06,2025,1,1,January,2,1,Monday,false,15,15:00,60,false,0,2,hydropower,Hydropower,renewable,true,2,1664.75,1664.75,reported,actual_generation_de_2024_2025,8118719a1cd35b8bac2f3933ca90094fc3fdbe4eaf8b653e88e4097514ae2f64
2025-01-06T14:00:00+00:00,2025-01-06T15:00:00+00:00,20250106,2025-01-06,2025,1,1,January,2,1,Monday,false,15,15:00,60,false,0,3,wind_offshore,Wind offshore,renewable,true,3,5676.00,5676.00,reported,actual_generation_de_2024_2025,8118719a1cd35b8bac2f3933ca90094fc3fdbe4eaf8b653e88e4097514ae2f64
2025-01-06T14:00:00+00:00,2025-01-06T15:00:00+00:00,20250106,2025-01-06,2025,1,1,January,2,1,Monday,false,15,15:00,60,false,0,4,wind_onshore,Wind onshore,renewable,true,4,41234.50,41234.50,reported,actual_generation_de_2024_2025,8118719a1cd35b8bac2f3933ca90094fc3fdbe4eaf8b653e88e4097514ae2f64
2025-01-06T14:00:00+00:00,2025-01-06T15:00:00+00:00,20250106,2025-01-06,2025,1,1,January,2,1,Monday,false,15,15:00,60,false,0,5,solar_photovoltaic,Solar photovoltaic,renewable,true,5,2460.50,2460.50,reported,actual_generation_de_2024_2025,8118719a1cd35b8bac2f3933ca90094fc3fdbe4eaf8b653e88e4097514ae2f64
2025-01-06T14:00:00+00:00,2025-01-06T15:00:00+00:00,20250106,2025-01-06,2025,1,1,January,2,1,Monday,false,15,15:00,60,false,0,6,other_renewable,Other renewable,renewable,true,6,129.25,129.25,reported,actual_generation_de_2024_2025,8118719a1cd35b8bac2f3933ca90094fc3fdbe4eaf8b653e88e4097514ae2f64
2025-01-06T14:00:00+00:00,2025-01-06T15:00:00+00:00,20250106,2025-01-06,2025,1,1,January,2,1,Monday,false,15,15:00,60,false,0,7,nuclear,Nuclear,conventional,false,7,,,unavailable,actual_generation_de_2024_2025,8118719a1cd35b8bac2f3933ca90094fc3fdbe4eaf8b653e88e4097514ae2f64
2025-01-06T14:00:00+00:00,2025-01-06T15:00:00+00:00,20250106,2025-01-06,2025,1,1,January,2,1,Monday,false,15,15:00,60,false,0,8,lignite,Lignite,conventional,false,8,3093.00,3093.00,reported,actual_generation_de_2024_2025,8118719a1cd35b8bac2f3933ca90094fc3fdbe4eaf8b653e88e4097514ae2f64
2025-01-06T14:00:00+00:00,2025-01-06T15:00:00+00:00,20250106,2025-01-06,2025,1,1,January,2,1,Monday,false,15,15:00,60,false,0,9,hard_coal,Hard coal,conventional,false,9,2071.50,2071.50,reported,actual_generation_de_2024_2025,8118719a1cd35b8bac2f3933ca90094fc3fdbe4eaf8b653e88e4097514ae2f64
2025-01-06T14:00:00+00:00,2025-01-06T15:00:00+00:00,20250106,2025-01-06,2025,1,1,January,2,1,Monday,false,15,15:00,60,false,0,10,fossil_gas,Fossil gas,conventional,false,10,4576.00,4576.00,reported,actual_generation_de_2024_2025,8118719a1cd35b8bac2f3933ca90094fc3fdbe4eaf8b653e88e4097514ae2f64
2025-01-06T14:00:00+00:00,2025-01-06T15:00:00+00:00,20250106,2025-01-06,2025,1,1,January,2,1,Monday,false,15,15:00,60,false,0,11,hydro_pumped_storage,Hydro pumped storage,storage,false,11,658.50,658.50,reported,actual_generation_de_2024_2025,8118719a1cd35b8bac2f3933ca90094fc3fdbe4eaf8b653e88e4097514ae2f64
2025-01-06T14:00:00+00:00,2025-01-06T15:00:00+00:00,20250106,2025-01-06,2025,1,1,January,2,1,Monday,false,15,15:00,60,false,0,12,other_conventional,Other conventional,conventional,false,12,1682.00,1682.00,reported,actual_generation_de_2024_2025,8118719a1cd35b8bac2f3933ca90094fc3fdbe4eaf8b653e88e4097514ae2f64
2025-01-06T15:00:00+00:00,2025-01-06T16:00:00+00:00,20250106,2025-01-06,2025,1,1,January,2,1,Monday,false,16,16:00,60,false,0,1,biomass,Biomass,renewable,true,1,4018.50,4018.50,reported,actual_generation_de_2024_2025,8118719a1cd35b8bac2f3933ca90094fc3fdbe4eaf8b653e88e4097514ae2f64
2025-01-06T15:00:00+00:00,2025-01-06T16:00:00+00:00,20250106,2025-01-06,2025,1,1,January,2,1,Monday,false,16,16:00,60,false,0,2,hydropower,Hydropower,renewable,true,2,1677.00,1677.00,reported,actual_generation_de_2024_2025,8118719a1cd35b8bac2f3933ca90094fc3fdbe4eaf8b653e88e4097514ae2f64
2025-01-06T15:00:00+00:00,2025-01-06T16:00:00+00:00,20250106,2025-01-06,2025,1,1,January,2,1,Monday,false,16,16:00,60,false,0,3,wind_offshore,Wind offshore,renewable,true,3,4650.00,4650.00,reported,actual_generation_de_2024_2025,8118719a1cd35b8bac2f3933ca90094fc3fdbe4eaf8b653e88e4097514ae2f64
2025-01-06T15:00:00+00:00,2025-01-06T16:00:00+00:00,20250106,2025-01-06,2025,1,1,January,2,1,Monday,false,16,16:00,60,false,0,4,wind_onshore,Wind onshore,renewable,true,4,43472.75,43472.75,reported,actual_generation_de_2024_2025,8118719a1cd35b8bac2f3933ca90094fc3fdbe4eaf8b653e88e4097514ae2f64
2025-01-06T15:00:00+00:00,2025-01-06T16:00:00+00:00,20250106,2025-01-06,2025,1,1,January,2,1,Monday,false,16,16:00,60,false,0,5,solar_photovoltaic,Solar photovoltaic,renewable,true,5,173.00,173.00,reported,actual_generation_de_2024_2025,8118719a1cd35b8bac2f3933ca90094fc3fdbe4eaf8b653e88e4097514ae2f64
2025-01-06T15:00:00+00:00,2025-01-06T16:00:00+00:00,20250106,2025-01-06,2025,1,1,January,2,1,Monday,false,16,16:00,60,false,0,6,other_renewable,Other renewable,renewable,true,6,130.25,130.25,reported,actual_generation_de_2024_2025,8118719a1cd35b8bac2f3933ca90094fc3fdbe4eaf8b653e88e4097514ae2f64
2025-01-06T15:00:00+00:00,2025-01-06T16:00:00+00:00,20250106,2025-01-06,2025,1,1,January,2,1,Monday,false,16,16:00,60,false,0,7,nuclear,Nuclear,conventional,false,7,,,unavailable,actual_generation_de_2024_2025,8118719a1cd35b8bac2f3933ca90094fc3fdbe4eaf8b653e88e4097514ae2f64
2025-01-06T15:00:00+00:00,2025-01-06T16:00:00+00:00,20250106,2025-01-06,2025,1,1,January,2,1,Monday,false,16,16:00,60,false,0,8,lignite,Lignite,conventional,false,8,3265.50,3265.50,reported,actual_generation_de_2024_2025,8118719a1cd35b8bac2f3933ca90094fc3fdbe4eaf8b653e88e4097514ae2f64
2025-01-06T15:00:00+00:00,2025-01-06T16:00:00+00:00,20250106,2025-01-06,2025,1,1,January,2,1,Monday,false,16,16:00,60,false,0,9,hard_coal,Hard coal,conventional,false,9,2180.50,2180.50,reported,actual_generation_de_2024_2025,8118719a1cd35b8bac2f3933ca90094fc3fdbe4eaf8b653e88e4097514ae2f64
2025-01-06T15:00:00+00:00,2025-01-06T16:00:00+00:00,20250106,2025-01-06,2025,1,1,January,2,1,Monday,false,16,16:00,60,false,0,10,fossil_gas,Fossil gas,conventional,false,10,4677.75,4677.75,reported,actual_generation_de_2024_2025,8118719a1cd35b8bac2f3933ca90094fc3fdbe4eaf8b653e88e4097514ae2f64
2025-01-06T15:00:00+00:00,2025-01-06T16:00:00+00:00,20250106,2025-01-06,2025,1,1,January,2,1,Monday,false,16,16:00,60,false,0,11,hydro_pumped_storage,Hydro pumped storage,storage,false,11,916.25,916.25,reported,actual_generation_de_2024_2025,8118719a1cd35b8bac2f3933ca90094fc3fdbe4eaf8b653e88e4097514ae2f64
2025-01-06T15:00:00+00:00,2025-01-06T16:00:00+00:00,20250106,2025-01-06,2025,1,1,January,2,1,Monday,false,16,16:00,60,false,0,12,other_conventional,Other conventional,conventional,false,12,1709.75,1709.75,reported,actual_generation_de_2024_2025,8118719a1cd35b8bac2f3933ca90094fc3fdbe4eaf8b653e88e4097514ae2f64
2025-01-06T16:00:00+00:00,2025-01-06T17:00:00+00:00,20250106,2025-01-06,2025,1,1,January,2,1,Monday,false,17,17:00,60,false,0,1,biomass,Biomass,renewable,true,1,4191.75,4191.75,reported,actual_generation_de_2024_2025,8118719a1cd35b8bac2f3933ca90094fc3fdbe4eaf8b653e88e4097514ae2f64
2025-01-06T16:00:00+00:00,2025-01-06T17:00:00+00:00,20250106,2025-01-06,2025,1,1,January,2,1,Monday,false,17,17:00,60,false,0,2,hydropower,Hydropower,renewable,true,2,1674.50,1674.50,reported,actual_generation_de_2024_2025,8118719a1cd35b8bac2f3933ca90094fc3fdbe4eaf8b653e88e4097514ae2f64
2025-01-06T16:00:00+00:00,2025-01-06T17:00:00+00:00,20250106,2025-01-06,2025,1,1,January,2,1,Monday,false,17,17:00,60,false,0,3,wind_offshore,Wind offshore,renewable,true,3,2673.25,2673.25,reported,actual_generation_de_2024_2025,8118719a1cd35b8bac2f3933ca90094fc3fdbe4eaf8b653e88e4097514ae2f64
2025-01-06T16:00:00+00:00,2025-01-06T17:00:00+00:00,20250106,2025-01-06,2025,1,1,January,2,1,Monday,false,17,17:00,60,false,0,4,wind_onshore,Wind onshore,renewable,true,4,45252.00,45252.00,reported,actual_generation_de_2024_2025,8118719a1cd35b8bac2f3933ca90094fc3fdbe4eaf8b653e88e4097514ae2f64
2025-01-06T16:00:00+00:00,2025-01-06T17:00:00+00:00,20250106,2025-01-06,2025,1,1,January,2,1,Monday,false,17,17:00,60,false,0,5,solar_photovoltaic,Solar photovoltaic,renewable,true,5,18.75,18.75,reported,actual_generation_de_2024_2025,8118719a1cd35b8bac2f3933ca90094fc3fdbe4eaf8b653e88e4097514ae2f64
2025-01-06T16:00:00+00:00,2025-01-06T17:00:00+00:00,20250106,2025-01-06,2025,1,1,January,2,1,Monday,false,17,17:00,60,false,0,6,other_renewable,Other renewable,renewable,true,6,130.75,130.75,reported,actual_generation_de_2024_2025,8118719a1cd35b8bac2f3933ca90094fc3fdbe4eaf8b653e88e4097514ae2f64
2025-01-06T16:00:00+00:00,2025-01-06T17:00:00+00:00,20250106,2025-01-06,2025,1,1,January,2,1,Monday,false,17,17:00,60,false,0,7,nuclear,Nuclear,conventional,false,7,,,unavailable,actual_generation_de_2024_2025,8118719a1cd35b8bac2f3933ca90094fc3fdbe4eaf8b653e88e4097514ae2f64
2025-01-06T16:00:00+00:00,2025-01-06T17:00:00+00:00,20250106,2025-01-06,2025,1,1,January,2,1,Monday,false,17,17:00,60,false,0,8,lignite,Lignite,conventional,false,8,3626.75,3626.75,reported,actual_generation_de_2024_2025,8118719a1cd35b8bac2f3933ca90094fc3fdbe4eaf8b653e88e4097514ae2f64
2025-01-06T16:00:00+00:00,2025-01-06T17:00:00+00:00,20250106,2025-01-06,2025,1,1,January,2,1,Monday,false,17,17:00,60,false,0,9,hard_coal,Hard coal,conventional,false,9,2376.25,2376.25,reported,actual_generation_de_2024_2025,8118719a1cd35b8bac2f3933ca90094fc3fdbe4eaf8b653e88e4097514ae2f64
2025-01-06T16:00:00+00:00,2025-01-06T17:00:00+00:00,20250106,2025-01-06,2025,1,1,January,2,1,Monday,false,17,17:00,60,false,0,10,fossil_gas,Fossil gas,conventional,false,10,5196.75,5196.75,reported,actual_generation_de_2024_2025,8118719a1cd35b8bac2f3933ca90094fc3fdbe4eaf8b653e88e4097514ae2f64
2025-01-06T16:00:00+00:00,2025-01-06T17:00:00+00:00,20250106,2025-01-06,2025,1,1,January,2,1,Monday,false,17,17:00,60,false,0,11,hydro_pumped_storage,Hydro pumped storage,storage,false,11,2041.25,2041.25,reported,actual_generation_de_2024_2025,8118719a1cd35b8bac2f3933ca90094fc3fdbe4eaf8b653e88e4097514ae2f64
2025-01-06T16:00:00+00:00,2025-01-06T17:00:00+00:00,20250106,2025-01-06,2025,1,1,January,2,1,Monday,false,17,17:00,60,false,0,12,other_conventional,Other conventional,conventional,false,12,1698.50,1698.50,reported,actual_generation_de_2024_2025,8118719a1cd35b8bac2f3933ca90094fc3fdbe4eaf8b653e88e4097514ae2f64
2025-01-06T17:00:00+00:00,2025-01-06T18:00:00+00:00,20250106,2025-01-06,2025,1,1,January,2,1,Monday,false,18,18:00,60,false,0,1,biomass,Biomass,renewable,true,1,4232.75,4232.75,reported,actual_generation_de_2024_2025,8118719a1cd35b8bac2f3933ca90094fc3fdbe4eaf8b653e88e4097514ae2f64
2025-01-06T17:00:00+00:00,2025-01-06T18:00:00+00:00,20250106,2025-01-06,2025,1,1,January,2,1,Monday,false,18,18:00,60,false,0,2,hydropower,Hydropower,renewable,true,2,1737.25,1737.25,reported,actual_generation_de_2024_2025,8118719a1cd35b8bac2f3933ca90094fc3fdbe4eaf8b653e88e4097514ae2f64
2025-01-06T17:00:00+00:00,2025-01-06T18:00:00+00:00,20250106,2025-01-06,2025,1,1,January,2,1,Monday,false,18,18:00,60,false,0,3,wind_offshore,Wind offshore,renewable,true,3,826.00,826.00,reported,actual_generation_de_2024_2025,8118719a1cd35b8bac2f3933ca90094fc3fdbe4eaf8b653e88e4097514ae2f64
2025-01-06T17:00:00+00:00,2025-01-06T18:00:00+00:00,20250106,2025-01-06,2025,1,1,January,2,1,Monday,false,18,18:00,60,false,0,4,wind_onshore,Wind onshore,renewable,true,4,44978.75,44978.75,reported,actual_generation_de_2024_2025,8118719a1cd35b8bac2f3933ca90094fc3fdbe4eaf8b653e88e4097514ae2f64
2025-01-06T17:00:00+00:00,2025-01-06T18:00:00+00:00,20250106,2025-01-06,2025,1,1,January,2,1,Monday,false,18,18:00,60,false,0,5,solar_photovoltaic,Solar photovoltaic,renewable,true,5,14.75,14.75,reported,actual_generation_de_2024_2025,8118719a1cd35b8bac2f3933ca90094fc3fdbe4eaf8b653e88e4097514ae2f64
2025-01-06T17:00:00+00:00,2025-01-06T18:00:00+00:00,20250106,2025-01-06,2025,1,1,January,2,1,Monday,false,18,18:00,60,false,0,6,other_renewable,Other renewable,renewable,true,6,130.25,130.25,reported,actual_generation_de_2024_2025,8118719a1cd35b8bac2f3933ca90094fc3fdbe4eaf8b653e88e4097514ae2f64
2025-01-06T17:00:00+00:00,2025-01-06T18:00:00+00:00,20250106,2025-01-06,2025,1,1,January,2,1,Monday,false,18,18:00,60,false,0,7,nuclear,Nuclear,conventional,false,7,,,unavailable,actual_generation_de_2024_2025,8118719a1cd35b8bac2f3933ca90094fc3fdbe4eaf8b653e88e4097514ae2f64
2025-01-06T17:00:00+00:00,2025-01-06T18:00:00+00:00,20250106,2025-01-06,2025,1,1,January,2,1,Monday,false,18,18:00,60,false,0,8,lignite,Lignite,conventional,false,8,4142.75,4142.75,reported,actual_generation_de_2024_2025,8118719a1cd35b8bac2f3933ca90094fc3fdbe4eaf8b653e88e4097514ae2f64
2025-01-06T17:00:00+00:00,2025-01-06T18:00:00+00:00,20250106,2025-01-06,2025,1,1,January,2,1,Monday,false,18,18:00,60,false,0,9,hard_coal,Hard coal,conventional,false,9,2798.75,2798.75,reported,actual_generation_de_2024_2025,8118719a1cd35b8bac2f3933ca90094fc3fdbe4eaf8b653e88e4097514ae2f64
2025-01-06T17:00:00+00:00,2025-01-06T18:00:00+00:00,20250106,2025-01-06,2025,1,1,January,2,1,Monday,false,18,18:00,60,false,0,10,fossil_gas,Fossil gas,conventional,false,10,5800.00,5800.00,reported,actual_generation_de_2024_2025,8118719a1cd35b8bac2f3933ca90094fc3fdbe4eaf8b653e88e4097514ae2f64
2025-01-06T17:00:00+00:00,2025-01-06T18:00:00+00:00,20250106,2025-01-06,2025,1,1,January,2,1,Monday,false,18,18:00,60,false,0,11,hydro_pumped_storage,Hydro pumped storage,storage,false,11,3358.25,3358.25,reported,actual_generation_de_2024_2025,8118719a1cd35b8bac2f3933ca90094fc3fdbe4eaf8b653e88e4097514ae2f64
2025-01-06T17:00:00+00:00,2025-01-06T18:00:00+00:00,20250106,2025-01-06,2025,1,1,January,2,1,Monday,false,18,18:00,60,false,0,12,other_conventional,Other conventional,conventional,false,12,1694.50,1694.50,reported,actual_generation_de_2024_2025,8118719a1cd35b8bac2f3933ca90094fc3fdbe4eaf8b653e88e4097514ae2f64
2025-01-06T18:00:00+00:00,2025-01-06T19:00:00+00:00,20250106,2025-01-06,2025,1,1,January,2,1,Monday,false,19,19:00,60,false,0,1,biomass,Biomass,renewable,true,1,4177.25,4177.25,reported,actual_generation_de_2024_2025,8118719a1cd35b8bac2f3933ca90094fc3fdbe4eaf8b653e88e4097514ae2f64
2025-01-06T18:00:00+00:00,2025-01-06T19:00:00+00:00,20250106,2025-01-06,2025,1,1,January,2,1,Monday,false,19,19:00,60,false,0,2,hydropower,Hydropower,renewable,true,2,1707.00,1707.00,reported,actual_generation_de_2024_2025,8118719a1cd35b8bac2f3933ca90094fc3fdbe4eaf8b653e88e4097514ae2f64
2025-01-06T18:00:00+00:00,2025-01-06T19:00:00+00:00,20250106,2025-01-06,2025,1,1,January,2,1,Monday,false,19,19:00,60,false,0,3,wind_offshore,Wind offshore,renewable,true,3,815.75,815.75,reported,actual_generation_de_2024_2025,8118719a1cd35b8bac2f3933ca90094fc3fdbe4eaf8b653e88e4097514ae2f64
2025-01-06T18:00:00+00:00,2025-01-06T19:00:00+00:00,20250106,2025-01-06,2025,1,1,January,2,1,Monday,false,19,19:00,60,false,0,4,wind_onshore,Wind onshore,renewable,true,4,45334.25,45334.25,reported,actual_generation_de_2024_2025,8118719a1cd35b8bac2f3933ca90094fc3fdbe4eaf8b653e88e4097514ae2f64
2025-01-06T18:00:00+00:00,2025-01-06T19:00:00+00:00,20250106,2025-01-06,2025,1,1,January,2,1,Monday,false,19,19:00,60,false,0,5,solar_photovoltaic,Solar photovoltaic,renewable,true,5,11.75,11.75,reported,actual_generation_de_2024_2025,8118719a1cd35b8bac2f3933ca90094fc3fdbe4eaf8b653e88e4097514ae2f64
2025-01-06T18:00:00+00:00,2025-01-06T19:00:00+00:00,20250106,2025-01-06,2025,1,1,January,2,1,Monday,false,19,19:00,60,false,0,6,other_renewable,Other renewable,renewable,true,6,129.75,129.75,reported,actual_generation_de_2024_2025,8118719a1cd35b8bac2f3933ca90094fc3fdbe4eaf8b653e88e4097514ae2f64
2025-01-06T18:00:00+00:00,2025-01-06T19:00:00+00:00,20250106,2025-01-06,2025,1,1,January,2,1,Monday,false,19,19:00,60,false,0,7,nuclear,Nuclear,conventional,false,7,,,unavailable,actual_generation_de_2024_2025,8118719a1cd35b8bac2f3933ca90094fc3fdbe4eaf8b653e88e4097514ae2f64
2025-01-06T18:00:00+00:00,2025-01-06T19:00:00+00:00,20250106,2025-01-06,2025,1,1,January,2,1,Monday,false,19,19:00,60,false,0,8,lignite,Lignite,conventional,false,8,4392.25,4392.25,reported,actual_generation_de_2024_2025,8118719a1cd35b8bac2f3933ca90094fc3fdbe4eaf8b653e88e4097514ae2f64
2025-01-06T18:00:00+00:00,2025-01-06T19:00:00+00:00,20250106,2025-01-06,2025,1,1,January,2,1,Monday,false,19,19:00,60,false,0,9,hard_coal,Hard coal,conventional,false,9,2799.00,2799.00,reported,actual_generation_de_2024_2025,8118719a1cd35b8bac2f3933ca90094fc3fdbe4eaf8b653e88e4097514ae2f64
2025-01-06T18:00:00+00:00,2025-01-06T19:00:00+00:00,20250106,2025-01-06,2025,1,1,January,2,1,Monday,false,19,19:00,60,false,0,10,fossil_gas,Fossil gas,conventional,false,10,6144.00,6144.00,reported,actual_generation_de_2024_2025,8118719a1cd35b8bac2f3933ca90094fc3fdbe4eaf8b653e88e4097514ae2f64
2025-01-06T18:00:00+00:00,2025-01-06T19:00:00+00:00,20250106,2025-01-06,2025,1,1,January,2,1,Monday,false,19,19:00,60,false,0,11,hydro_pumped_storage,Hydro pumped storage,storage,false,11,2158.50,2158.50,reported,actual_generation_de_2024_2025,8118719a1cd35b8bac2f3933ca90094fc3fdbe4eaf8b653e88e4097514ae2f64
2025-01-06T18:00:00+00:00,2025-01-06T19:00:00+00:00,20250106,2025-01-06,2025,1,1,January,2,1,Monday,false,19,19:00,60,false,0,12,other_conventional,Other conventional,conventional,false,12,1700.75,1700.75,reported,actual_generation_de_2024_2025,8118719a1cd35b8bac2f3933ca90094fc3fdbe4eaf8b653e88e4097514ae2f64
2025-01-06T19:00:00+00:00,2025-01-06T20:00:00+00:00,20250106,2025-01-06,2025,1,1,January,2,1,Monday,false,20,20:00,60,false,0,1,biomass,Biomass,renewable,true,1,4035.00,4035.00,reported,actual_generation_de_2024_2025,8118719a1cd35b8bac2f3933ca90094fc3fdbe4eaf8b653e88e4097514ae2f64
2025-01-06T19:00:00+00:00,2025-01-06T20:00:00+00:00,20250106,2025-01-06,2025,1,1,January,2,1,Monday,false,20,20:00,60,false,0,2,hydropower,Hydropower,renewable,true,2,1670.25,1670.25,reported,actual_generation_de_2024_2025,8118719a1cd35b8bac2f3933ca90094fc3fdbe4eaf8b653e88e4097514ae2f64
2025-01-06T19:00:00+00:00,2025-01-06T20:00:00+00:00,20250106,2025-01-06,2025,1,1,January,2,1,Monday,false,20,20:00,60,false,0,3,wind_offshore,Wind offshore,renewable,true,3,642.75,642.75,reported,actual_generation_de_2024_2025,8118719a1cd35b8bac2f3933ca90094fc3fdbe4eaf8b653e88e4097514ae2f64
2025-01-06T19:00:00+00:00,2025-01-06T20:00:00+00:00,20250106,2025-01-06,2025,1,1,January,2,1,Monday,false,20,20:00,60,false,0,4,wind_onshore,Wind onshore,renewable,true,4,44924.25,44924.25,reported,actual_generation_de_2024_2025,8118719a1cd35b8bac2f3933ca90094fc3fdbe4eaf8b653e88e4097514ae2f64
2025-01-06T19:00:00+00:00,2025-01-06T20:00:00+00:00,20250106,2025-01-06,2025,1,1,January,2,1,Monday,false,20,20:00,60,false,0,5,solar_photovoltaic,Solar photovoltaic,renewable,true,5,11.00,11.00,reported,actual_generation_de_2024_2025,8118719a1cd35b8bac2f3933ca90094fc3fdbe4eaf8b653e88e4097514ae2f64
2025-01-06T19:00:00+00:00,2025-01-06T20:00:00+00:00,20250106,2025-01-06,2025,1,1,January,2,1,Monday,false,20,20:00,60,false,0,6,other_renewable,Other renewable,renewable,true,6,128.00,128.00,reported,actual_generation_de_2024_2025,8118719a1cd35b8bac2f3933ca90094fc3fdbe4eaf8b653e88e4097514ae2f64
2025-01-06T19:00:00+00:00,2025-01-06T20:00:00+00:00,20250106,2025-01-06,2025,1,1,January,2,1,Monday,false,20,20:00,60,false,0,7,nuclear,Nuclear,conventional,false,7,,,unavailable,actual_generation_de_2024_2025,8118719a1cd35b8bac2f3933ca90094fc3fdbe4eaf8b653e88e4097514ae2f64
2025-01-06T19:00:00+00:00,2025-01-06T20:00:00+00:00,20250106,2025-01-06,2025,1,1,January,2,1,Monday,false,20,20:00,60,false,0,8,lignite,Lignite,conventional,false,8,4701.50,4701.50,reported,actual_generation_de_2024_2025,8118719a1cd35b8bac2f3933ca90094fc3fdbe4eaf8b653e88e4097514ae2f64
2025-01-06T19:00:00+00:00,2025-01-06T20:00:00+00:00,20250106,2025-01-06,2025,1,1,January,2,1,Monday,false,20,20:00,60,false,0,9,hard_coal,Hard coal,conventional,false,9,2807.75,2807.75,reported,actual_generation_de_2024_2025,8118719a1cd35b8bac2f3933ca90094fc3fdbe4eaf8b653e88e4097514ae2f64
2025-01-06T19:00:00+00:00,2025-01-06T20:00:00+00:00,20250106,2025-01-06,2025,1,1,January,2,1,Monday,false,20,20:00,60,false,0,10,fossil_gas,Fossil gas,conventional,false,10,6114.75,6114.75,reported,actual_generation_de_2024_2025,8118719a1cd35b8bac2f3933ca90094fc3fdbe4eaf8b653e88e4097514ae2f64
2025-01-06T19:00:00+00:00,2025-01-06T20:00:00+00:00,20250106,2025-01-06,2025,1,1,January,2,1,Monday,false,20,20:00,60,false,0,11,hydro_pumped_storage,Hydro pumped storage,storage,false,11,382.75,382.75,reported,actual_generation_de_2024_2025,8118719a1cd35b8bac2f3933ca90094fc3fdbe4eaf8b653e88e4097514ae2f64
2025-01-06T19:00:00+00:00,2025-01-06T20:00:00+00:00,20250106,2025-01-06,2025,1,1,January,2,1,Monday,false,20,20:00,60,false,0,12,other_conventional,Other conventional,conventional,false,12,1692.25,1692.25,reported,actual_generation_de_2024_2025,8118719a1cd35b8bac2f3933ca90094fc3fdbe4eaf8b653e88e4097514ae2f64
2025-01-06T20:00:00+00:00,2025-01-06T21:00:00+00:00,20250106,2025-01-06,2025,1,1,January,2,1,Monday,false,21,21:00,60,false,0,1,biomass,Biomass,renewable,true,1,3923.00,3923.00,reported,actual_generation_de_2024_2025,8118719a1cd35b8bac2f3933ca90094fc3fdbe4eaf8b653e88e4097514ae2f64
2025-01-06T20:00:00+00:00,2025-01-06T21:00:00+00:00,20250106,2025-01-06,2025,1,1,January,2,1,Monday,false,21,21:00,60,false,0,2,hydropower,Hydropower,renewable,true,2,1664.25,1664.25,reported,actual_generation_de_2024_2025,8118719a1cd35b8bac2f3933ca90094fc3fdbe4eaf8b653e88e4097514ae2f64
2025-01-06T20:00:00+00:00,2025-01-06T21:00:00+00:00,20250106,2025-01-06,2025,1,1,January,2,1,Monday,false,21,21:00,60,false,0,3,wind_offshore,Wind offshore,renewable,true,3,442.25,442.25,reported,actual_generation_de_2024_2025,8118719a1cd35b8bac2f3933ca90094fc3fdbe4eaf8b653e88e4097514ae2f64
2025-01-06T20:00:00+00:00,2025-01-06T21:00:00+00:00,20250106,2025-01-06,2025,1,1,January,2,1,Monday,false,21,21:00,60,false,0,4,wind_onshore,Wind onshore,renewable,true,4,44148.75,44148.75,reported,actual_generation_de_2024_2025,8118719a1cd35b8bac2f3933ca90094fc3fdbe4eaf8b653e88e4097514ae2f64
2025-01-06T20:00:00+00:00,2025-01-06T21:00:00+00:00,20250106,2025-01-06,2025,1,1,January,2,1,Monday,false,21,21:00,60,false,0,5,solar_photovoltaic,Solar photovoltaic,renewable,true,5,11.00,11.00,reported,actual_generation_de_2024_2025,8118719a1cd35b8bac2f3933ca90094fc3fdbe4eaf8b653e88e4097514ae2f64
2025-01-06T20:00:00+00:00,2025-01-06T21:00:00+00:00,20250106,2025-01-06,2025,1,1,January,2,1,Monday,false,21,21:00,60,false,0,6,other_renewable,Other renewable,renewable,true,6,126.75,126.75,reported,actual_generation_de_2024_2025,8118719a1cd35b8bac2f3933ca90094fc3fdbe4eaf8b653e88e4097514ae2f64
2025-01-06T20:00:00+00:00,2025-01-06T21:00:00+00:00,20250106,2025-01-06,2025,1,1,January,2,1,Monday,false,21,21:00,60,false,0,7,nuclear,Nuclear,conventional,false,7,,,unavailable,actual_generation_de_2024_2025,8118719a1cd35b8bac2f3933ca90094fc3fdbe4eaf8b653e88e4097514ae2f64
2025-01-06T20:00:00+00:00,2025-01-06T21:00:00+00:00,20250106,2025-01-06,2025,1,1,January,2,1,Monday,false,21,21:00,60,false,0,8,lignite,Lignite,conventional,false,8,4662.75,4662.75,reported,actual_generation_de_2024_2025,8118719a1cd35b8bac2f3933ca90094fc3fdbe4eaf8b653e88e4097514ae2f64
2025-01-06T20:00:00+00:00,2025-01-06T21:00:00+00:00,20250106,2025-01-06,2025,1,1,January,2,1,Monday,false,21,21:00,60,false,0,9,hard_coal,Hard coal,conventional,false,9,2877.25,2877.25,reported,actual_generation_de_2024_2025,8118719a1cd35b8bac2f3933ca90094fc3fdbe4eaf8b653e88e4097514ae2f64
2025-01-06T20:00:00+00:00,2025-01-06T21:00:00+00:00,20250106,2025-01-06,2025,1,1,January,2,1,Monday,false,21,21:00,60,false,0,10,fossil_gas,Fossil gas,conventional,false,10,5806.25,5806.25,reported,actual_generation_de_2024_2025,8118719a1cd35b8bac2f3933ca90094fc3fdbe4eaf8b653e88e4097514ae2f64
2025-01-06T20:00:00+00:00,2025-01-06T21:00:00+00:00,20250106,2025-01-06,2025,1,1,January,2,1,Monday,false,21,21:00,60,false,0,11,hydro_pumped_storage,Hydro pumped storage,storage,false,11,377.50,377.50,reported,actual_generation_de_2024_2025,8118719a1cd35b8bac2f3933ca90094fc3fdbe4eaf8b653e88e4097514ae2f64
2025-01-06T20:00:00+00:00,2025-01-06T21:00:00+00:00,20250106,2025-01-06,2025,1,1,January,2,1,Monday,false,21,21:00,60,false,0,12,other_conventional,Other conventional,conventional,false,12,1700.75,1700.75,reported,actual_generation_de_2024_2025,8118719a1cd35b8bac2f3933ca90094fc3fdbe4eaf8b653e88e4097514ae2f64
2025-01-06T21:00:00+00:00,2025-01-06T22:00:00+00:00,20250106,2025-01-06,2025,1,1,January,2,1,Monday,false,22,22:00,60,false,0,1,biomass,Biomass,renewable,true,1,3831.75,3831.75,reported,actual_generation_de_2024_2025,8118719a1cd35b8bac2f3933ca90094fc3fdbe4eaf8b653e88e4097514ae2f64
2025-01-06T21:00:00+00:00,2025-01-06T22:00:00+00:00,20250106,2025-01-06,2025,1,1,January,2,1,Monday,false,22,22:00,60,false,0,2,hydropower,Hydropower,renewable,true,2,1636.50,1636.50,reported,actual_generation_de_2024_2025,8118719a1cd35b8bac2f3933ca90094fc3fdbe4eaf8b653e88e4097514ae2f64
2025-01-06T21:00:00+00:00,2025-01-06T22:00:00+00:00,20250106,2025-01-06,2025,1,1,January,2,1,Monday,false,22,22:00,60,false,0,3,wind_offshore,Wind offshore,renewable,true,3,1410.00,1410.00,reported,actual_generation_de_2024_2025,8118719a1cd35b8bac2f3933ca90094fc3fdbe4eaf8b653e88e4097514ae2f64
2025-01-06T21:00:00+00:00,2025-01-06T22:00:00+00:00,20250106,2025-01-06,2025,1,1,January,2,1,Monday,false,22,22:00,60,false,0,4,wind_onshore,Wind onshore,renewable,true,4,40646.00,40646.00,reported,actual_generation_de_2024_2025,8118719a1cd35b8bac2f3933ca90094fc3fdbe4eaf8b653e88e4097514ae2f64
2025-01-06T21:00:00+00:00,2025-01-06T22:00:00+00:00,20250106,2025-01-06,2025,1,1,January,2,1,Monday,false,22,22:00,60,false,0,5,solar_photovoltaic,Solar photovoltaic,renewable,true,5,9.00,9.00,reported,actual_generation_de_2024_2025,8118719a1cd35b8bac2f3933ca90094fc3fdbe4eaf8b653e88e4097514ae2f64
2025-01-06T21:00:00+00:00,2025-01-06T22:00:00+00:00,20250106,2025-01-06,2025,1,1,January,2,1,Monday,false,22,22:00,60,false,0,6,other_renewable,Other renewable,renewable,true,6,132.50,132.50,reported,actual_generation_de_2024_2025,8118719a1cd35b8bac2f3933ca90094fc3fdbe4eaf8b653e88e4097514ae2f64
2025-01-06T21:00:00+00:00,2025-01-06T22:00:00+00:00,20250106,2025-01-06,2025,1,1,January,2,1,Monday,false,22,22:00,60,false,0,7,nuclear,Nuclear,conventional,false,7,,,unavailable,actual_generation_de_2024_2025,8118719a1cd35b8bac2f3933ca90094fc3fdbe4eaf8b653e88e4097514ae2f64
2025-01-06T21:00:00+00:00,2025-01-06T22:00:00+00:00,20250106,2025-01-06,2025,1,1,January,2,1,Monday,false,22,22:00,60,false,0,8,lignite,Lignite,conventional,false,8,4358.75,4358.75,reported,actual_generation_de_2024_2025,8118719a1cd35b8bac2f3933ca90094fc3fdbe4eaf8b653e88e4097514ae2f64
2025-01-06T21:00:00+00:00,2025-01-06T22:00:00+00:00,20250106,2025-01-06,2025,1,1,January,2,1,Monday,false,22,22:00,60,false,0,9,hard_coal,Hard coal,conventional,false,9,2573.50,2573.50,reported,actual_generation_de_2024_2025,8118719a1cd35b8bac2f3933ca90094fc3fdbe4eaf8b653e88e4097514ae2f64
2025-01-06T21:00:00+00:00,2025-01-06T22:00:00+00:00,20250106,2025-01-06,2025,1,1,January,2,1,Monday,false,22,22:00,60,false,0,10,fossil_gas,Fossil gas,conventional,false,10,5705.50,5705.50,reported,actual_generation_de_2024_2025,8118719a1cd35b8bac2f3933ca90094fc3fdbe4eaf8b653e88e4097514ae2f64
2025-01-06T21:00:00+00:00,2025-01-06T22:00:00+00:00,20250106,2025-01-06,2025,1,1,January,2,1,Monday,false,22,22:00,60,false,0,11,hydro_pumped_storage,Hydro pumped storage,storage,false,11,114.25,114.25,reported,actual_generation_de_2024_2025,8118719a1cd35b8bac2f3933ca90094fc3fdbe4eaf8b653e88e4097514ae2f64
2025-01-06T21:00:00+00:00,2025-01-06T22:00:00+00:00,20250106,2025-01-06,2025,1,1,January,2,1,Monday,false,22,22:00,60,false,0,12,other_conventional,Other conventional,conventional,false,12,1696.50,1696.50,reported,actual_generation_de_2024_2025,8118719a1cd35b8bac2f3933ca90094fc3fdbe4eaf8b653e88e4097514ae2f64
2025-01-06T22:00:00+00:00,2025-01-06T23:00:00+00:00,20250106,2025-01-06,2025,1,1,January,2,1,Monday,false,23,23:00,60,false,0,1,biomass,Biomass,renewable,true,1,3758.25,3758.25,reported,actual_generation_de_2024_2025,8118719a1cd35b8bac2f3933ca90094fc3fdbe4eaf8b653e88e4097514ae2f64
2025-01-06T22:00:00+00:00,2025-01-06T23:00:00+00:00,20250106,2025-01-06,2025,1,1,January,2,1,Monday,false,23,23:00,60,false,0,2,hydropower,Hydropower,renewable,true,2,1614.75,1614.75,reported,actual_generation_de_2024_2025,8118719a1cd35b8bac2f3933ca90094fc3fdbe4eaf8b653e88e4097514ae2f64
2025-01-06T22:00:00+00:00,2025-01-06T23:00:00+00:00,20250106,2025-01-06,2025,1,1,January,2,1,Monday,false,23,23:00,60,false,0,3,wind_offshore,Wind offshore,renewable,true,3,2009.50,2009.50,reported,actual_generation_de_2024_2025,8118719a1cd35b8bac2f3933ca90094fc3fdbe4eaf8b653e88e4097514ae2f64
2025-01-06T22:00:00+00:00,2025-01-06T23:00:00+00:00,20250106,2025-01-06,2025,1,1,January,2,1,Monday,false,23,23:00,60,false,0,4,wind_onshore,Wind onshore,renewable,true,4,39541.00,39541.00,reported,actual_generation_de_2024_2025,8118719a1cd35b8bac2f3933ca90094fc3fdbe4eaf8b653e88e4097514ae2f64
2025-01-06T22:00:00+00:00,2025-01-06T23:00:00+00:00,20250106,2025-01-06,2025,1,1,January,2,1,Monday,false,23,23:00,60,false,0,5,solar_photovoltaic,Solar photovoltaic,renewable,true,5,8.50,8.50,reported,actual_generation_de_2024_2025,8118719a1cd35b8bac2f3933ca90094fc3fdbe4eaf8b653e88e4097514ae2f64
2025-01-06T22:00:00+00:00,2025-01-06T23:00:00+00:00,20250106,2025-01-06,2025,1,1,January,2,1,Monday,false,23,23:00,60,false,0,6,other_renewable,Other renewable,renewable,true,6,132.25,132.25,reported,actual_generation_de_2024_2025,8118719a1cd35b8bac2f3933ca90094fc3fdbe4eaf8b653e88e4097514ae2f64
2025-01-06T22:00:00+00:00,2025-01-06T23:00:00+00:00,20250106,2025-01-06,2025,1,1,January,2,1,Monday,false,23,23:00,60,false,0,7,nuclear,Nuclear,conventional,false,7,,,unavailable,actual_generation_de_2024_2025,8118719a1cd35b8bac2f3933ca90094fc3fdbe4eaf8b653e88e4097514ae2f64
2025-01-06T22:00:00+00:00,2025-01-06T23:00:00+00:00,20250106,2025-01-06,2025,1,1,January,2,1,Monday,false,23,23:00,60,false,0,8,lignite,Lignite,conventional,false,8,4065.50,4065.50,reported,actual_generation_de_2024_2025,8118719a1cd35b8bac2f3933ca90094fc3fdbe4eaf8b653e88e4097514ae2f64
2025-01-06T22:00:00+00:00,2025-01-06T23:00:00+00:00,20250106,2025-01-06,2025,1,1,January,2,1,Monday,false,23,23:00,60,false,0,9,hard_coal,Hard coal,conventional,false,9,2536.50,2536.50,reported,actual_generation_de_2024_2025,8118719a1cd35b8bac2f3933ca90094fc3fdbe4eaf8b653e88e4097514ae2f64
2025-01-06T22:00:00+00:00,2025-01-06T23:00:00+00:00,20250106,2025-01-06,2025,1,1,January,2,1,Monday,false,23,23:00,60,false,0,10,fossil_gas,Fossil gas,conventional,false,10,5394.50,5394.50,reported,actual_generation_de_2024_2025,8118719a1cd35b8bac2f3933ca90094fc3fdbe4eaf8b653e88e4097514ae2f64
2025-01-06T22:00:00+00:00,2025-01-06T23:00:00+00:00,20250106,2025-01-06,2025,1,1,January,2,1,Monday,false,23,23:00,60,false,0,11,hydro_pumped_storage,Hydro pumped storage,storage,false,11,61.50,61.50,reported,actual_generation_de_2024_2025,8118719a1cd35b8bac2f3933ca90094fc3fdbe4eaf8b653e88e4097514ae2f64
2025-01-06T22:00:00+00:00,2025-01-06T23:00:00+00:00,20250106,2025-01-06,2025,1,1,January,2,1,Monday,false,23,23:00,60,false,0,12,other_conventional,Other conventional,conventional,false,12,1633.50,1633.50,reported,actual_generation_de_2024_2025,8118719a1cd35b8bac2f3933ca90094fc3fdbe4eaf8b653e88e4097514ae2f64
2025-01-06T23:00:00+00:00,2025-01-07T00:00:00+00:00,20250107,2025-01-07,2025,1,1,January,2,2,Tuesday,false,0,00:00,60,false,0,1,biomass,Biomass,renewable,true,1,3715.50,3715.50,reported,actual_generation_de_2024_2025,8118719a1cd35b8bac2f3933ca90094fc3fdbe4eaf8b653e88e4097514ae2f64
2025-01-06T23:00:00+00:00,2025-01-07T00:00:00+00:00,20250107,2025-01-07,2025,1,1,January,2,2,Tuesday,false,0,00:00,60,false,0,2,hydropower,Hydropower,renewable,true,2,1647.50,1647.50,reported,actual_generation_de_2024_2025,8118719a1cd35b8bac2f3933ca90094fc3fdbe4eaf8b653e88e4097514ae2f64
2025-01-06T23:00:00+00:00,2025-01-07T00:00:00+00:00,20250107,2025-01-07,2025,1,1,January,2,2,Tuesday,false,0,00:00,60,false,0,3,wind_offshore,Wind offshore,renewable,true,3,2934.75,2934.75,reported,actual_generation_de_2024_2025,8118719a1cd35b8bac2f3933ca90094fc3fdbe4eaf8b653e88e4097514ae2f64
2025-01-06T23:00:00+00:00,2025-01-07T00:00:00+00:00,20250107,2025-01-07,2025,1,1,January,2,2,Tuesday,false,0,00:00,60,false,0,4,wind_onshore,Wind onshore,renewable,true,4,39008.25,39008.25,reported,actual_generation_de_2024_2025,8118719a1cd35b8bac2f3933ca90094fc3fdbe4eaf8b653e88e4097514ae2f64
2025-01-06T23:00:00+00:00,2025-01-07T00:00:00+00:00,20250107,2025-01-07,2025,1,1,January,2,2,Tuesday,false,0,00:00,60,false,0,5,solar_photovoltaic,Solar photovoltaic,renewable,true,5,9.50,9.50,reported,actual_generation_de_2024_2025,8118719a1cd35b8bac2f3933ca90094fc3fdbe4eaf8b653e88e4097514ae2f64
2025-01-06T23:00:00+00:00,2025-01-07T00:00:00+00:00,20250107,2025-01-07,2025,1,1,January,2,2,Tuesday,false,0,00:00,60,false,0,6,other_renewable,Other renewable,renewable,true,6,132.50,132.50,reported,actual_generation_de_2024_2025,8118719a1cd35b8bac2f3933ca90094fc3fdbe4eaf8b653e88e4097514ae2f64
2025-01-06T23:00:00+00:00,2025-01-07T00:00:00+00:00,20250107,2025-01-07,2025,1,1,January,2,2,Tuesday,false,0,00:00,60,false,0,7,nuclear,Nuclear,conventional,false,7,,,unavailable,actual_generation_de_2024_2025,8118719a1cd35b8bac2f3933ca90094fc3fdbe4eaf8b653e88e4097514ae2f64
2025-01-06T23:00:00+00:00,2025-01-07T00:00:00+00:00,20250107,2025-01-07,2025,1,1,January,2,2,Tuesday,false,0,00:00,60,false,0,8,lignite,Lignite,conventional,false,8,3798.75,3798.75,reported,actual_generation_de_2024_2025,8118719a1cd35b8bac2f3933ca90094fc3fdbe4eaf8b653e88e4097514ae2f64
2025-01-06T23:00:00+00:00,2025-01-07T00:00:00+00:00,20250107,2025-01-07,2025,1,1,January,2,2,Tuesday,false,0,00:00,60,false,0,9,hard_coal,Hard coal,conventional,false,9,2208.00,2208.00,reported,actual_generation_de_2024_2025,8118719a1cd35b8bac2f3933ca90094fc3fdbe4eaf8b653e88e4097514ae2f64
2025-01-06T23:00:00+00:00,2025-01-07T00:00:00+00:00,20250107,2025-01-07,2025,1,1,January,2,2,Tuesday,false,0,00:00,60,false,0,10,fossil_gas,Fossil gas,conventional,false,10,4435.75,4435.75,reported,actual_generation_de_2024_2025,8118719a1cd35b8bac2f3933ca90094fc3fdbe4eaf8b653e88e4097514ae2f64
2025-01-06T23:00:00+00:00,2025-01-07T00:00:00+00:00,20250107,2025-01-07,2025,1,1,January,2,2,Tuesday,false,0,00:00,60,false,0,11,hydro_pumped_storage,Hydro pumped storage,storage,false,11,42.50,42.50,reported,actual_generation_de_2024_2025,8118719a1cd35b8bac2f3933ca90094fc3fdbe4eaf8b653e88e4097514ae2f64
2025-01-06T23:00:00+00:00,2025-01-07T00:00:00+00:00,20250107,2025-01-07,2025,1,1,January,2,2,Tuesday,false,0,00:00,60,false,0,12,other_conventional,Other conventional,conventional,false,12,1616.75,1616.75,reported,actual_generation_de_2024_2025,8118719a1cd35b8bac2f3933ca90094fc3fdbe4eaf8b653e88e4097514ae2f64
2025-01-07T00:00:00+00:00,2025-01-07T01:00:00+00:00,20250107,2025-01-07,2025,1,1,January,2,2,Tuesday,false,1,01:00,60,false,0,1,biomass,Biomass,renewable,true,1,3675.25,3675.25,reported,actual_generation_de_2024_2025,8118719a1cd35b8bac2f3933ca90094fc3fdbe4eaf8b653e88e4097514ae2f64
2025-01-07T00:00:00+00:00,2025-01-07T01:00:00+00:00,20250107,2025-01-07,2025,1,1,January,2,2,Tuesday,false,1,01:00,60,false,0,2,hydropower,Hydropower,renewable,true,2,1631.00,1631.00,reported,actual_generation_de_2024_2025,8118719a1cd35b8bac2f3933ca90094fc3fdbe4eaf8b653e88e4097514ae2f64
2025-01-07T00:00:00+00:00,2025-01-07T01:00:00+00:00,20250107,2025-01-07,2025,1,1,January,2,2,Tuesday,false,1,01:00,60,false,0,3,wind_offshore,Wind offshore,renewable,true,3,3427.25,3427.25,reported,actual_generation_de_2024_2025,8118719a1cd35b8bac2f3933ca90094fc3fdbe4eaf8b653e88e4097514ae2f64
2025-01-07T00:00:00+00:00,2025-01-07T01:00:00+00:00,20250107,2025-01-07,2025,1,1,January,2,2,Tuesday,false,1,01:00,60,false,0,4,wind_onshore,Wind onshore,renewable,true,4,38086.50,38086.50,reported,actual_generation_de_2024_2025,8118719a1cd35b8bac2f3933ca90094fc3fdbe4eaf8b653e88e4097514ae2f64
2025-01-07T00:00:00+00:00,2025-01-07T01:00:00+00:00,20250107,2025-01-07,2025,1,1,January,2,2,Tuesday,false,1,01:00,60,false,0,5,solar_photovoltaic,Solar photovoltaic,renewable,true,5,9.00,9.00,reported,actual_generation_de_2024_2025,8118719a1cd35b8bac2f3933ca90094fc3fdbe4eaf8b653e88e4097514ae2f64
2025-01-07T00:00:00+00:00,2025-01-07T01:00:00+00:00,20250107,2025-01-07,2025,1,1,January,2,2,Tuesday,false,1,01:00,60,false,0,6,other_renewable,Other renewable,renewable,true,6,131.75,131.75,reported,actual_generation_de_2024_2025,8118719a1cd35b8bac2f3933ca90094fc3fdbe4eaf8b653e88e4097514ae2f64
2025-01-07T00:00:00+00:00,2025-01-07T01:00:00+00:00,20250107,2025-01-07,2025,1,1,January,2,2,Tuesday,false,1,01:00,60,false,0,7,nuclear,Nuclear,conventional,false,7,,,unavailable,actual_generation_de_2024_2025,8118719a1cd35b8bac2f3933ca90094fc3fdbe4eaf8b653e88e4097514ae2f64
2025-01-07T00:00:00+00:00,2025-01-07T01:00:00+00:00,20250107,2025-01-07,2025,1,1,January,2,2,Tuesday,false,1,01:00,60,false,0,8,lignite,Lignite,conventional,false,8,3747.25,3747.25,reported,actual_generation_de_2024_2025,8118719a1cd35b8bac2f3933ca90094fc3fdbe4eaf8b653e88e4097514ae2f64
2025-01-07T00:00:00+00:00,2025-01-07T01:00:00+00:00,20250107,2025-01-07,2025,1,1,January,2,2,Tuesday,false,1,01:00,60,false,0,9,hard_coal,Hard coal,conventional,false,9,1953.25,1953.25,reported,actual_generation_de_2024_2025,8118719a1cd35b8bac2f3933ca90094fc3fdbe4eaf8b653e88e4097514ae2f64
2025-01-07T00:00:00+00:00,2025-01-07T01:00:00+00:00,20250107,2025-01-07,2025,1,1,January,2,2,Tuesday,false,1,01:00,60,false,0,10,fossil_gas,Fossil gas,conventional,false,10,4041.50,4041.50,reported,actual_generation_de_2024_2025,8118719a1cd35b8bac2f3933ca90094fc3fdbe4eaf8b653e88e4097514ae2f64
2025-01-07T00:00:00+00:00,2025-01-07T01:00:00+00:00,20250107,2025-01-07,2025,1,1,January,2,2,Tuesday,false,1,01:00,60,false,0,11,hydro_pumped_storage,Hydro pumped storage,storage,false,11,40.50,40.50,reported,actual_generation_de_2024_2025,8118719a1cd35b8bac2f3933ca90094fc3fdbe4eaf8b653e88e4097514ae2f64
2025-01-07T00:00:00+00:00,2025-01-07T01:00:00+00:00,20250107,2025-01-07,2025,1,1,January,2,2,Tuesday,false,1,01:00,60,false,0,12,other_conventional,Other conventional,conventional,false,12,1550.00,1550.00,reported,actual_generation_de_2024_2025,8118719a1cd35b8bac2f3933ca90094fc3fdbe4eaf8b653e88e4097514ae2f64
2025-01-07T01:00:00+00:00,2025-01-07T02:00:00+00:00,20250107,2025-01-07,2025,1,1,January,2,2,Tuesday,false,2,02:00,60,false,0,1,biomass,Biomass,renewable,true,1,3668.75,3668.75,reported,actual_generation_de_2024_2025,8118719a1cd35b8bac2f3933ca90094fc3fdbe4eaf8b653e88e4097514ae2f64
2025-01-07T01:00:00+00:00,2025-01-07T02:00:00+00:00,20250107,2025-01-07,2025,1,1,January,2,2,Tuesday,false,2,02:00,60,false,0,2,hydropower,Hydropower,renewable,true,2,1626.00,1626.00,reported,actual_generation_de_2024_2025,8118719a1cd35b8bac2f3933ca90094fc3fdbe4eaf8b653e88e4097514ae2f64
2025-01-07T01:00:00+00:00,2025-01-07T02:00:00+00:00,20250107,2025-01-07,2025,1,1,January,2,2,Tuesday,false,2,02:00,60,false,0,3,wind_offshore,Wind offshore,renewable,true,3,3458.75,3458.75,reported,actual_generation_de_2024_2025,8118719a1cd35b8bac2f3933ca90094fc3fdbe4eaf8b653e88e4097514ae2f64
2025-01-07T01:00:00+00:00,2025-01-07T02:00:00+00:00,20250107,2025-01-07,2025,1,1,January,2,2,Tuesday,false,2,02:00,60,false,0,4,wind_onshore,Wind onshore,renewable,true,4,38062.75,38062.75,reported,actual_generation_de_2024_2025,8118719a1cd35b8bac2f3933ca90094fc3fdbe4eaf8b653e88e4097514ae2f64
2025-01-07T01:00:00+00:00,2025-01-07T02:00:00+00:00,20250107,2025-01-07,2025,1,1,January,2,2,Tuesday,false,2,02:00,60,false,0,5,solar_photovoltaic,Solar photovoltaic,renewable,true,5,9.00,9.00,reported,actual_generation_de_2024_2025,8118719a1cd35b8bac2f3933ca90094fc3fdbe4eaf8b653e88e4097514ae2f64
2025-01-07T01:00:00+00:00,2025-01-07T02:00:00+00:00,20250107,2025-01-07,2025,1,1,January,2,2,Tuesday,false,2,02:00,60,false,0,6,other_renewable,Other renewable,renewable,true,6,132.00,132.00,reported,actual_generation_de_2024_2025,8118719a1cd35b8bac2f3933ca90094fc3fdbe4eaf8b653e88e4097514ae2f64
2025-01-07T01:00:00+00:00,2025-01-07T02:00:00+00:00,20250107,2025-01-07,2025,1,1,January,2,2,Tuesday,false,2,02:00,60,false,0,7,nuclear,Nuclear,conventional,false,7,,,unavailable,actual_generation_de_2024_2025,8118719a1cd35b8bac2f3933ca90094fc3fdbe4eaf8b653e88e4097514ae2f64
2025-01-07T01:00:00+00:00,2025-01-07T02:00:00+00:00,20250107,2025-01-07,2025,1,1,January,2,2,Tuesday,false,2,02:00,60,false,0,8,lignite,Lignite,conventional,false,8,3850.00,3850.00,reported,actual_generation_de_2024_2025,8118719a1cd35b8bac2f3933ca90094fc3fdbe4eaf8b653e88e4097514ae2f64
2025-01-07T01:00:00+00:00,2025-01-07T02:00:00+00:00,20250107,2025-01-07,2025,1,1,January,2,2,Tuesday,false,2,02:00,60,false,0,9,hard_coal,Hard coal,conventional,false,9,1949.50,1949.50,reported,actual_generation_de_2024_2025,8118719a1cd35b8bac2f3933ca90094fc3fdbe4eaf8b653e88e4097514ae2f64
2025-01-07T01:00:00+00:00,2025-01-07T02:00:00+00:00,20250107,2025-01-07,2025,1,1,January,2,2,Tuesday,false,2,02:00,60,false,0,10,fossil_gas,Fossil gas,conventional,false,10,3906.50,3906.50,reported,actual_generation_de_2024_2025,8118719a1cd35b8bac2f3933ca90094fc3fdbe4eaf8b653e88e4097514ae2f64
2025-01-07T01:00:00+00:00,2025-01-07T02:00:00+00:00,20250107,2025-01-07,2025,1,1,January,2,2,Tuesday,false,2,02:00,60,false,0,11,hydro_pumped_storage,Hydro pumped storage,storage,false,11,33.00,33.00,reported,actual_generation_de_2024_2025,8118719a1cd35b8bac2f3933ca90094fc3fdbe4eaf8b653e88e4097514ae2f64
2025-01-07T01:00:00+00:00,2025-01-07T02:00:00+00:00,20250107,2025-01-07,2025,1,1,January,2,2,Tuesday,false,2,02:00,60,false,0,12,other_conventional,Other conventional,conventional,false,12,1577.50,1577.50,reported,actual_generation_de_2024_2025,8118719a1cd35b8bac2f3933ca90094fc3fdbe4eaf8b653e88e4097514ae2f64
2025-01-07T02:00:00+00:00,2025-01-07T03:00:00+00:00,20250107,2025-01-07,2025,1,1,January,2,2,Tuesday,false,3,03:00,60,false,0,1,biomass,Biomass,renewable,true,1,3679.75,3679.75,reported,actual_generation_de_2024_2025,8118719a1cd35b8bac2f3933ca90094fc3fdbe4eaf8b653e88e4097514ae2f64
2025-01-07T02:00:00+00:00,2025-01-07T03:00:00+00:00,20250107,2025-01-07,2025,1,1,January,2,2,Tuesday,false,3,03:00,60,false,0,2,hydropower,Hydropower,renewable,true,2,1642.50,1642.50,reported,actual_generation_de_2024_2025,8118719a1cd35b8bac2f3933ca90094fc3fdbe4eaf8b653e88e4097514ae2f64
2025-01-07T02:00:00+00:00,2025-01-07T03:00:00+00:00,20250107,2025-01-07,2025,1,1,January,2,2,Tuesday,false,3,03:00,60,false,0,3,wind_offshore,Wind offshore,renewable,true,3,3487.75,3487.75,reported,actual_generation_de_2024_2025,8118719a1cd35b8bac2f3933ca90094fc3fdbe4eaf8b653e88e4097514ae2f64
2025-01-07T02:00:00+00:00,2025-01-07T03:00:00+00:00,20250107,2025-01-07,2025,1,1,January,2,2,Tuesday,false,3,03:00,60,false,0,4,wind_onshore,Wind onshore,renewable,true,4,37994.75,37994.75,reported,actual_generation_de_2024_2025,8118719a1cd35b8bac2f3933ca90094fc3fdbe4eaf8b653e88e4097514ae2f64
2025-01-07T02:00:00+00:00,2025-01-07T03:00:00+00:00,20250107,2025-01-07,2025,1,1,January,2,2,Tuesday,false,3,03:00,60,false,0,5,solar_photovoltaic,Solar photovoltaic,renewable,true,5,8.25,8.25,reported,actual_generation_de_2024_2025,8118719a1cd35b8bac2f3933ca90094fc3fdbe4eaf8b653e88e4097514ae2f64
2025-01-07T02:00:00+00:00,2025-01-07T03:00:00+00:00,20250107,2025-01-07,2025,1,1,January,2,2,Tuesday,false,3,03:00,60,false,0,6,other_renewable,Other renewable,renewable,true,6,131.50,131.50,reported,actual_generation_de_2024_2025,8118719a1cd35b8bac2f3933ca90094fc3fdbe4eaf8b653e88e4097514ae2f64
2025-01-07T02:00:00+00:00,2025-01-07T03:00:00+00:00,20250107,2025-01-07,2025,1,1,January,2,2,Tuesday,false,3,03:00,60,false,0,7,nuclear,Nuclear,conventional,false,7,,,unavailable,actual_generation_de_2024_2025,8118719a1cd35b8bac2f3933ca90094fc3fdbe4eaf8b653e88e4097514ae2f64
2025-01-07T02:00:00+00:00,2025-01-07T03:00:00+00:00,20250107,2025-01-07,2025,1,1,January,2,2,Tuesday,false,3,03:00,60,false,0,8,lignite,Lignite,conventional,false,8,3853.50,3853.50,reported,actual_generation_de_2024_2025,8118719a1cd35b8bac2f3933ca90094fc3fdbe4eaf8b653e88e4097514ae2f64
2025-01-07T02:00:00+00:00,2025-01-07T03:00:00+00:00,20250107,2025-01-07,2025,1,1,January,2,2,Tuesday,false,3,03:00,60,false,0,9,hard_coal,Hard coal,conventional,false,9,1939.00,1939.00,reported,actual_generation_de_2024_2025,8118719a1cd35b8bac2f3933ca90094fc3fdbe4eaf8b653e88e4097514ae2f64
2025-01-07T02:00:00+00:00,2025-01-07T03:00:00+00:00,20250107,2025-01-07,2025,1,1,January,2,2,Tuesday,false,3,03:00,60,false,0,10,fossil_gas,Fossil gas,conventional,false,10,3969.50,3969.50,reported,actual_generation_de_2024_2025,8118719a1cd35b8bac2f3933ca90094fc3fdbe4eaf8b653e88e4097514ae2f64
2025-01-07T02:00:00+00:00,2025-01-07T03:00:00+00:00,20250107,2025-01-07,2025,1,1,January,2,2,Tuesday,false,3,03:00,60,false,0,11,hydro_pumped_storage,Hydro pumped storage,storage,false,11,23.75,23.75,reported,actual_generation_de_2024_2025,8118719a1cd35b8bac2f3933ca90094fc3fdbe4eaf8b653e88e4097514ae2f64
2025-01-07T02:00:00+00:00,2025-01-07T03:00:00+00:00,20250107,2025-01-07,2025,1,1,January,2,2,Tuesday,false,3,03:00,60,false,0,12,other_conventional,Other conventional,conventional,false,12,1581.00,1581.00,reported,actual_generation_de_2024_2025,8118719a1cd35b8bac2f3933ca90094fc3fdbe4eaf8b653e88e4097514ae2f64
2025-01-07T03:00:00+00:00,2025-01-07T04:00:00+00:00,20250107,2025-01-07,2025,1,1,January,2,2,Tuesday,false,4,04:00,60,false,0,1,biomass,Biomass,renewable,true,1,3694.75,3694.75,reported,actual_generation_de_2024_2025,8118719a1cd35b8bac2f3933ca90094fc3fdbe4eaf8b653e88e4097514ae2f64
2025-01-07T03:00:00+00:00,2025-01-07T04:00:00+00:00,20250107,2025-01-07,2025,1,1,January,2,2,Tuesday,false,4,04:00,60,false,0,2,hydropower,Hydropower,renewable,true,2,1626.75,1626.75,reported,actual_generation_de_2024_2025,8118719a1cd35b8bac2f3933ca90094fc3fdbe4eaf8b653e88e4097514ae2f64
2025-01-07T03:00:00+00:00,2025-01-07T04:00:00+00:00,20250107,2025-01-07,2025,1,1,January,2,2,Tuesday,false,4,04:00,60,false,0,3,wind_offshore,Wind offshore,renewable,true,3,3592.00,3592.00,reported,actual_generation_de_2024_2025,8118719a1cd35b8bac2f3933ca90094fc3fdbe4eaf8b653e88e4097514ae2f64
2025-01-07T03:00:00+00:00,2025-01-07T04:00:00+00:00,20250107,2025-01-07,2025,1,1,January,2,2,Tuesday,false,4,04:00,60,false,0,4,wind_onshore,Wind onshore,renewable,true,4,37663.50,37663.50,reported,actual_generation_de_2024_2025,8118719a1cd35b8bac2f3933ca90094fc3fdbe4eaf8b653e88e4097514ae2f64
2025-01-07T03:00:00+00:00,2025-01-07T04:00:00+00:00,20250107,2025-01-07,2025,1,1,January,2,2,Tuesday,false,4,04:00,60,false,0,5,solar_photovoltaic,Solar photovoltaic,renewable,true,5,8.00,8.00,reported,actual_generation_de_2024_2025,8118719a1cd35b8bac2f3933ca90094fc3fdbe4eaf8b653e88e4097514ae2f64
2025-01-07T03:00:00+00:00,2025-01-07T04:00:00+00:00,20250107,2025-01-07,2025,1,1,January,2,2,Tuesday,false,4,04:00,60,false,0,6,other_renewable,Other renewable,renewable,true,6,132.00,132.00,reported,actual_generation_de_2024_2025,8118719a1cd35b8bac2f3933ca90094fc3fdbe4eaf8b653e88e4097514ae2f64
2025-01-07T03:00:00+00:00,2025-01-07T04:00:00+00:00,20250107,2025-01-07,2025,1,1,January,2,2,Tuesday,false,4,04:00,60,false,0,7,nuclear,Nuclear,conventional,false,7,,,unavailable,actual_generation_de_2024_2025,8118719a1cd35b8bac2f3933ca90094fc3fdbe4eaf8b653e88e4097514ae2f64
2025-01-07T03:00:00+00:00,2025-01-07T04:00:00+00:00,20250107,2025-01-07,2025,1,1,January,2,2,Tuesday,false,4,04:00,60,false,0,8,lignite,Lignite,conventional,false,8,3856.25,3856.25,reported,actual_generation_de_2024_2025,8118719a1cd35b8bac2f3933ca90094fc3fdbe4eaf8b653e88e4097514ae2f64
2025-01-07T03:00:00+00:00,2025-01-07T04:00:00+00:00,20250107,2025-01-07,2025,1,1,January,2,2,Tuesday,false,4,04:00,60,false,0,9,hard_coal,Hard coal,conventional,false,9,1949.00,1949.00,reported,actual_generation_de_2024_2025,8118719a1cd35b8bac2f3933ca90094fc3fdbe4eaf8b653e88e4097514ae2f64
2025-01-07T03:00:00+00:00,2025-01-07T04:00:00+00:00,20250107,2025-01-07,2025,1,1,January,2,2,Tuesday,false,4,04:00,60,false,0,10,fossil_gas,Fossil gas,conventional,false,10,4038.25,4038.25,reported,actual_generation_de_2024_2025,8118719a1cd35b8bac2f3933ca90094fc3fdbe4eaf8b653e88e4097514ae2f64
2025-01-07T03:00:00+00:00,2025-01-07T04:00:00+00:00,20250107,2025-01-07,2025,1,1,January,2,2,Tuesday,false,4,04:00,60,false,0,11,hydro_pumped_storage,Hydro pumped storage,storage,false,11,125.00,125.00,reported,actual_generation_de_2024_2025,8118719a1cd35b8bac2f3933ca90094fc3fdbe4eaf8b653e88e4097514ae2f64
2025-01-07T03:00:00+00:00,2025-01-07T04:00:00+00:00,20250107,2025-01-07,2025,1,1,January,2,2,Tuesday,false,4,04:00,60,false,0,12,other_conventional,Other conventional,conventional,false,12,1590.25,1590.25,reported,actual_generation_de_2024_2025,8118719a1cd35b8bac2f3933ca90094fc3fdbe4eaf8b653e88e4097514ae2f64
2025-01-07T04:00:00+00:00,2025-01-07T05:00:00+00:00,20250107,2025-01-07,2025,1,1,January,2,2,Tuesday,false,5,05:00,60,false,0,1,biomass,Biomass,renewable,true,1,3729.50,3729.50,reported,actual_generation_de_2024_2025,8118719a1cd35b8bac2f3933ca90094fc3fdbe4eaf8b653e88e4097514ae2f64
2025-01-07T04:00:00+00:00,2025-01-07T05:00:00+00:00,20250107,2025-01-07,2025,1,1,January,2,2,Tuesday,false,5,05:00,60,false,0,2,hydropower,Hydropower,renewable,true,2,1622.50,1622.50,reported,actual_generation_de_2024_2025,8118719a1cd35b8bac2f3933ca90094fc3fdbe4eaf8b653e88e4097514ae2f64
2025-01-07T04:00:00+00:00,2025-01-07T05:00:00+00:00,20250107,2025-01-07,2025,1,1,January,2,2,Tuesday,false,5,05:00,60,false,0,3,wind_offshore,Wind offshore,renewable,true,3,3226.50,3226.50,reported,actual_generation_de_2024_2025,8118719a1cd35b8bac2f3933ca90094fc3fdbe4eaf8b653e88e4097514ae2f64
2025-01-07T04:00:00+00:00,2025-01-07T05:00:00+00:00,20250107,2025-01-07,2025,1,1,January,2,2,Tuesday,false,5,05:00,60,false,0,4,wind_onshore,Wind onshore,renewable,true,4,37455.25,37455.25,reported,actual_generation_de_2024_2025,8118719a1cd35b8bac2f3933ca90094fc3fdbe4eaf8b653e88e4097514ae2f64
2025-01-07T04:00:00+00:00,2025-01-07T05:00:00+00:00,20250107,2025-01-07,2025,1,1,January,2,2,Tuesday,false,5,05:00,60,false,0,5,solar_photovoltaic,Solar photovoltaic,renewable,true,5,8.25,8.25,reported,actual_generation_de_2024_2025,8118719a1cd35b8bac2f3933ca90094fc3fdbe4eaf8b653e88e4097514ae2f64
2025-01-07T04:00:00+00:00,2025-01-07T05:00:00+00:00,20250107,2025-01-07,2025,1,1,January,2,2,Tuesday,false,5,05:00,60,false,0,6,other_renewable,Other renewable,renewable,true,6,130.25,130.25,reported,actual_generation_de_2024_2025,8118719a1cd35b8bac2f3933ca90094fc3fdbe4eaf8b653e88e4097514ae2f64
2025-01-07T04:00:00+00:00,2025-01-07T05:00:00+00:00,20250107,2025-01-07,2025,1,1,January,2,2,Tuesday,false,5,05:00,60,false,0,7,nuclear,Nuclear,conventional,false,7,,,unavailable,actual_generation_de_2024_2025,8118719a1cd35b8bac2f3933ca90094fc3fdbe4eaf8b653e88e4097514ae2f64
2025-01-07T04:00:00+00:00,2025-01-07T05:00:00+00:00,20250107,2025-01-07,2025,1,1,January,2,2,Tuesday,false,5,05:00,60,false,0,8,lignite,Lignite,conventional,false,8,3966.75,3966.75,reported,actual_generation_de_2024_2025,8118719a1cd35b8bac2f3933ca90094fc3fdbe4eaf8b653e88e4097514ae2f64
2025-01-07T04:00:00+00:00,2025-01-07T05:00:00+00:00,20250107,2025-01-07,2025,1,1,January,2,2,Tuesday,false,5,05:00,60,false,0,9,hard_coal,Hard coal,conventional,false,9,2271.00,2271.00,reported,actual_generation_de_2024_2025,8118719a1cd35b8bac2f3933ca90094fc3fdbe4eaf8b653e88e4097514ae2f64
2025-01-07T04:00:00+00:00,2025-01-07T05:00:00+00:00,20250107,2025-01-07,2025,1,1,January,2,2,Tuesday,false,5,05:00,60,false,0,10,fossil_gas,Fossil gas,conventional,false,10,4744.00,4744.00,reported,actual_generation_de_2024_2025,8118719a1cd35b8bac2f3933ca90094fc3fdbe4eaf8b653e88e4097514ae2f64
2025-01-07T04:00:00+00:00,2025-01-07T05:00:00+00:00,20250107,2025-01-07,2025,1,1,January,2,2,Tuesday,false,5,05:00,60,false,0,11,hydro_pumped_storage,Hydro pumped storage,storage,false,11,448.75,448.75,reported,actual_generation_de_2024_2025,8118719a1cd35b8bac2f3933ca90094fc3fdbe4eaf8b653e88e4097514ae2f64
2025-01-07T04:00:00+00:00,2025-01-07T05:00:00+00:00,20250107,2025-01-07,2025,1,1,January,2,2,Tuesday,false,5,05:00,60,false,0,12,other_conventional,Other conventional,conventional,false,12,1617.75,1617.75,reported,actual_generation_de_2024_2025,8118719a1cd35b8bac2f3933ca90094fc3fdbe4eaf8b653e88e4097514ae2f64
2025-01-07T05:00:00+00:00,2025-01-07T06:00:00+00:00,20250107,2025-01-07,2025,1,1,January,2,2,Tuesday,false,6,06:00,60,false,0,1,biomass,Biomass,renewable,true,1,3867.25,3867.25,reported,actual_generation_de_2024_2025,8118719a1cd35b8bac2f3933ca90094fc3fdbe4eaf8b653e88e4097514ae2f64
2025-01-07T05:00:00+00:00,2025-01-07T06:00:00+00:00,20250107,2025-01-07,2025,1,1,January,2,2,Tuesday,false,6,06:00,60,false,0,2,hydropower,Hydropower,renewable,true,2,1737.25,1737.25,reported,actual_generation_de_2024_2025,8118719a1cd35b8bac2f3933ca90094fc3fdbe4eaf8b653e88e4097514ae2f64
2025-01-07T05:00:00+00:00,2025-01-07T06:00:00+00:00,20250107,2025-01-07,2025,1,1,January,2,2,Tuesday,false,6,06:00,60,false,0,3,wind_offshore,Wind offshore,renewable,true,3,2558.75,2558.75,reported,actual_generation_de_2024_2025,8118719a1cd35b8bac2f3933ca90094fc3fdbe4eaf8b653e88e4097514ae2f64
2025-01-07T05:00:00+00:00,2025-01-07T06:00:00+00:00,20250107,2025-01-07,2025,1,1,January,2,2,Tuesday,false,6,06:00,60,false,0,4,wind_onshore,Wind onshore,renewable,true,4,39360.50,39360.50,reported,actual_generation_de_2024_2025,8118719a1cd35b8bac2f3933ca90094fc3fdbe4eaf8b653e88e4097514ae2f64
2025-01-07T05:00:00+00:00,2025-01-07T06:00:00+00:00,20250107,2025-01-07,2025,1,1,January,2,2,Tuesday,false,6,06:00,60,false,0,5,solar_photovoltaic,Solar photovoltaic,renewable,true,5,10.75,10.75,reported,actual_generation_de_2024_2025,8118719a1cd35b8bac2f3933ca90094fc3fdbe4eaf8b653e88e4097514ae2f64
2025-01-07T05:00:00+00:00,2025-01-07T06:00:00+00:00,20250107,2025-01-07,2025,1,1,January,2,2,Tuesday,false,6,06:00,60,false,0,6,other_renewable,Other renewable,renewable,true,6,131.25,131.25,reported,actual_generation_de_2024_2025,8118719a1cd35b8bac2f3933ca90094fc3fdbe4eaf8b653e88e4097514ae2f64
2025-01-07T05:00:00+00:00,2025-01-07T06:00:00+00:00,20250107,2025-01-07,2025,1,1,January,2,2,Tuesday,false,6,06:00,60,false,0,7,nuclear,Nuclear,conventional,false,7,,,unavailable,actual_generation_de_2024_2025,8118719a1cd35b8bac2f3933ca90094fc3fdbe4eaf8b653e88e4097514ae2f64
2025-01-07T05:00:00+00:00,2025-01-07T06:00:00+00:00,20250107,2025-01-07,2025,1,1,January,2,2,Tuesday,false,6,06:00,60,false,0,8,lignite,Lignite,conventional,false,8,4305.50,4305.50,reported,actual_generation_de_2024_2025,8118719a1cd35b8bac2f3933ca90094fc3fdbe4eaf8b653e88e4097514ae2f64
2025-01-07T05:00:00+00:00,2025-01-07T06:00:00+00:00,20250107,2025-01-07,2025,1,1,January,2,2,Tuesday,false,6,06:00,60,false,0,9,hard_coal,Hard coal,conventional,false,9,2643.50,2643.50,reported,actual_generation_de_2024_2025,8118719a1cd35b8bac2f3933ca90094fc3fdbe4eaf8b653e88e4097514ae2f64
2025-01-07T05:00:00+00:00,2025-01-07T06:00:00+00:00,20250107,2025-01-07,2025,1,1,January,2,2,Tuesday,false,6,06:00,60,false,0,10,fossil_gas,Fossil gas,conventional,false,10,6034.00,6034.00,reported,actual_generation_de_2024_2025,8118719a1cd35b8bac2f3933ca90094fc3fdbe4eaf8b653e88e4097514ae2f64
2025-01-07T05:00:00+00:00,2025-01-07T06:00:00+00:00,20250107,2025-01-07,2025,1,1,January,2,2,Tuesday,false,6,06:00,60,false,0,11,hydro_pumped_storage,Hydro pumped storage,storage,false,11,680.75,680.75,reported,actual_generation_de_2024_2025,8118719a1cd35b8bac2f3933ca90094fc3fdbe4eaf8b653e88e4097514ae2f64
2025-01-07T05:00:00+00:00,2025-01-07T06:00:00+00:00,20250107,2025-01-07,2025,1,1,January,2,2,Tuesday,false,6,06:00,60,false,0,12,other_conventional,Other conventional,conventional,false,12,1613.75,1613.75,reported,actual_generation_de_2024_2025,8118719a1cd35b8bac2f3933ca90094fc3fdbe4eaf8b653e88e4097514ae2f64
2025-01-07T06:00:00+00:00,2025-01-07T07:00:00+00:00,20250107,2025-01-07,2025,1,1,January,2,2,Tuesday,false,7,07:00,60,false,0,1,biomass,Biomass,renewable,true,1,4108.50,4108.50,reported,actual_generation_de_2024_2025,8118719a1cd35b8bac2f3933ca90094fc3fdbe4eaf8b653e88e4097514ae2f64
2025-01-07T06:00:00+00:00,2025-01-07T07:00:00+00:00,20250107,2025-01-07,2025,1,1,January,2,2,Tuesday,false,7,07:00,60,false,0,2,hydropower,Hydropower,renewable,true,2,1828.50,1828.50,reported,actual_generation_de_2024_2025,8118719a1cd35b8bac2f3933ca90094fc3fdbe4eaf8b653e88e4097514ae2f64
2025-01-07T06:00:00+00:00,2025-01-07T07:00:00+00:00,20250107,2025-01-07,2025,1,1,January,2,2,Tuesday,false,7,07:00,60,false,0,3,wind_offshore,Wind offshore,renewable,true,3,3113.25,3113.25,reported,actual_generation_de_2024_2025,8118719a1cd35b8bac2f3933ca90094fc3fdbe4eaf8b653e88e4097514ae2f64
2025-01-07T06:00:00+00:00,2025-01-07T07:00:00+00:00,20250107,2025-01-07,2025,1,1,January,2,2,Tuesday,false,7,07:00,60,false,0,4,wind_onshore,Wind onshore,renewable,true,4,38608.00,38608.00,reported,actual_generation_de_2024_2025,8118719a1cd35b8bac2f3933ca90094fc3fdbe4eaf8b653e88e4097514ae2f64
2025-01-07T06:00:00+00:00,2025-01-07T07:00:00+00:00,20250107,2025-01-07,2025,1,1,January,2,2,Tuesday,false,7,07:00,60,false,0,5,solar_photovoltaic,Solar photovoltaic,renewable,true,5,19.25,19.25,reported,actual_generation_de_2024_2025,8118719a1cd35b8bac2f3933ca90094fc3fdbe4eaf8b653e88e4097514ae2f64
2025-01-07T06:00:00+00:00,2025-01-07T07:00:00+00:00,20250107,2025-01-07,2025,1,1,January,2,2,Tuesday,false,7,07:00,60,false,0,6,other_renewable,Other renewable,renewable,true,6,129.25,129.25,reported,actual_generation_de_2024_2025,8118719a1cd35b8bac2f3933ca90094fc3fdbe4eaf8b653e88e4097514ae2f64
2025-01-07T06:00:00+00:00,2025-01-07T07:00:00+00:00,20250107,2025-01-07,2025,1,1,January,2,2,Tuesday,false,7,07:00,60,false,0,7,nuclear,Nuclear,conventional,false,7,,,unavailable,actual_generation_de_2024_2025,8118719a1cd35b8bac2f3933ca90094fc3fdbe4eaf8b653e88e4097514ae2f64
2025-01-07T06:00:00+00:00,2025-01-07T07:00:00+00:00,20250107,2025-01-07,2025,1,1,January,2,2,Tuesday,false,7,07:00,60,false,0,8,lignite,Lignite,conventional,false,8,5468.00,5468.00,reported,actual_generation_de_2024_2025,8118719a1cd35b8bac2f3933ca90094fc3fdbe4eaf8b653e88e4097514ae2f64
2025-01-07T06:00:00+00:00,2025-01-07T07:00:00+00:00,20250107,2025-01-07,2025,1,1,January,2,2,Tuesday,false,7,07:00,60,false,0,9,hard_coal,Hard coal,conventional,false,9,2915.50,2915.50,reported,actual_generation_de_2024_2025,8118719a1cd35b8bac2f3933ca90094fc3fdbe4eaf8b653e88e4097514ae2f64
2025-01-07T06:00:00+00:00,2025-01-07T07:00:00+00:00,20250107,2025-01-07,2025,1,1,January,2,2,Tuesday,false,7,07:00,60,false,0,10,fossil_gas,Fossil gas,conventional,false,10,7807.25,7807.25,reported,actual_generation_de_2024_2025,8118719a1cd35b8bac2f3933ca90094fc3fdbe4eaf8b653e88e4097514ae2f64
2025-01-07T06:00:00+00:00,2025-01-07T07:00:00+00:00,20250107,2025-01-07,2025,1,1,January,2,2,Tuesday,false,7,07:00,60,false,0,11,hydro_pumped_storage,Hydro pumped storage,storage,false,11,1333.50,1333.50,reported,actual_generation_de_2024_2025,8118719a1cd35b8bac2f3933ca90094fc3fdbe4eaf8b653e88e4097514ae2f64
2025-01-07T06:00:00+00:00,2025-01-07T07:00:00+00:00,20250107,2025-01-07,2025,1,1,January,2,2,Tuesday,false,7,07:00,60,false,0,12,other_conventional,Other conventional,conventional,false,12,1592.00,1592.00,reported,actual_generation_de_2024_2025,8118719a1cd35b8bac2f3933ca90094fc3fdbe4eaf8b653e88e4097514ae2f64
2025-01-07T07:00:00+00:00,2025-01-07T08:00:00+00:00,20250107,2025-01-07,2025,1,1,January,2,2,Tuesday,false,8,08:00,60,false,0,1,biomass,Biomass,renewable,true,1,4306.25,4306.25,reported,actual_generation_de_2024_2025,8118719a1cd35b8bac2f3933ca90094fc3fdbe4eaf8b653e88e4097514ae2f64
2025-01-07T07:00:00+00:00,2025-01-07T08:00:00+00:00,20250107,2025-01-07,2025,1,1,January,2,2,Tuesday,false,8,08:00,60,false,0,2,hydropower,Hydropower,renewable,true,2,1914.75,1914.75,reported,actual_generation_de_2024_2025,8118719a1cd35b8bac2f3933ca90094fc3fdbe4eaf8b653e88e4097514ae2f64
2025-01-07T07:00:00+00:00,2025-01-07T08:00:00+00:00,20250107,2025-01-07,2025,1,1,January,2,2,Tuesday,false,8,08:00,60,false,0,3,wind_offshore,Wind offshore,renewable,true,3,4082.75,4082.75,reported,actual_generation_de_2024_2025,8118719a1cd35b8bac2f3933ca90094fc3fdbe4eaf8b653e88e4097514ae2f64
2025-01-07T07:00:00+00:00,2025-01-07T08:00:00+00:00,20250107,2025-01-07,2025,1,1,January,2,2,Tuesday,false,8,08:00,60,false,0,4,wind_onshore,Wind onshore,renewable,true,4,37744.25,37744.25,reported,actual_generation_de_2024_2025,8118719a1cd35b8bac2f3933ca90094fc3fdbe4eaf8b653e88e4097514ae2f64
2025-01-07T07:00:00+00:00,2025-01-07T08:00:00+00:00,20250107,2025-01-07,2025,1,1,January,2,2,Tuesday,false,8,08:00,60,false,0,5,solar_photovoltaic,Solar photovoltaic,renewable,true,5,409.50,409.50,reported,actual_generation_de_2024_2025,8118719a1cd35b8bac2f3933ca90094fc3fdbe4eaf8b653e88e4097514ae2f64
2025-01-07T07:00:00+00:00,2025-01-07T08:00:00+00:00,20250107,2025-01-07,2025,1,1,January,2,2,Tuesday,false,8,08:00,60,false,0,6,other_renewable,Other renewable,renewable,true,6,128.75,128.75,reported,actual_generation_de_2024_2025,8118719a1cd35b8bac2f3933ca90094fc3fdbe4eaf8b653e88e4097514ae2f64
2025-01-07T07:00:00+00:00,2025-01-07T08:00:00+00:00,20250107,2025-01-07,2025,1,1,January,2,2,Tuesday,false,8,08:00,60,false,0,7,nuclear,Nuclear,conventional,false,7,,,unavailable,actual_generation_de_2024_2025,8118719a1cd35b8bac2f3933ca90094fc3fdbe4eaf8b653e88e4097514ae2f64
2025-01-07T07:00:00+00:00,2025-01-07T08:00:00+00:00,20250107,2025-01-07,2025,1,1,January,2,2,Tuesday,false,8,08:00,60,false,0,8,lignite,Lignite,conventional,false,8,6184.00,6184.00,reported,actual_generation_de_2024_2025,8118719a1cd35b8bac2f3933ca90094fc3fdbe4eaf8b653e88e4097514ae2f64
2025-01-07T07:00:00+00:00,2025-01-07T08:00:00+00:00,20250107,2025-01-07,2025,1,1,January,2,2,Tuesday,false,8,08:00,60,false,0,9,hard_coal,Hard coal,conventional,false,9,3088.75,3088.75,reported,actual_generation_de_2024_2025,8118719a1cd35b8bac2f3933ca90094fc3fdbe4eaf8b653e88e4097514ae2f64
2025-01-07T07:00:00+00:00,2025-01-07T08:00:00+00:00,20250107,2025-01-07,2025,1,1,January,2,2,Tuesday,false,8,08:00,60,false,0,10,fossil_gas,Fossil gas,conventional,false,10,8011.25,8011.25,reported,actual_generation_de_2024_2025,8118719a1cd35b8bac2f3933ca90094fc3fdbe4eaf8b653e88e4097514ae2f64
2025-01-07T07:00:00+00:00,2025-01-07T08:00:00+00:00,20250107,2025-01-07,2025,1,1,January,2,2,Tuesday,false,8,08:00,60,false,0,11,hydro_pumped_storage,Hydro pumped storage,storage,false,11,3437.00,3437.00,reported,actual_generation_de_2024_2025,8118719a1cd35b8bac2f3933ca90094fc3fdbe4eaf8b653e88e4097514ae2f64
2025-01-07T07:00:00+00:00,2025-01-07T08:00:00+00:00,20250107,2025-01-07,2025,1,1,January,2,2,Tuesday,false,8,08:00,60,false,0,12,other_conventional,Other conventional,conventional,false,12,1591.50,1591.50,reported,actual_generation_de_2024_2025,8118719a1cd35b8bac2f3933ca90094fc3fdbe4eaf8b653e88e4097514ae2f64
2025-01-07T08:00:00+00:00,2025-01-07T09:00:00+00:00,20250107,2025-01-07,2025,1,1,January,2,2,Tuesday,false,9,09:00,60,false,0,1,biomass,Biomass,renewable,true,1,4359.00,4359.00,reported,actual_generation_de_2024_2025,8118719a1cd35b8bac2f3933ca90094fc3fdbe4eaf8b653e88e4097514ae2f64
2025-01-07T08:00:00+00:00,2025-01-07T09:00:00+00:00,20250107,2025-01-07,2025,1,1,January,2,2,Tuesday,false,9,09:00,60,false,0,2,hydropower,Hydropower,renewable,true,2,1827.75,1827.75,reported,actual_generation_de_2024_2025,8118719a1cd35b8bac2f3933ca90094fc3fdbe4eaf8b653e88e4097514ae2f64
2025-01-07T08:00:00+00:00,2025-01-07T09:00:00+00:00,20250107,2025-01-07,2025,1,1,January,2,2,Tuesday,false,9,09:00,60,false,0,3,wind_offshore,Wind offshore,renewable,true,3,4332.50,4332.50,reported,actual_generation_de_2024_2025,8118719a1cd35b8bac2f3933ca90094fc3fdbe4eaf8b653e88e4097514ae2f64
2025-01-07T08:00:00+00:00,2025-01-07T09:00:00+00:00,20250107,2025-01-07,2025,1,1,January,2,2,Tuesday,false,9,09:00,60,false,0,4,wind_onshore,Wind onshore,renewable,true,4,35772.50,35772.50,reported,actual_generation_de_2024_2025,8118719a1cd35b8bac2f3933ca90094fc3fdbe4eaf8b653e88e4097514ae2f64
2025-01-07T08:00:00+00:00,2025-01-07T09:00:00+00:00,20250107,2025-01-07,2025,1,1,January,2,2,Tuesday,false,9,09:00,60,false,0,5,solar_photovoltaic,Solar photovoltaic,renewable,true,5,3082.75,3082.75,reported,actual_generation_de_2024_2025,8118719a1cd35b8bac2f3933ca90094fc3fdbe4eaf8b653e88e4097514ae2f64
2025-01-07T08:00:00+00:00,2025-01-07T09:00:00+00:00,20250107,2025-01-07,2025,1,1,January,2,2,Tuesday,false,9,09:00,60,false,0,6,other_renewable,Other renewable,renewable,true,6,126.50,126.50,reported,actual_generation_de_2024_2025,8118719a1cd35b8bac2f3933ca90094fc3fdbe4eaf8b653e88e4097514ae2f64
2025-01-07T08:00:00+00:00,2025-01-07T09:00:00+00:00,20250107,2025-01-07,2025,1,1,January,2,2,Tuesday,false,9,09:00,60,false,0,7,nuclear,Nuclear,conventional,false,7,,,unavailable,actual_generation_de_2024_2025,8118719a1cd35b8bac2f3933ca90094fc3fdbe4eaf8b653e88e4097514ae2f64
2025-01-07T08:00:00+00:00,2025-01-07T09:00:00+00:00,20250107,2025-01-07,2025,1,1,January,2,2,Tuesday,false,9,09:00,60,false,0,8,lignite,Lignite,conventional,false,8,6266.00,6266.00,reported,actual_generation_de_2024_2025,8118719a1cd35b8bac2f3933ca90094fc3fdbe4eaf8b653e88e4097514ae2f64
2025-01-07T08:00:00+00:00,2025-01-07T09:00:00+00:00,20250107,2025-01-07,2025,1,1,January,2,2,Tuesday,false,9,09:00,60,false,0,9,hard_coal,Hard coal,conventional,false,9,3263.50,3263.50,reported,actual_generation_de_2024_2025,8118719a1cd35b8bac2f3933ca90094fc3fdbe4eaf8b653e88e4097514ae2f64
2025-01-07T08:00:00+00:00,2025-01-07T09:00:00+00:00,20250107,2025-01-07,2025,1,1,January,2,2,Tuesday,false,9,09:00,60,false,0,10,fossil_gas,Fossil gas,conventional,false,10,8206.50,8206.50,reported,actual_generation_de_2024_2025,8118719a1cd35b8bac2f3933ca90094fc3fdbe4eaf8b653e88e4097514ae2f64
2025-01-07T08:00:00+00:00,2025-01-07T09:00:00+00:00,20250107,2025-01-07,2025,1,1,January,2,2,Tuesday,false,9,09:00,60,false,0,11,hydro_pumped_storage,Hydro pumped storage,storage,false,11,3315.25,3315.25,reported,actual_generation_de_2024_2025,8118719a1cd35b8bac2f3933ca90094fc3fdbe4eaf8b653e88e4097514ae2f64
2025-01-07T08:00:00+00:00,2025-01-07T09:00:00+00:00,20250107,2025-01-07,2025,1,1,January,2,2,Tuesday,false,9,09:00,60,false,0,12,other_conventional,Other conventional,conventional,false,12,1550.25,1550.25,reported,actual_generation_de_2024_2025,8118719a1cd35b8bac2f3933ca90094fc3fdbe4eaf8b653e88e4097514ae2f64
2025-01-07T09:00:00+00:00,2025-01-07T10:00:00+00:00,20250107,2025-01-07,2025,1,1,January,2,2,Tuesday,false,10,10:00,60,false,0,1,biomass,Biomass,renewable,true,1,4250.75,4250.75,reported,actual_generation_de_2024_2025,8118719a1cd35b8bac2f3933ca90094fc3fdbe4eaf8b653e88e4097514ae2f64
2025-01-07T09:00:00+00:00,2025-01-07T10:00:00+00:00,20250107,2025-01-07,2025,1,1,January,2,2,Tuesday,false,10,10:00,60,false,0,2,hydropower,Hydropower,renewable,true,2,1708.75,1708.75,reported,actual_generation_de_2024_2025,8118719a1cd35b8bac2f3933ca90094fc3fdbe4eaf8b653e88e4097514ae2f64
2025-01-07T09:00:00+00:00,2025-01-07T10:00:00+00:00,20250107,2025-01-07,2025,1,1,January,2,2,Tuesday,false,10,10:00,60,false,0,3,wind_offshore,Wind offshore,renewable,true,3,3874.50,3874.50,reported,actual_generation_de_2024_2025,8118719a1cd35b8bac2f3933ca90094fc3fdbe4eaf8b653e88e4097514ae2f64
2025-01-07T09:00:00+00:00,2025-01-07T10:00:00+00:00,20250107,2025-01-07,2025,1,1,January,2,2,Tuesday,false,10,10:00,60,false,0,4,wind_onshore,Wind onshore,renewable,true,4,35109.50,35109.50,reported,actual_generation_de_2024_2025,8118719a1cd35b8bac2f3933ca90094fc3fdbe4eaf8b653e88e4097514ae2f64
2025-01-07T09:00:00+00:00,2025-01-07T10:00:00+00:00,20250107,2025-01-07,2025,1,1,January,2,2,Tuesday,false,10,10:00,60,false,0,5,solar_photovoltaic,Solar photovoltaic,renewable,true,5,6777.75,6777.75,reported,actual_generation_de_2024_2025,8118719a1cd35b8bac2f3933ca90094fc3fdbe4eaf8b653e88e4097514ae2f64
2025-01-07T09:00:00+00:00,2025-01-07T10:00:00+00:00,20250107,2025-01-07,2025,1,1,January,2,2,Tuesday,false,10,10:00,60,false,0,6,other_renewable,Other renewable,renewable,true,6,124.75,124.75,reported,actual_generation_de_2024_2025,8118719a1cd35b8bac2f3933ca90094fc3fdbe4eaf8b653e88e4097514ae2f64
2025-01-07T09:00:00+00:00,2025-01-07T10:00:00+00:00,20250107,2025-01-07,2025,1,1,January,2,2,Tuesday,false,10,10:00,60,false,0,7,nuclear,Nuclear,conventional,false,7,,,unavailable,actual_generation_de_2024_2025,8118719a1cd35b8bac2f3933ca90094fc3fdbe4eaf8b653e88e4097514ae2f64
2025-01-07T09:00:00+00:00,2025-01-07T10:00:00+00:00,20250107,2025-01-07,2025,1,1,January,2,2,Tuesday,false,10,10:00,60,false,0,8,lignite,Lignite,conventional,false,8,6137.75,6137.75,reported,actual_generation_de_2024_2025,8118719a1cd35b8bac2f3933ca90094fc3fdbe4eaf8b653e88e4097514ae2f64
2025-01-07T09:00:00+00:00,2025-01-07T10:00:00+00:00,20250107,2025-01-07,2025,1,1,January,2,2,Tuesday,false,10,10:00,60,false,0,9,hard_coal,Hard coal,conventional,false,9,3150.25,3150.25,reported,actual_generation_de_2024_2025,8118719a1cd35b8bac2f3933ca90094fc3fdbe4eaf8b653e88e4097514ae2f64
2025-01-07T09:00:00+00:00,2025-01-07T10:00:00+00:00,20250107,2025-01-07,2025,1,1,January,2,2,Tuesday,false,10,10:00,60,false,0,10,fossil_gas,Fossil gas,conventional,false,10,7908.75,7908.75,reported,actual_generation_de_2024_2025,8118719a1cd35b8bac2f3933ca90094fc3fdbe4eaf8b653e88e4097514ae2f64
2025-01-07T09:00:00+00:00,2025-01-07T10:00:00+00:00,20250107,2025-01-07,2025,1,1,January,2,2,Tuesday,false,10,10:00,60,false,0,11,hydro_pumped_storage,Hydro pumped storage,storage,false,11,617.50,617.50,reported,actual_generation_de_2024_2025,8118719a1cd35b8bac2f3933ca90094fc3fdbe4eaf8b653e88e4097514ae2f64
2025-01-07T09:00:00+00:00,2025-01-07T10:00:00+00:00,20250107,2025-01-07,2025,1,1,January,2,2,Tuesday,false,10,10:00,60,false,0,12,other_conventional,Other conventional,conventional,false,12,1528.75,1528.75,reported,actual_generation_de_2024_2025,8118719a1cd35b8bac2f3933ca90094fc3fdbe4eaf8b653e88e4097514ae2f64
2025-01-07T10:00:00+00:00,2025-01-07T11:00:00+00:00,20250107,2025-01-07,2025,1,1,January,2,2,Tuesday,false,11,11:00,60,false,0,1,biomass,Biomass,renewable,true,1,4106.25,4106.25,reported,actual_generation_de_2024_2025,8118719a1cd35b8bac2f3933ca90094fc3fdbe4eaf8b653e88e4097514ae2f64
2025-01-07T10:00:00+00:00,2025-01-07T11:00:00+00:00,20250107,2025-01-07,2025,1,1,January,2,2,Tuesday,false,11,11:00,60,false,0,2,hydropower,Hydropower,renewable,true,2,1715.00,1715.00,reported,actual_generation_de_2024_2025,8118719a1cd35b8bac2f3933ca90094fc3fdbe4eaf8b653e88e4097514ae2f64
2025-01-07T10:00:00+00:00,2025-01-07T11:00:00+00:00,20250107,2025-01-07,2025,1,1,January,2,2,Tuesday,false,11,11:00,60,false,0,3,wind_offshore,Wind offshore,renewable,true,3,3710.00,3710.00,reported,actual_generation_de_2024_2025,8118719a1cd35b8bac2f3933ca90094fc3fdbe4eaf8b653e88e4097514ae2f64
2025-01-07T10:00:00+00:00,2025-01-07T11:00:00+00:00,20250107,2025-01-07,2025,1,1,January,2,2,Tuesday,false,11,11:00,60,false,0,4,wind_onshore,Wind onshore,renewable,true,4,35711.50,35711.50,reported,actual_generation_de_2024_2025,8118719a1cd35b8bac2f3933ca90094fc3fdbe4eaf8b653e88e4097514ae2f64
2025-01-07T10:00:00+00:00,2025-01-07T11:00:00+00:00,20250107,2025-01-07,2025,1,1,January,2,2,Tuesday,false,11,11:00,60,false,0,5,solar_photovoltaic,Solar photovoltaic,renewable,true,5,9273.00,9273.00,reported,actual_generation_de_2024_2025,8118719a1cd35b8bac2f3933ca90094fc3fdbe4eaf8b653e88e4097514ae2f64
2025-01-07T10:00:00+00:00,2025-01-07T11:00:00+00:00,20250107,2025-01-07,2025,1,1,January,2,2,Tuesday,false,11,11:00,60,false,0,6,other_renewable,Other renewable,renewable,true,6,126.25,126.25,reported,actual_generation_de_2024_2025,8118719a1cd35b8bac2f3933ca90094fc3fdbe4eaf8b653e88e4097514ae2f64
2025-01-07T10:00:00+00:00,2025-01-07T11:00:00+00:00,20250107,2025-01-07,2025,1,1,January,2,2,Tuesday,false,11,11:00,60,false,0,7,nuclear,Nuclear,conventional,false,7,,,unavailable,actual_generation_de_2024_2025,8118719a1cd35b8bac2f3933ca90094fc3fdbe4eaf8b653e88e4097514ae2f64
2025-01-07T10:00:00+00:00,2025-01-07T11:00:00+00:00,20250107,2025-01-07,2025,1,1,January,2,2,Tuesday,false,11,11:00,60,false,0,8,lignite,Lignite,conventional,false,8,5657.75,5657.75,reported,actual_generation_de_2024_2025,8118719a1cd35b8bac2f3933ca90094fc3fdbe4eaf8b653e88e4097514ae2f64
2025-01-07T10:00:00+00:00,2025-01-07T11:00:00+00:00,20250107,2025-01-07,2025,1,1,January,2,2,Tuesday,false,11,11:00,60,false,0,9,hard_coal,Hard coal,conventional,false,9,3073.00,3073.00,reported,actual_generation_de_2024_2025,8118719a1cd35b8bac2f3933ca90094fc3fdbe4eaf8b653e88e4097514ae2f64
2025-01-07T10:00:00+00:00,2025-01-07T11:00:00+00:00,20250107,2025-01-07,2025,1,1,January,2,2,Tuesday,false,11,11:00,60,false,0,10,fossil_gas,Fossil gas,conventional,false,10,7559.00,7559.00,reported,actual_generation_de_2024_2025,8118719a1cd35b8bac2f3933ca90094fc3fdbe4eaf8b653e88e4097514ae2f64
2025-01-07T10:00:00+00:00,2025-01-07T11:00:00+00:00,20250107,2025-01-07,2025,1,1,January,2,2,Tuesday,false,11,11:00,60,false,0,11,hydro_pumped_storage,Hydro pumped storage,storage,false,11,56.75,56.75,reported,actual_generation_de_2024_2025,8118719a1cd35b8bac2f3933ca90094fc3fdbe4eaf8b653e88e4097514ae2f64
2025-01-07T10:00:00+00:00,2025-01-07T11:00:00+00:00,20250107,2025-01-07,2025,1,1,January,2,2,Tuesday,false,11,11:00,60,false,0,12,other_conventional,Other conventional,conventional,false,12,1513.50,1513.50,reported,actual_generation_de_2024_2025,8118719a1cd35b8bac2f3933ca90094fc3fdbe4eaf8b653e88e4097514ae2f64
2025-01-07T11:00:00+00:00,2025-01-07T12:00:00+00:00,20250107,2025-01-07,2025,1,1,January,2,2,Tuesday,false,12,12:00,60,false,0,1,biomass,Biomass,renewable,true,1,4023.75,4023.75,reported,actual_generation_de_2024_2025,8118719a1cd35b8bac2f3933ca90094fc3fdbe4eaf8b653e88e4097514ae2f64
2025-01-07T11:00:00+00:00,2025-01-07T12:00:00+00:00,20250107,2025-01-07,2025,1,1,January,2,2,Tuesday,false,12,12:00,60,false,0,2,hydropower,Hydropower,renewable,true,2,1715.50,1715.50,reported,actual_generation_de_2024_2025,8118719a1cd35b8bac2f3933ca90094fc3fdbe4eaf8b653e88e4097514ae2f64
2025-01-07T11:00:00+00:00,2025-01-07T12:00:00+00:00,20250107,2025-01-07,2025,1,1,January,2,2,Tuesday,false,12,12:00,60,false,0,3,wind_offshore,Wind offshore,renewable,true,3,3946.25,3946.25,reported,actual_generation_de_2024_2025,8118719a1cd35b8bac2f3933ca90094fc3fdbe4eaf8b653e88e4097514ae2f64
2025-01-07T11:00:00+00:00,2025-01-07T12:00:00+00:00,20250107,2025-01-07,2025,1,1,January,2,2,Tuesday,false,12,12:00,60,false,0,4,wind_onshore,Wind onshore,renewable,true,4,35635.75,35635.75,reported,actual_generation_de_2024_2025,8118719a1cd35b8bac2f3933ca90094fc3fdbe4eaf8b653e88e4097514ae2f64
2025-01-07T11:00:00+00:00,2025-01-07T12:00:00+00:00,20250107,2025-01-07,2025,1,1,January,2,2,Tuesday,false,12,12:00,60,false,0,5,solar_photovoltaic,Solar photovoltaic,renewable,true,5,10066.25,10066.25,reported,actual_generation_de_2024_2025,8118719a1cd35b8bac2f3933ca90094fc3fdbe4eaf8b653e88e4097514ae2f64
2025-01-07T11:00:00+00:00,2025-01-07T12:00:00+00:00,20250107,2025-01-07,2025,1,1,January,2,2,Tuesday,false,12,12:00,60,false,0,6,other_renewable,Other renewable,renewable,true,6,126.25,126.25,reported,actual_generation_de_2024_2025,8118719a1cd35b8bac2f3933ca90094fc3fdbe4eaf8b653e88e4097514ae2f64
2025-01-07T11:00:00+00:00,2025-01-07T12:00:00+00:00,20250107,2025-01-07,2025,1,1,January,2,2,Tuesday,false,12,12:00,60,false,0,7,nuclear,Nuclear,conventional,false,7,,,unavailable,actual_generation_de_2024_2025,8118719a1cd35b8bac2f3933ca90094fc3fdbe4eaf8b653e88e4097514ae2f64
2025-01-07T11:00:00+00:00,2025-01-07T12:00:00+00:00,20250107,2025-01-07,2025,1,1,January,2,2,Tuesday,false,12,12:00,60,false,0,8,lignite,Lignite,conventional,false,8,5504.00,5504.00,reported,actual_generation_de_2024_2025,8118719a1cd35b8bac2f3933ca90094fc3fdbe4eaf8b653e88e4097514ae2f64
2025-01-07T11:00:00+00:00,2025-01-07T12:00:00+00:00,20250107,2025-01-07,2025,1,1,January,2,2,Tuesday,false,12,12:00,60,false,0,9,hard_coal,Hard coal,conventional,false,9,3106.50,3106.50,reported,actual_generation_de_2024_2025,8118719a1cd35b8bac2f3933ca90094fc3fdbe4eaf8b653e88e4097514ae2f64
2025-01-07T11:00:00+00:00,2025-01-07T12:00:00+00:00,20250107,2025-01-07,2025,1,1,January,2,2,Tuesday,false,12,12:00,60,false,0,10,fossil_gas,Fossil gas,conventional,false,10,7302.00,7302.00,reported,actual_generation_de_2024_2025,8118719a1cd35b8bac2f3933ca90094fc3fdbe4eaf8b653e88e4097514ae2f64
2025-01-07T11:00:00+00:00,2025-01-07T12:00:00+00:00,20250107,2025-01-07,2025,1,1,January,2,2,Tuesday,false,12,12:00,60,false,0,11,hydro_pumped_storage,Hydro pumped storage,storage,false,11,53.25,53.25,reported,actual_generation_de_2024_2025,8118719a1cd35b8bac2f3933ca90094fc3fdbe4eaf8b653e88e4097514ae2f64
2025-01-07T11:00:00+00:00,2025-01-07T12:00:00+00:00,20250107,2025-01-07,2025,1,1,January,2,2,Tuesday,false,12,12:00,60,false,0,12,other_conventional,Other conventional,conventional,false,12,1487.50,1487.50,reported,actual_generation_de_2024_2025,8118719a1cd35b8bac2f3933ca90094fc3fdbe4eaf8b653e88e4097514ae2f64
2025-01-07T12:00:00+00:00,2025-01-07T13:00:00+00:00,20250107,2025-01-07,2025,1,1,January,2,2,Tuesday,false,13,13:00,60,false,0,1,biomass,Biomass,renewable,true,1,4032.50,4032.50,reported,actual_generation_de_2024_2025,8118719a1cd35b8bac2f3933ca90094fc3fdbe4eaf8b653e88e4097514ae2f64
2025-01-07T12:00:00+00:00,2025-01-07T13:00:00+00:00,20250107,2025-01-07,2025,1,1,January,2,2,Tuesday,false,13,13:00,60,false,0,2,hydropower,Hydropower,renewable,true,2,1713.25,1713.25,reported,actual_generation_de_2024_2025,8118719a1cd35b8bac2f3933ca90094fc3fdbe4eaf8b653e88e4097514ae2f64
2025-01-07T12:00:00+00:00,2025-01-07T13:00:00+00:00,20250107,2025-01-07,2025,1,1,January,2,2,Tuesday,false,13,13:00,60,false,0,3,wind_offshore,Wind offshore,renewable,true,3,4584.75,4584.75,reported,actual_generation_de_2024_2025,8118719a1cd35b8bac2f3933ca90094fc3fdbe4eaf8b653e88e4097514ae2f64
2025-01-07T12:00:00+00:00,2025-01-07T13:00:00+00:00,20250107,2025-01-07,2025,1,1,January,2,2,Tuesday,false,13,13:00,60,false,0,4,wind_onshore,Wind onshore,renewable,true,4,34988.25,34988.25,reported,actual_generation_de_2024_2025,8118719a1cd35b8bac2f3933ca90094fc3fdbe4eaf8b653e88e4097514ae2f64
2025-01-07T12:00:00+00:00,2025-01-07T13:00:00+00:00,20250107,2025-01-07,2025,1,1,January,2,2,Tuesday,false,13,13:00,60,false,0,5,solar_photovoltaic,Solar photovoltaic,renewable,true,5,8707.25,8707.25,reported,actual_generation_de_2024_2025,8118719a1cd35b8bac2f3933ca90094fc3fdbe4eaf8b653e88e4097514ae2f64
2025-01-07T12:00:00+00:00,2025-01-07T13:00:00+00:00,20250107,2025-01-07,2025,1,1,January,2,2,Tuesday,false,13,13:00,60,false,0,6,other_renewable,Other renewable,renewable,true,6,127.75,127.75,reported,actual_generation_de_2024_2025,8118719a1cd35b8bac2f3933ca90094fc3fdbe4eaf8b653e88e4097514ae2f64
2025-01-07T12:00:00+00:00,2025-01-07T13:00:00+00:00,20250107,2025-01-07,2025,1,1,January,2,2,Tuesday,false,13,13:00,60,false,0,7,nuclear,Nuclear,conventional,false,7,,,unavailable,actual_generation_de_2024_2025,8118719a1cd35b8bac2f3933ca90094fc3fdbe4eaf8b653e88e4097514ae2f64
2025-01-07T12:00:00+00:00,2025-01-07T13:00:00+00:00,20250107,2025-01-07,2025,1,1,January,2,2,Tuesday,false,13,13:00,60,false,0,8,lignite,Lignite,conventional,false,8,5695.50,5695.50,reported,actual_generation_de_2024_2025,8118719a1cd35b8bac2f3933ca90094fc3fdbe4eaf8b653e88e4097514ae2f64
2025-01-07T12:00:00+00:00,2025-01-07T13:00:00+00:00,20250107,2025-01-07,2025,1,1,January,2,2,Tuesday,false,13,13:00,60,false,0,9,hard_coal,Hard coal,conventional,false,9,2860.25,2860.25,reported,actual_generation_de_2024_2025,8118719a1cd35b8bac2f3933ca90094fc3fdbe4eaf8b653e88e4097514ae2f64
2025-01-07T12:00:00+00:00,2025-01-07T13:00:00+00:00,20250107,2025-01-07,2025,1,1,January,2,2,Tuesday,false,13,13:00,60,false,0,10,fossil_gas,Fossil gas,conventional,false,10,7028.00,7028.00,reported,actual_generation_de_2024_2025,8118719a1cd35b8bac2f3933ca90094fc3fdbe4eaf8b653e88e4097514ae2f64
2025-01-07T12:00:00+00:00,2025-01-07T13:00:00+00:00,20250107,2025-01-07,2025,1,1,January,2,2,Tuesday,false,13,13:00,60,false,0,11,hydro_pumped_storage,Hydro pumped storage,storage,false,11,385.00,385.00,reported,actual_generation_de_2024_2025,8118719a1cd35b8bac2f3933ca90094fc3fdbe4eaf8b653e88e4097514ae2f64
2025-01-07T12:00:00+00:00,2025-01-07T13:00:00+00:00,20250107,2025-01-07,2025,1,1,January,2,2,Tuesday,false,13,13:00,60,false,0,12,other_conventional,Other conventional,conventional,false,12,1481.00,1481.00,reported,actual_generation_de_2024_2025,8118719a1cd35b8bac2f3933ca90094fc3fdbe4eaf8b653e88e4097514ae2f64
2025-01-07T13:00:00+00:00,2025-01-07T14:00:00+00:00,20250107,2025-01-07,2025,1,1,January,2,2,Tuesday,false,14,14:00,60,false,0,1,biomass,Biomass,renewable,true,1,4106.75,4106.75,reported,actual_generation_de_2024_2025,8118719a1cd35b8bac2f3933ca90094fc3fdbe4eaf8b653e88e4097514ae2f64
2025-01-07T13:00:00+00:00,2025-01-07T14:00:00+00:00,20250107,2025-01-07,2025,1,1,January,2,2,Tuesday,false,14,14:00,60,false,0,2,hydropower,Hydropower,renewable,true,2,1693.00,1693.00,reported,actual_generation_de_2024_2025,8118719a1cd35b8bac2f3933ca90094fc3fdbe4eaf8b653e88e4097514ae2f64
2025-01-07T13:00:00+00:00,2025-01-07T14:00:00+00:00,20250107,2025-01-07,2025,1,1,January,2,2,Tuesday,false,14,14:00,60,false,0,3,wind_offshore,Wind offshore,renewable,true,3,4844.75,4844.75,reported,actual_generation_de_2024_2025,8118719a1cd35b8bac2f3933ca90094fc3fdbe4eaf8b653e88e4097514ae2f64
2025-01-07T13:00:00+00:00,2025-01-07T14:00:00+00:00,20250107,2025-01-07,2025,1,1,January,2,2,Tuesday,false,14,14:00,60,false,0,4,wind_onshore,Wind onshore,renewable,true,4,34128.75,34128.75,reported,actual_generation_de_2024_2025,8118719a1cd35b8bac2f3933ca90094fc3fdbe4eaf8b653e88e4097514ae2f64
2025-01-07T13:00:00+00:00,2025-01-07T14:00:00+00:00,20250107,2025-01-07,2025,1,1,January,2,2,Tuesday,false,14,14:00,60,false,0,5,solar_photovoltaic,Solar photovoltaic,renewable,true,5,5886.25,5886.25,reported,actual_generation_de_2024_2025,8118719a1cd35b8bac2f3933ca90094fc3fdbe4eaf8b653e88e4097514ae2f64
2025-01-07T13:00:00+00:00,2025-01-07T14:00:00+00:00,20250107,2025-01-07,2025,1,1,January,2,2,Tuesday,false,14,14:00,60,false,0,6,other_renewable,Other renewable,renewable,true,6,128.25,128.25,reported,actual_generation_de_2024_2025,8118719a1cd35b8bac2f3933ca90094fc3fdbe4eaf8b653e88e4097514ae2f64
2025-01-07T13:00:00+00:00,2025-01-07T14:00:00+00:00,20250107,2025-01-07,2025,1,1,January,2,2,Tuesday,false,14,14:00,60,false,0,7,nuclear,Nuclear,conventional,false,7,,,unavailable,actual_generation_de_2024_2025,8118719a1cd35b8bac2f3933ca90094fc3fdbe4eaf8b653e88e4097514ae2f64
2025-01-07T13:00:00+00:00,2025-01-07T14:00:00+00:00,20250107,2025-01-07,2025,1,1,January,2,2,Tuesday,false,14,14:00,60,false,0,8,lignite,Lignite,conventional,false,8,5988.00,5988.00,reported,actual_generation_de_2024_2025,8118719a1cd35b8bac2f3933ca90094fc3fdbe4eaf8b653e88e4097514ae2f64
2025-01-07T13:00:00+00:00,2025-01-07T14:00:00+00:00,20250107,2025-01-07,2025,1,1,January,2,2,Tuesday,false,14,14:00,60,false,0,9,hard_coal,Hard coal,conventional,false,9,2759.75,2759.75,reported,actual_generation_de_2024_2025,8118719a1cd35b8bac2f3933ca90094fc3fdbe4eaf8b653e88e4097514ae2f64
2025-01-07T13:00:00+00:00,2025-01-07T14:00:00+00:00,20250107,2025-01-07,2025,1,1,January,2,2,Tuesday,false,14,14:00,60,false,0,10,fossil_gas,Fossil gas,conventional,false,10,6931.00,6931.00,reported,actual_generation_de_2024_2025,8118719a1cd35b8bac2f3933ca90094fc3fdbe4eaf8b653e88e4097514ae2f64
2025-01-07T13:00:00+00:00,2025-01-07T14:00:00+00:00,20250107,2025-01-07,2025,1,1,January,2,2,Tuesday,false,14,14:00,60,false,0,11,hydro_pumped_storage,Hydro pumped storage,storage,false,11,350.50,350.50,reported,actual_generation_de_2024_2025,8118719a1cd35b8bac2f3933ca90094fc3fdbe4eaf8b653e88e4097514ae2f64
2025-01-07T13:00:00+00:00,2025-01-07T14:00:00+00:00,20250107,2025-01-07,2025,1,1,January,2,2,Tuesday,false,14,14:00,60,false,0,12,other_conventional,Other conventional,conventional,false,12,1496.25,1496.25,reported,actual_generation_de_2024_2025,8118719a1cd35b8bac2f3933ca90094fc3fdbe4eaf8b653e88e4097514ae2f64
2025-01-07T14:00:00+00:00,2025-01-07T15:00:00+00:00,20250107,2025-01-07,2025,1,1,January,2,2,Tuesday,false,15,15:00,60,false,0,1,biomass,Biomass,renewable,true,1,4256.75,4256.75,reported,actual_generation_de_2024_2025,8118719a1cd35b8bac2f3933ca90094fc3fdbe4eaf8b653e88e4097514ae2f64
2025-01-07T14:00:00+00:00,2025-01-07T15:00:00+00:00,20250107,2025-01-07,2025,1,1,January,2,2,Tuesday,false,15,15:00,60,false,0,2,hydropower,Hydropower,renewable,true,2,1768.75,1768.75,reported,actual_generation_de_2024_2025,8118719a1cd35b8bac2f3933ca90094fc3fdbe4eaf8b653e88e4097514ae2f64
2025-01-07T14:00:00+00:00,2025-01-07T15:00:00+00:00,20250107,2025-01-07,2025,1,1,January,2,2,Tuesday,false,15,15:00,60,false,0,3,wind_offshore,Wind offshore,renewable,true,3,4952.75,4952.75,reported,actual_generation_de_2024_2025,8118719a1cd35b8bac2f3933ca90094fc3fdbe4eaf8b653e88e4097514ae2f64
2025-01-07T14:00:00+00:00,2025-01-07T15:00:00+00:00,20250107,2025-01-07,2025,1,1,January,2,2,Tuesday,false,15,15:00,60,false,0,4,wind_onshore,Wind onshore,renewable,true,4,32871.75,32871.75,reported,actual_generation_de_2024_2025,8118719a1cd35b8bac2f3933ca90094fc3fdbe4eaf8b653e88e4097514ae2f64
2025-01-07T14:00:00+00:00,2025-01-07T15:00:00+00:00,20250107,2025-01-07,2025,1,1,January,2,2,Tuesday,false,15,15:00,60,false,0,5,solar_photovoltaic,Solar photovoltaic,renewable,true,5,2546.00,2546.00,reported,actual_generation_de_2024_2025,8118719a1cd35b8bac2f3933ca90094fc3fdbe4eaf8b653e88e4097514ae2f64
2025-01-07T14:00:00+00:00,2025-01-07T15:00:00+00:00,20250107,2025-01-07,2025,1,1,January,2,2,Tuesday,false,15,15:00,60,false,0,6,other_renewable,Other renewable,renewable,true,6,128.25,128.25,reported,actual_generation_de_2024_2025,8118719a1cd35b8bac2f3933ca90094fc3fdbe4eaf8b653e88e4097514ae2f64
2025-01-07T14:00:00+00:00,2025-01-07T15:00:00+00:00,20250107,2025-01-07,2025,1,1,January,2,2,Tuesday,false,15,15:00,60,false,0,7,nuclear,Nuclear,conventional,false,7,,,unavailable,actual_generation_de_2024_2025,8118719a1cd35b8bac2f3933ca90094fc3fdbe4eaf8b653e88e4097514ae2f64
2025-01-07T14:00:00+00:00,2025-01-07T15:00:00+00:00,20250107,2025-01-07,2025,1,1,January,2,2,Tuesday,false,15,15:00,60,false,0,8,lignite,Lignite,conventional,false,8,6598.00,6598.00,reported,actual_generation_de_2024_2025,8118719a1cd35b8bac2f3933ca90094fc3fdbe4eaf8b653e88e4097514ae2f64
2025-01-07T14:00:00+00:00,2025-01-07T15:00:00+00:00,20250107,2025-01-07,2025,1,1,January,2,2,Tuesday,false,15,15:00,60,false,0,9,hard_coal,Hard coal,conventional,false,9,2716.00,2716.00,reported,actual_generation_de_2024_2025,8118719a1cd35b8bac2f3933ca90094fc3fdbe4eaf8b653e88e4097514ae2f64
2025-01-07T14:00:00+00:00,2025-01-07T15:00:00+00:00,20250107,2025-01-07,2025,1,1,January,2,2,Tuesday,false,15,15:00,60,false,0,10,fossil_gas,Fossil gas,conventional,false,10,7091.50,7091.50,reported,actual_generation_de_2024_2025,8118719a1cd35b8bac2f3933ca90094fc3fdbe4eaf8b653e88e4097514ae2f64
2025-01-07T14:00:00+00:00,2025-01-07T15:00:00+00:00,20250107,2025-01-07,2025,1,1,January,2,2,Tuesday,false,15,15:00,60,false,0,11,hydro_pumped_storage,Hydro pumped storage,storage,false,11,1536.00,1536.00,reported,actual_generation_de_2024_2025,8118719a1cd35b8bac2f3933ca90094fc3fdbe4eaf8b653e88e4097514ae2f64
2025-01-07T14:00:00+00:00,2025-01-07T15:00:00+00:00,20250107,2025-01-07,2025,1,1,January,2,2,Tuesday,false,15,15:00,60,false,0,12,other_conventional,Other conventional,conventional,false,12,1517.00,1517.00,reported,actual_generation_de_2024_2025,8118719a1cd35b8bac2f3933ca90094fc3fdbe4eaf8b653e88e4097514ae2f64
2025-01-07T15:00:00+00:00,2025-01-07T16:00:00+00:00,20250107,2025-01-07,2025,1,1,January,2,2,Tuesday,false,16,16:00,60,false,0,1,biomass,Biomass,renewable,true,1,4500.25,4500.25,reported,actual_generation_de_2024_2025,8118719a1cd35b8bac2f3933ca90094fc3fdbe4eaf8b653e88e4097514ae2f64
2025-01-07T15:00:00+00:00,2025-01-07T16:00:00+00:00,20250107,2025-01-07,2025,1,1,January,2,2,Tuesday,false,16,16:00,60,false,0,2,hydropower,Hydropower,renewable,true,2,1771.00,1771.00,reported,actual_generation_de_2024_2025,8118719a1cd35b8bac2f3933ca90094fc3fdbe4eaf8b653e88e4097514ae2f64
2025-01-07T15:00:00+00:00,2025-01-07T16:00:00+00:00,20250107,2025-01-07,2025,1,1,January,2,2,Tuesday,false,16,16:00,60,false,0,3,wind_offshore,Wind offshore,renewable,true,3,4888.00,4888.00,reported,actual_generation_de_2024_2025,8118719a1cd35b8bac2f3933ca90094fc3fdbe4eaf8b653e88e4097514ae2f64
2025-01-07T15:00:00+00:00,2025-01-07T16:00:00+00:00,20250107,2025-01-07,2025,1,1,January,2,2,Tuesday,false,16,16:00,60,false,0,4,wind_onshore,Wind onshore,renewable,true,4,33435.75,33435.75,reported,actual_generation_de_2024_2025,8118719a1cd35b8bac2f3933ca90094fc3fdbe4eaf8b653e88e4097514ae2f64
2025-01-07T15:00:00+00:00,2025-01-07T16:00:00+00:00,20250107,2025-01-07,2025,1,1,January,2,2,Tuesday,false,16,16:00,60,false,0,5,solar_photovoltaic,Solar photovoltaic,renewable,true,5,201.50,201.50,reported,actual_generation_de_2024_2025,8118719a1cd35b8bac2f3933ca90094fc3fdbe4eaf8b653e88e4097514ae2f64
2025-01-07T15:00:00+00:00,2025-01-07T16:00:00+00:00,20250107,2025-01-07,2025,1,1,January,2,2,Tuesday,false,16,16:00,60,false,0,6,other_renewable,Other renewable,renewable,true,6,130.25,130.25,reported,actual_generation_de_2024_2025,8118719a1cd35b8bac2f3933ca90094fc3fdbe4eaf8b653e88e4097514ae2f64
2025-01-07T15:00:00+00:00,2025-01-07T16:00:00+00:00,20250107,2025-01-07,2025,1,1,January,2,2,Tuesday,false,16,16:00,60,false,0,7,nuclear,Nuclear,conventional,false,7,,,unavailable,actual_generation_de_2024_2025,8118719a1cd35b8bac2f3933ca90094fc3fdbe4eaf8b653e88e4097514ae2f64
2025-01-07T15:00:00+00:00,2025-01-07T16:00:00+00:00,20250107,2025-01-07,2025,1,1,January,2,2,Tuesday,false,16,16:00,60,false,0,8,lignite,Lignite,conventional,false,8,6970.50,6970.50,reported,actual_generation_de_2024_2025,8118719a1cd35b8bac2f3933ca90094fc3fdbe4eaf8b653e88e4097514ae2f64
2025-01-07T15:00:00+00:00,2025-01-07T16:00:00+00:00,20250107,2025-01-07,2025,1,1,January,2,2,Tuesday,false,16,16:00,60,false,0,9,hard_coal,Hard coal,conventional,false,9,2932.25,2932.25,reported,actual_generation_de_2024_2025,8118719a1cd35b8bac2f3933ca90094fc3fdbe4eaf8b653e88e4097514ae2f64
2025-01-07T15:00:00+00:00,2025-01-07T16:00:00+00:00,20250107,2025-01-07,2025,1,1,January,2,2,Tuesday,false,16,16:00,60,false,0,10,fossil_gas,Fossil gas,conventional,false,10,7322.50,7322.50,reported,actual_generation_de_2024_2025,8118719a1cd35b8bac2f3933ca90094fc3fdbe4eaf8b653e88e4097514ae2f64
2025-01-07T15:00:00+00:00,2025-01-07T16:00:00+00:00,20250107,2025-01-07,2025,1,1,January,2,2,Tuesday,false,16,16:00,60,false,0,11,hydro_pumped_storage,Hydro pumped storage,storage,false,11,3129.00,3129.00,reported,actual_generation_de_2024_2025,8118719a1cd35b8bac2f3933ca90094fc3fdbe4eaf8b653e88e4097514ae2f64
2025-01-07T15:00:00+00:00,2025-01-07T16:00:00+00:00,20250107,2025-01-07,2025,1,1,January,2,2,Tuesday,false,16,16:00,60,false,0,12,other_conventional,Other conventional,conventional,false,12,1560.50,1560.50,reported,actual_generation_de_2024_2025,8118719a1cd35b8bac2f3933ca90094fc3fdbe4eaf8b653e88e4097514ae2f64
2025-01-07T16:00:00+00:00,2025-01-07T17:00:00+00:00,20250107,2025-01-07,2025,1,1,January,2,2,Tuesday,false,17,17:00,60,false,0,1,biomass,Biomass,renewable,true,1,4672.00,4672.00,reported,actual_generation_de_2024_2025,8118719a1cd35b8bac2f3933ca90094fc3fdbe4eaf8b653e88e4097514ae2f64
2025-01-07T16:00:00+00:00,2025-01-07T17:00:00+00:00,20250107,2025-01-07,2025,1,1,January,2,2,Tuesday,false,17,17:00,60,false,0,2,hydropower,Hydropower,renewable,true,2,1893.50,1893.50,reported,actual_generation_de_2024_2025,8118719a1cd35b8bac2f3933ca90094fc3fdbe4eaf8b653e88e4097514ae2f64
2025-01-07T16:00:00+00:00,2025-01-07T17:00:00+00:00,20250107,2025-01-07,2025,1,1,January,2,2,Tuesday,false,17,17:00,60,false,0,3,wind_offshore,Wind offshore,renewable,true,3,4836.00,4836.00,reported,actual_generation_de_2024_2025,8118719a1cd35b8bac2f3933ca90094fc3fdbe4eaf8b653e88e4097514ae2f64
2025-01-07T16:00:00+00:00,2025-01-07T17:00:00+00:00,20250107,2025-01-07,2025,1,1,January,2,2,Tuesday,false,17,17:00,60,false,0,4,wind_onshore,Wind onshore,renewable,true,4,35102.00,35102.00,reported,actual_generation_de_2024_2025,8118719a1cd35b8bac2f3933ca90094fc3fdbe4eaf8b653e88e4097514ae2f64
2025-01-07T16:00:00+00:00,2025-01-07T17:00:00+00:00,20250107,2025-01-07,2025,1,1,January,2,2,Tuesday,false,17,17:00,60,false,0,5,solar_photovoltaic,Solar photovoltaic,renewable,true,5,16.25,16.25,reported,actual_generation_de_2024_2025,8118719a1cd35b8bac2f3933ca90094fc3fdbe4eaf8b653e88e4097514ae2f64
2025-01-07T16:00:00+00:00,2025-01-07T17:00:00+00:00,20250107,2025-01-07,2025,1,1,January,2,2,Tuesday,false,17,17:00,60,false,0,6,other_renewable,Other renewable,renewable,true,6,132.00,132.00,reported,actual_generation_de_2024_2025,8118719a1cd35b8bac2f3933ca90094fc3fdbe4eaf8b653e88e4097514ae2f64
2025-01-07T16:00:00+00:00,2025-01-07T17:00:00+00:00,20250107,2025-01-07,2025,1,1,January,2,2,Tuesday,false,17,17:00,60,false,0,7,nuclear,Nuclear,conventional,false,7,,,unavailable,actual_generation_de_2024_2025,8118719a1cd35b8bac2f3933ca90094fc3fdbe4eaf8b653e88e4097514ae2f64
2025-01-07T16:00:00+00:00,2025-01-07T17:00:00+00:00,20250107,2025-01-07,2025,1,1,January,2,2,Tuesday,false,17,17:00,60,false,0,8,lignite,Lignite,conventional,false,8,7188.75,7188.75,reported,actual_generation_de_2024_2025,8118719a1cd35b8bac2f3933ca90094fc3fdbe4eaf8b653e88e4097514ae2f64
2025-01-07T16:00:00+00:00,2025-01-07T17:00:00+00:00,20250107,2025-01-07,2025,1,1,January,2,2,Tuesday,false,17,17:00,60,false,0,9,hard_coal,Hard coal,conventional,false,9,3402.75,3402.75,reported,actual_generation_de_2024_2025,8118719a1cd35b8bac2f3933ca90094fc3fdbe4eaf8b653e88e4097514ae2f64
2025-01-07T16:00:00+00:00,2025-01-07T17:00:00+00:00,20250107,2025-01-07,2025,1,1,January,2,2,Tuesday,false,17,17:00,60,false,0,10,fossil_gas,Fossil gas,conventional,false,10,8215.00,8215.00,reported,actual_generation_de_2024_2025,8118719a1cd35b8bac2f3933ca90094fc3fdbe4eaf8b653e88e4097514ae2f64
2025-01-07T16:00:00+00:00,2025-01-07T17:00:00+00:00,20250107,2025-01-07,2025,1,1,January,2,2,Tuesday,false,17,17:00,60,false,0,11,hydro_pumped_storage,Hydro pumped storage,storage,false,11,4818.25,4818.25,reported,actual_generation_de_2024_2025,8118719a1cd35b8bac2f3933ca90094fc3fdbe4eaf8b653e88e4097514ae2f64
2025-01-07T16:00:00+00:00,2025-01-07T17:00:00+00:00,20250107,2025-01-07,2025,1,1,January,2,2,Tuesday,false,17,17:00,60,false,0,12,other_conventional,Other conventional,conventional,false,12,1571.75,1571.75,reported,actual_generation_de_2024_2025,8118719a1cd35b8bac2f3933ca90094fc3fdbe4eaf8b653e88e4097514ae2f64
2025-01-07T17:00:00+00:00,2025-01-07T18:00:00+00:00,20250107,2025-01-07,2025,1,1,January,2,2,Tuesday,false,18,18:00,60,false,0,1,biomass,Biomass,renewable,true,1,4682.50,4682.50,reported,actual_generation_de_2024_2025,8118719a1cd35b8bac2f3933ca90094fc3fdbe4eaf8b653e88e4097514ae2f64
2025-01-07T17:00:00+00:00,2025-01-07T18:00:00+00:00,20250107,2025-01-07,2025,1,1,January,2,2,Tuesday,false,18,18:00,60,false,0,2,hydropower,Hydropower,renewable,true,2,1864.75,1864.75,reported,actual_generation_de_2024_2025,8118719a1cd35b8bac2f3933ca90094fc3fdbe4eaf8b653e88e4097514ae2f64
2025-01-07T17:00:00+00:00,2025-01-07T18:00:00+00:00,20250107,2025-01-07,2025,1,1,January,2,2,Tuesday,false,18,18:00,60,false,0,3,wind_offshore,Wind offshore,renewable,true,3,4666.00,4666.00,reported,actual_generation_de_2024_2025,8118719a1cd35b8bac2f3933ca90094fc3fdbe4eaf8b653e88e4097514ae2f64
2025-01-07T17:00:00+00:00,2025-01-07T18:00:00+00:00,20250107,2025-01-07,2025,1,1,January,2,2,Tuesday,false,18,18:00,60,false,0,4,wind_onshore,Wind onshore,renewable,true,4,35624.00,35624.00,reported,actual_generation_de_2024_2025,8118719a1cd35b8bac2f3933ca90094fc3fdbe4eaf8b653e88e4097514ae2f64
2025-01-07T17:00:00+00:00,2025-01-07T18:00:00+00:00,20250107,2025-01-07,2025,1,1,January,2,2,Tuesday,false,18,18:00,60,false,0,5,solar_photovoltaic,Solar photovoltaic,renewable,true,5,13.75,13.75,reported,actual_generation_de_2024_2025,8118719a1cd35b8bac2f3933ca90094fc3fdbe4eaf8b653e88e4097514ae2f64
2025-01-07T17:00:00+00:00,2025-01-07T18:00:00+00:00,20250107,2025-01-07,2025,1,1,January,2,2,Tuesday,false,18,18:00,60,false,0,6,other_renewable,Other renewable,renewable,true,6,132.25,132.25,reported,actual_generation_de_2024_2025,8118719a1cd35b8bac2f3933ca90094fc3fdbe4eaf8b653e88e4097514ae2f64
2025-01-07T17:00:00+00:00,2025-01-07T18:00:00+00:00,20250107,2025-01-07,2025,1,1,January,2,2,Tuesday,false,18,18:00,60,false,0,7,nuclear,Nuclear,conventional,false,7,,,unavailable,actual_generation_de_2024_2025,8118719a1cd35b8bac2f3933ca90094fc3fdbe4eaf8b653e88e4097514ae2f64
2025-01-07T17:00:00+00:00,2025-01-07T18:00:00+00:00,20250107,2025-01-07,2025,1,1,January,2,2,Tuesday,false,18,18:00,60,false,0,8,lignite,Lignite,conventional,false,8,7340.00,7340.00,reported,actual_generation_de_2024_2025,8118719a1cd35b8bac2f3933ca90094fc3fdbe4eaf8b653e88e4097514ae2f64
2025-01-07T17:00:00+00:00,2025-01-07T18:00:00+00:00,20250107,2025-01-07,2025,1,1,January,2,2,Tuesday,false,18,18:00,60,false,0,9,hard_coal,Hard coal,conventional,false,9,4004.00,4004.00,reported,actual_generation_de_2024_2025,8118719a1cd35b8bac2f3933ca90094fc3fdbe4eaf8b653e88e4097514ae2f64
2025-01-07T17:00:00+00:00,2025-01-07T18:00:00+00:00,20250107,2025-01-07,2025,1,1,January,2,2,Tuesday,false,18,18:00,60,false,0,10,fossil_gas,Fossil gas,conventional,false,10,8252.50,8252.50,reported,actual_generation_de_2024_2025,8118719a1cd35b8bac2f3933ca90094fc3fdbe4eaf8b653e88e4097514ae2f64
2025-01-07T17:00:00+00:00,2025-01-07T18:00:00+00:00,20250107,2025-01-07,2025,1,1,January,2,2,Tuesday,false,18,18:00,60,false,0,11,hydro_pumped_storage,Hydro pumped storage,storage,false,11,4990.50,4990.50,reported,actual_generation_de_2024_2025,8118719a1cd35b8bac2f3933ca90094fc3fdbe4eaf8b653e88e4097514ae2f64
2025-01-07T17:00:00+00:00,2025-01-07T18:00:00+00:00,20250107,2025-01-07,2025,1,1,January,2,2,Tuesday,false,18,18:00,60,false,0,12,other_conventional,Other conventional,conventional,false,12,1576.50,1576.50,reported,actual_generation_de_2024_2025,8118719a1cd35b8bac2f3933ca90094fc3fdbe4eaf8b653e88e4097514ae2f64
2025-01-07T18:00:00+00:00,2025-01-07T19:00:00+00:00,20250107,2025-01-07,2025,1,1,January,2,2,Tuesday,false,19,19:00,60,false,0,1,biomass,Biomass,renewable,true,1,4618.00,4618.00,reported,actual_generation_de_2024_2025,8118719a1cd35b8bac2f3933ca90094fc3fdbe4eaf8b653e88e4097514ae2f64
2025-01-07T18:00:00+00:00,2025-01-07T19:00:00+00:00,20250107,2025-01-07,2025,1,1,January,2,2,Tuesday,false,19,19:00,60,false,0,2,hydropower,Hydropower,renewable,true,2,1865.25,1865.25,reported,actual_generation_de_2024_2025,8118719a1cd35b8bac2f3933ca90094fc3fdbe4eaf8b653e88e4097514ae2f64
2025-01-07T18:00:00+00:00,2025-01-07T19:00:00+00:00,20250107,2025-01-07,2025,1,1,January,2,2,Tuesday,false,19,19:00,60,false,0,3,wind_offshore,Wind offshore,renewable,true,3,4104.00,4104.00,reported,actual_generation_de_2024_2025,8118719a1cd35b8bac2f3933ca90094fc3fdbe4eaf8b653e88e4097514ae2f64
2025-01-07T18:00:00+00:00,2025-01-07T19:00:00+00:00,20250107,2025-01-07,2025,1,1,January,2,2,Tuesday,false,19,19:00,60,false,0,4,wind_onshore,Wind onshore,renewable,true,4,35287.25,35287.25,reported,actual_generation_de_2024_2025,8118719a1cd35b8bac2f3933ca90094fc3fdbe4eaf8b653e88e4097514ae2f64
2025-01-07T18:00:00+00:00,2025-01-07T19:00:00+00:00,20250107,2025-01-07,2025,1,1,January,2,2,Tuesday,false,19,19:00,60,false,0,5,solar_photovoltaic,Solar photovoltaic,renewable,true,5,16.25,16.25,reported,actual_generation_de_2024_2025,8118719a1cd35b8bac2f3933ca90094fc3fdbe4eaf8b653e88e4097514ae2f64
2025-01-07T18:00:00+00:00,2025-01-07T19:00:00+00:00,20250107,2025-01-07,2025,1,1,January,2,2,Tuesday,false,19,19:00,60,false,0,6,other_renewable,Other renewable,renewable,true,6,131.00,131.00,reported,actual_generation_de_2024_2025,8118719a1cd35b8bac2f3933ca90094fc3fdbe4eaf8b653e88e4097514ae2f64
2025-01-07T18:00:00+00:00,2025-01-07T19:00:00+00:00,20250107,2025-01-07,2025,1,1,January,2,2,Tuesday,false,19,19:00,60,false,0,7,nuclear,Nuclear,conventional,false,7,,,unavailable,actual_generation_de_2024_2025,8118719a1cd35b8bac2f3933ca90094fc3fdbe4eaf8b653e88e4097514ae2f64
2025-01-07T18:00:00+00:00,2025-01-07T19:00:00+00:00,20250107,2025-01-07,2025,1,1,January,2,2,Tuesday,false,19,19:00,60,false,0,8,lignite,Lignite,conventional,false,8,7252.25,7252.25,reported,actual_generation_de_2024_2025,8118719a1cd35b8bac2f3933ca90094fc3fdbe4eaf8b653e88e4097514ae2f64
2025-01-07T18:00:00+00:00,2025-01-07T19:00:00+00:00,20250107,2025-01-07,2025,1,1,January,2,2,Tuesday,false,19,19:00,60,false,0,9,hard_coal,Hard coal,conventional,false,9,4522.50,4522.50,reported,actual_generation_de_2024_2025,8118719a1cd35b8bac2f3933ca90094fc3fdbe4eaf8b653e88e4097514ae2f64
2025-01-07T18:00:00+00:00,2025-01-07T19:00:00+00:00,20250107,2025-01-07,2025,1,1,January,2,2,Tuesday,false,19,19:00,60,false,0,10,fossil_gas,Fossil gas,conventional,false,10,7991.25,7991.25,reported,actual_generation_de_2024_2025,8118719a1cd35b8bac2f3933ca90094fc3fdbe4eaf8b653e88e4097514ae2f64
2025-01-07T18:00:00+00:00,2025-01-07T19:00:00+00:00,20250107,2025-01-07,2025,1,1,January,2,2,Tuesday,false,19,19:00,60,false,0,11,hydro_pumped_storage,Hydro pumped storage,storage,false,11,4242.50,4242.50,reported,actual_generation_de_2024_2025,8118719a1cd35b8bac2f3933ca90094fc3fdbe4eaf8b653e88e4097514ae2f64
2025-01-07T18:00:00+00:00,2025-01-07T19:00:00+00:00,20250107,2025-01-07,2025,1,1,January,2,2,Tuesday,false,19,19:00,60,false,0,12,other_conventional,Other conventional,conventional,false,12,1578.50,1578.50,reported,actual_generation_de_2024_2025,8118719a1cd35b8bac2f3933ca90094fc3fdbe4eaf8b653e88e4097514ae2f64
2025-01-07T19:00:00+00:00,2025-01-07T20:00:00+00:00,20250107,2025-01-07,2025,1,1,January,2,2,Tuesday,false,20,20:00,60,false,0,1,biomass,Biomass,renewable,true,1,4424.00,4424.00,reported,actual_generation_de_2024_2025,8118719a1cd35b8bac2f3933ca90094fc3fdbe4eaf8b653e88e4097514ae2f64
2025-01-07T19:00:00+00:00,2025-01-07T20:00:00+00:00,20250107,2025-01-07,2025,1,1,January,2,2,Tuesday,false,20,20:00,60,false,0,2,hydropower,Hydropower,renewable,true,2,1729.25,1729.25,reported,actual_generation_de_2024_2025,8118719a1cd35b8bac2f3933ca90094fc3fdbe4eaf8b653e88e4097514ae2f64
2025-01-07T19:00:00+00:00,2025-01-07T20:00:00+00:00,20250107,2025-01-07,2025,1,1,January,2,2,Tuesday,false,20,20:00,60,false,0,3,wind_offshore,Wind offshore,renewable,true,3,3870.25,3870.25,reported,actual_generation_de_2024_2025,8118719a1cd35b8bac2f3933ca90094fc3fdbe4eaf8b653e88e4097514ae2f64
2025-01-07T19:00:00+00:00,2025-01-07T20:00:00+00:00,20250107,2025-01-07,2025,1,1,January,2,2,Tuesday,false,20,20:00,60,false,0,4,wind_onshore,Wind onshore,renewable,true,4,36146.75,36146.75,reported,actual_generation_de_2024_2025,8118719a1cd35b8bac2f3933ca90094fc3fdbe4eaf8b653e88e4097514ae2f64
2025-01-07T19:00:00+00:00,2025-01-07T20:00:00+00:00,20250107,2025-01-07,2025,1,1,January,2,2,Tuesday,false,20,20:00,60,false,0,5,solar_photovoltaic,Solar photovoltaic,renewable,true,5,11.75,11.75,reported,actual_generation_de_2024_2025,8118719a1cd35b8bac2f3933ca90094fc3fdbe4eaf8b653e88e4097514ae2f64
2025-01-07T19:00:00+00:00,2025-01-07T20:00:00+00:00,20250107,2025-01-07,2025,1,1,January,2,2,Tuesday,false,20,20:00,60,false,0,6,other_renewable,Other renewable,renewable,true,6,131.00,131.00,reported,actual_generation_de_2024_2025,8118719a1cd35b8bac2f3933ca90094fc3fdbe4eaf8b653e88e4097514ae2f64
2025-01-07T19:00:00+00:00,2025-01-07T20:00:00+00:00,20250107,2025-01-07,2025,1,1,January,2,2,Tuesday,false,20,20:00,60,false,0,7,nuclear,Nuclear,conventional,false,7,,,unavailable,actual_generation_de_2024_2025,8118719a1cd35b8bac2f3933ca90094fc3fdbe4eaf8b653e88e4097514ae2f64
2025-01-07T19:00:00+00:00,2025-01-07T20:00:00+00:00,20250107,2025-01-07,2025,1,1,January,2,2,Tuesday,false,20,20:00,60,false,0,8,lignite,Lignite,conventional,false,8,7057.50,7057.50,reported,actual_generation_de_2024_2025,8118719a1cd35b8bac2f3933ca90094fc3fdbe4eaf8b653e88e4097514ae2f64
2025-01-07T19:00:00+00:00,2025-01-07T20:00:00+00:00,20250107,2025-01-07,2025,1,1,January,2,2,Tuesday,false,20,20:00,60,false,0,9,hard_coal,Hard coal,conventional,false,9,4940.25,4940.25,reported,actual_generation_de_2024_2025,8118719a1cd35b8bac2f3933ca90094fc3fdbe4eaf8b653e88e4097514ae2f64
2025-01-07T19:00:00+00:00,2025-01-07T20:00:00+00:00,20250107,2025-01-07,2025,1,1,January,2,2,Tuesday,false,20,20:00,60,false,0,10,fossil_gas,Fossil gas,conventional,false,10,7653.50,7653.50,reported,actual_generation_de_2024_2025,8118719a1cd35b8bac2f3933ca90094fc3fdbe4eaf8b653e88e4097514ae2f64
2025-01-07T19:00:00+00:00,2025-01-07T20:00:00+00:00,20250107,2025-01-07,2025,1,1,January,2,2,Tuesday,false,20,20:00,60,false,0,11,hydro_pumped_storage,Hydro pumped storage,storage,false,11,2339.75,2339.75,reported,actual_generation_de_2024_2025,8118719a1cd35b8bac2f3933ca90094fc3fdbe4eaf8b653e88e4097514ae2f64
2025-01-07T19:00:00+00:00,2025-01-07T20:00:00+00:00,20250107,2025-01-07,2025,1,1,January,2,2,Tuesday,false,20,20:00,60,false,0,12,other_conventional,Other conventional,conventional,false,12,1575.25,1575.25,reported,actual_generation_de_2024_2025,8118719a1cd35b8bac2f3933ca90094fc3fdbe4eaf8b653e88e4097514ae2f64
2025-01-07T20:00:00+00:00,2025-01-07T21:00:00+00:00,20250107,2025-01-07,2025,1,1,January,2,2,Tuesday,false,21,21:00,60,false,0,1,biomass,Biomass,renewable,true,1,4243.00,4243.00,reported,actual_generation_de_2024_2025,8118719a1cd35b8bac2f3933ca90094fc3fdbe4eaf8b653e88e4097514ae2f64
2025-01-07T20:00:00+00:00,2025-01-07T21:00:00+00:00,20250107,2025-01-07,2025,1,1,January,2,2,Tuesday,false,21,21:00,60,false,0,2,hydropower,Hydropower,renewable,true,2,1692.25,1692.25,reported,actual_generation_de_2024_2025,8118719a1cd35b8bac2f3933ca90094fc3fdbe4eaf8b653e88e4097514ae2f64
2025-01-07T20:00:00+00:00,2025-01-07T21:00:00+00:00,20250107,2025-01-07,2025,1,1,January,2,2,Tuesday,false,21,21:00,60,false,0,3,wind_offshore,Wind offshore,renewable,true,3,3280.75,3280.75,reported,actual_generation_de_2024_2025,8118719a1cd35b8bac2f3933ca90094fc3fdbe4eaf8b653e88e4097514ae2f64
2025-01-07T20:00:00+00:00,2025-01-07T21:00:00+00:00,20250107,2025-01-07,2025,1,1,January,2,2,Tuesday,false,21,21:00,60,false,0,4,wind_onshore,Wind onshore,renewable,true,4,36648.00,36648.00,reported,actual_generation_de_2024_2025,8118719a1cd35b8bac2f3933ca90094fc3fdbe4eaf8b653e88e4097514ae2f64
2025-01-07T20:00:00+00:00,2025-01-07T21:00:00+00:00,20250107,2025-01-07,2025,1,1,January,2,2,Tuesday,false,21,21:00,60,false,0,5,solar_photovoltaic,Solar photovoltaic,renewable,true,5,10.00,10.00,reported,actual_generation_de_2024_2025,8118719a1cd35b8bac2f3933ca90094fc3fdbe4eaf8b653e88e4097514ae2f64
2025-01-07T20:00:00+00:00,2025-01-07T21:00:00+00:00,20250107,2025-01-07,2025,1,1,January,2,2,Tuesday,false,21,21:00,60,false,0,6,other_renewable,Other renewable,renewable,true,6,132.00,132.00,reported,actual_generation_de_2024_2025,8118719a1cd35b8bac2f3933ca90094fc3fdbe4eaf8b653e88e4097514ae2f64
2025-01-07T20:00:00+00:00,2025-01-07T21:00:00+00:00,20250107,2025-01-07,2025,1,1,January,2,2,Tuesday,false,21,21:00,60,false,0,7,nuclear,Nuclear,conventional,false,7,,,unavailable,actual_generation_de_2024_2025,8118719a1cd35b8bac2f3933ca90094fc3fdbe4eaf8b653e88e4097514ae2f64
2025-01-07T20:00:00+00:00,2025-01-07T21:00:00+00:00,20250107,2025-01-07,2025,1,1,January,2,2,Tuesday,false,21,21:00,60,false,0,8,lignite,Lignite,conventional,false,8,6747.25,6747.25,reported,actual_generation_de_2024_2025,8118719a1cd35b8bac2f3933ca90094fc3fdbe4eaf8b653e88e4097514ae2f64
2025-01-07T20:00:00+00:00,2025-01-07T21:00:00+00:00,20250107,2025-01-07,2025,1,1,January,2,2,Tuesday,false,21,21:00,60,false,0,9,hard_coal,Hard coal,conventional,false,9,4842.25,4842.25,reported,actual_generation_de_2024_2025,8118719a1cd35b8bac2f3933ca90094fc3fdbe4eaf8b653e88e4097514ae2f64
2025-01-07T20:00:00+00:00,2025-01-07T21:00:00+00:00,20250107,2025-01-07,2025,1,1,January,2,2,Tuesday,false,21,21:00,60,false,0,10,fossil_gas,Fossil gas,conventional,false,10,7594.25,7594.25,reported,actual_generation_de_2024_2025,8118719a1cd35b8bac2f3933ca90094fc3fdbe4eaf8b653e88e4097514ae2f64
2025-01-07T20:00:00+00:00,2025-01-07T21:00:00+00:00,20250107,2025-01-07,2025,1,1,January,2,2,Tuesday,false,21,21:00,60,false,0,11,hydro_pumped_storage,Hydro pumped storage,storage,false,11,579.00,579.00,reported,actual_generation_de_2024_2025,8118719a1cd35b8bac2f3933ca90094fc3fdbe4eaf8b653e88e4097514ae2f64
2025-01-07T20:00:00+00:00,2025-01-07T21:00:00+00:00,20250107,2025-01-07,2025,1,1,January,2,2,Tuesday,false,21,21:00,60,false,0,12,other_conventional,Other conventional,conventional,false,12,1582.50,1582.50,reported,actual_generation_de_2024_2025,8118719a1cd35b8bac2f3933ca90094fc3fdbe4eaf8b653e88e4097514ae2f64
2025-01-07T21:00:00+00:00,2025-01-07T22:00:00+00:00,20250107,2025-01-07,2025,1,1,January,2,2,Tuesday,false,22,22:00,60,false,0,1,biomass,Biomass,renewable,true,1,4182.75,4182.75,reported,actual_generation_de_2024_2025,8118719a1cd35b8bac2f3933ca90094fc3fdbe4eaf8b653e88e4097514ae2f64
2025-01-07T21:00:00+00:00,2025-01-07T22:00:00+00:00,20250107,2025-01-07,2025,1,1,January,2,2,Tuesday,false,22,22:00,60,false,0,2,hydropower,Hydropower,renewable,true,2,1737.75,1737.75,reported,actual_generation_de_2024_2025,8118719a1cd35b8bac2f3933ca90094fc3fdbe4eaf8b653e88e4097514ae2f64
2025-01-07T21:00:00+00:00,2025-01-07T22:00:00+00:00,20250107,2025-01-07,2025,1,1,January,2,2,Tuesday,false,22,22:00,60,false,0,3,wind_offshore,Wind offshore,renewable,true,3,3758.00,3758.00,reported,actual_generation_de_2024_2025,8118719a1cd35b8bac2f3933ca90094fc3fdbe4eaf8b653e88e4097514ae2f64
2025-01-07T21:00:00+00:00,2025-01-07T22:00:00+00:00,20250107,2025-01-07,2025,1,1,January,2,2,Tuesday,false,22,22:00,60,false,0,4,wind_onshore,Wind onshore,renewable,true,4,34632.00,34632.00,reported,actual_generation_de_2024_2025,8118719a1cd35b8bac2f3933ca90094fc3fdbe4eaf8b653e88e4097514ae2f64
2025-01-07T21:00:00+00:00,2025-01-07T22:00:00+00:00,20250107,2025-01-07,2025,1,1,January,2,2,Tuesday,false,22,22:00,60,false,0,5,solar_photovoltaic,Solar photovoltaic,renewable,true,5,8.00,8.00,reported,actual_generation_de_2024_2025,8118719a1cd35b8bac2f3933ca90094fc3fdbe4eaf8b653e88e4097514ae2f64
2025-01-07T21:00:00+00:00,2025-01-07T22:00:00+00:00,20250107,2025-01-07,2025,1,1,January,2,2,Tuesday,false,22,22:00,60,false,0,6,other_renewable,Other renewable,renewable,true,6,134.25,134.25,reported,actual_generation_de_2024_2025,8118719a1cd35b8bac2f3933ca90094fc3fdbe4eaf8b653e88e4097514ae2f64
2025-01-07T21:00:00+00:00,2025-01-07T22:00:00+00:00,20250107,2025-01-07,2025,1,1,January,2,2,Tuesday,false,22,22:00,60,false,0,7,nuclear,Nuclear,conventional,false,7,,,unavailable,actual_generation_de_2024_2025,8118719a1cd35b8bac2f3933ca90094fc3fdbe4eaf8b653e88e4097514ae2f64
2025-01-07T21:00:00+00:00,2025-01-07T22:00:00+00:00,20250107,2025-01-07,2025,1,1,January,2,2,Tuesday,false,22,22:00,60,false,0,8,lignite,Lignite,conventional,false,8,6379.50,6379.50,reported,actual_generation_de_2024_2025,8118719a1cd35b8bac2f3933ca90094fc3fdbe4eaf8b653e88e4097514ae2f64
2025-01-07T21:00:00+00:00,2025-01-07T22:00:00+00:00,20250107,2025-01-07,2025,1,1,January,2,2,Tuesday,false,22,22:00,60,false,0,9,hard_coal,Hard coal,conventional,false,9,4624.75,4624.75,reported,actual_generation_de_2024_2025,8118719a1cd35b8bac2f3933ca90094fc3fdbe4eaf8b653e88e4097514ae2f64
2025-01-07T21:00:00+00:00,2025-01-07T22:00:00+00:00,20250107,2025-01-07,2025,1,1,January,2,2,Tuesday,false,22,22:00,60,false,0,10,fossil_gas,Fossil gas,conventional,false,10,7289.50,7289.50,reported,actual_generation_de_2024_2025,8118719a1cd35b8bac2f3933ca90094fc3fdbe4eaf8b653e88e4097514ae2f64
2025-01-07T21:00:00+00:00,2025-01-07T22:00:00+00:00,20250107,2025-01-07,2025,1,1,January,2,2,Tuesday,false,22,22:00,60,false,0,11,hydro_pumped_storage,Hydro pumped storage,storage,false,11,379.50,379.50,reported,actual_generation_de_2024_2025,8118719a1cd35b8bac2f3933ca90094fc3fdbe4eaf8b653e88e4097514ae2f64
2025-01-07T21:00:00+00:00,2025-01-07T22:00:00+00:00,20250107,2025-01-07,2025,1,1,January,2,2,Tuesday,false,22,22:00,60,false,0,12,other_conventional,Other conventional,conventional,false,12,1564.25,1564.25,reported,actual_generation_de_2024_2025,8118719a1cd35b8bac2f3933ca90094fc3fdbe4eaf8b653e88e4097514ae2f64
2025-01-07T22:00:00+00:00,2025-01-07T23:00:00+00:00,20250107,2025-01-07,2025,1,1,January,2,2,Tuesday,false,23,23:00,60,false,0,1,biomass,Biomass,renewable,true,1,4115.00,4115.00,reported,actual_generation_de_2024_2025,8118719a1cd35b8bac2f3933ca90094fc3fdbe4eaf8b653e88e4097514ae2f64
2025-01-07T22:00:00+00:00,2025-01-07T23:00:00+00:00,20250107,2025-01-07,2025,1,1,January,2,2,Tuesday,false,23,23:00,60,false,0,2,hydropower,Hydropower,renewable,true,2,1703.75,1703.75,reported,actual_generation_de_2024_2025,8118719a1cd35b8bac2f3933ca90094fc3fdbe4eaf8b653e88e4097514ae2f64
2025-01-07T22:00:00+00:00,2025-01-07T23:00:00+00:00,20250107,2025-01-07,2025,1,1,January,2,2,Tuesday,false,23,23:00,60,false,0,3,wind_offshore,Wind offshore,renewable,true,3,3252.50,3252.50,reported,actual_generation_de_2024_2025,8118719a1cd35b8bac2f3933ca90094fc3fdbe4eaf8b653e88e4097514ae2f64
2025-01-07T22:00:00+00:00,2025-01-07T23:00:00+00:00,20250107,2025-01-07,2025,1,1,January,2,2,Tuesday,false,23,23:00,60,false,0,4,wind_onshore,Wind onshore,renewable,true,4,34051.50,34051.50,reported,actual_generation_de_2024_2025,8118719a1cd35b8bac2f3933ca90094fc3fdbe4eaf8b653e88e4097514ae2f64
2025-01-07T22:00:00+00:00,2025-01-07T23:00:00+00:00,20250107,2025-01-07,2025,1,1,January,2,2,Tuesday,false,23,23:00,60,false,0,5,solar_photovoltaic,Solar photovoltaic,renewable,true,5,8.00,8.00,reported,actual_generation_de_2024_2025,8118719a1cd35b8bac2f3933ca90094fc3fdbe4eaf8b653e88e4097514ae2f64
2025-01-07T22:00:00+00:00,2025-01-07T23:00:00+00:00,20250107,2025-01-07,2025,1,1,January,2,2,Tuesday,false,23,23:00,60,false,0,6,other_renewable,Other renewable,renewable,true,6,136.00,136.00,reported,actual_generation_de_2024_2025,8118719a1cd35b8bac2f3933ca90094fc3fdbe4eaf8b653e88e4097514ae2f64
2025-01-07T22:00:00+00:00,2025-01-07T23:00:00+00:00,20250107,2025-01-07,2025,1,1,January,2,2,Tuesday,false,23,23:00,60,false,0,7,nuclear,Nuclear,conventional,false,7,,,unavailable,actual_generation_de_2024_2025,8118719a1cd35b8bac2f3933ca90094fc3fdbe4eaf8b653e88e4097514ae2f64
2025-01-07T22:00:00+00:00,2025-01-07T23:00:00+00:00,20250107,2025-01-07,2025,1,1,January,2,2,Tuesday,false,23,23:00,60,false,0,8,lignite,Lignite,conventional,false,8,6126.75,6126.75,reported,actual_generation_de_2024_2025,8118719a1cd35b8bac2f3933ca90094fc3fdbe4eaf8b653e88e4097514ae2f64
2025-01-07T22:00:00+00:00,2025-01-07T23:00:00+00:00,20250107,2025-01-07,2025,1,1,January,2,2,Tuesday,false,23,23:00,60,false,0,9,hard_coal,Hard coal,conventional,false,9,4741.50,4741.50,reported,actual_generation_de_2024_2025,8118719a1cd35b8bac2f3933ca90094fc3fdbe4eaf8b653e88e4097514ae2f64
2025-01-07T22:00:00+00:00,2025-01-07T23:00:00+00:00,20250107,2025-01-07,2025,1,1,January,2,2,Tuesday,false,23,23:00,60,false,0,10,fossil_gas,Fossil gas,conventional,false,10,7081.25,7081.25,reported,actual_generation_de_2024_2025,8118719a1cd35b8bac2f3933ca90094fc3fdbe4eaf8b653e88e4097514ae2f64
2025-01-07T22:00:00+00:00,2025-01-07T23:00:00+00:00,20250107,2025-01-07,2025,1,1,January,2,2,Tuesday,false,23,23:00,60,false,0,11,hydro_pumped_storage,Hydro pumped storage,storage,false,11,162.50,162.50,reported,actual_generation_de_2024_2025,8118719a1cd35b8bac2f3933ca90094fc3fdbe4eaf8b653e88e4097514ae2f64
2025-01-07T22:00:00+00:00,2025-01-07T23:00:00+00:00,20250107,2025-01-07,2025,1,1,January,2,2,Tuesday,false,23,23:00,60,false,0,12,other_conventional,Other conventional,conventional,false,12,1574.75,1574.75,reported,actual_generation_de_2024_2025,8118719a1cd35b8bac2f3933ca90094fc3fdbe4eaf8b653e88e4097514ae2f64
2025-01-07T23:00:00+00:00,2025-01-08T00:00:00+00:00,20250108,2025-01-08,2025,1,1,January,2,3,Wednesday,false,0,00:00,60,false,0,1,biomass,Biomass,renewable,true,1,4008.50,4008.50,reported,actual_generation_de_2024_2025,8118719a1cd35b8bac2f3933ca90094fc3fdbe4eaf8b653e88e4097514ae2f64
2025-01-07T23:00:00+00:00,2025-01-08T00:00:00+00:00,20250108,2025-01-08,2025,1,1,January,2,3,Wednesday,false,0,00:00,60,false,0,2,hydropower,Hydropower,renewable,true,2,1688.75,1688.75,reported,actual_generation_de_2024_2025,8118719a1cd35b8bac2f3933ca90094fc3fdbe4eaf8b653e88e4097514ae2f64
2025-01-07T23:00:00+00:00,2025-01-08T00:00:00+00:00,20250108,2025-01-08,2025,1,1,January,2,3,Wednesday,false,0,00:00,60,false,0,3,wind_offshore,Wind offshore,renewable,true,3,4110.75,4110.75,reported,actual_generation_de_2024_2025,8118719a1cd35b8bac2f3933ca90094fc3fdbe4eaf8b653e88e4097514ae2f64
2025-01-07T23:00:00+00:00,2025-01-08T00:00:00+00:00,20250108,2025-01-08,2025,1,1,January,2,3,Wednesday,false,0,00:00,60,false,0,4,wind_onshore,Wind onshore,renewable,true,4,32930.00,32930.00,reported,actual_generation_de_2024_2025,8118719a1cd35b8bac2f3933ca90094fc3fdbe4eaf8b653e88e4097514ae2f64
2025-01-07T23:00:00+00:00,2025-01-08T00:00:00+00:00,20250108,2025-01-08,2025,1,1,January,2,3,Wednesday,false,0,00:00,60,false,0,5,solar_photovoltaic,Solar photovoltaic,renewable,true,5,7.75,7.75,reported,actual_generation_de_2024_2025,8118719a1cd35b8bac2f3933ca90094fc3fdbe4eaf8b653e88e4097514ae2f64
2025-01-07T23:00:00+00:00,2025-01-08T00:00:00+00:00,20250108,2025-01-08,2025,1,1,January,2,3,Wednesday,false,0,00:00,60,false,0,6,other_renewable,Other renewable,renewable,true,6,136.75,136.75,reported,actual_generation_de_2024_2025,8118719a1cd35b8bac2f3933ca90094fc3fdbe4eaf8b653e88e4097514ae2f64
2025-01-07T23:00:00+00:00,2025-01-08T00:00:00+00:00,20250108,2025-01-08,2025,1,1,January,2,3,Wednesday,false,0,00:00,60,false,0,7,nuclear,Nuclear,conventional,false,7,,,unavailable,actual_generation_de_2024_2025,8118719a1cd35b8bac2f3933ca90094fc3fdbe4eaf8b653e88e4097514ae2f64
2025-01-07T23:00:00+00:00,2025-01-08T00:00:00+00:00,20250108,2025-01-08,2025,1,1,January,2,3,Wednesday,false,0,00:00,60,false,0,8,lignite,Lignite,conventional,false,8,6197.00,6197.00,reported,actual_generation_de_2024_2025,8118719a1cd35b8bac2f3933ca90094fc3fdbe4eaf8b653e88e4097514ae2f64
2025-01-07T23:00:00+00:00,2025-01-08T00:00:00+00:00,20250108,2025-01-08,2025,1,1,January,2,3,Wednesday,false,0,00:00,60,false,0,9,hard_coal,Hard coal,conventional,false,9,3735.50,3735.50,reported,actual_generation_de_2024_2025,8118719a1cd35b8bac2f3933ca90094fc3fdbe4eaf8b653e88e4097514ae2f64
2025-01-07T23:00:00+00:00,2025-01-08T00:00:00+00:00,20250108,2025-01-08,2025,1,1,January,2,3,Wednesday,false,0,00:00,60,false,0,10,fossil_gas,Fossil gas,conventional,false,10,6587.75,6587.75,reported,actual_generation_de_2024_2025,8118719a1cd35b8bac2f3933ca90094fc3fdbe4eaf8b653e88e4097514ae2f64
2025-01-07T23:00:00+00:00,2025-01-08T00:00:00+00:00,20250108,2025-01-08,2025,1,1,January,2,3,Wednesday,false,0,00:00,60,false,0,11,hydro_pumped_storage,Hydro pumped storage,storage,false,11,80.25,80.25,reported,actual_generation_de_2024_2025,8118719a1cd35b8bac2f3933ca90094fc3fdbe4eaf8b653e88e4097514ae2f64
2025-01-07T23:00:00+00:00,2025-01-08T00:00:00+00:00,20250108,2025-01-08,2025,1,1,January,2,3,Wednesday,false,0,00:00,60,false,0,12,other_conventional,Other conventional,conventional,false,12,1673.75,1673.75,reported,actual_generation_de_2024_2025,8118719a1cd35b8bac2f3933ca90094fc3fdbe4eaf8b653e88e4097514ae2f64
2025-01-08T00:00:00+00:00,2025-01-08T01:00:00+00:00,20250108,2025-01-08,2025,1,1,January,2,3,Wednesday,false,1,01:00,60,false,0,1,biomass,Biomass,renewable,true,1,3986.25,3986.25,reported,actual_generation_de_2024_2025,8118719a1cd35b8bac2f3933ca90094fc3fdbe4eaf8b653e88e4097514ae2f64
2025-01-08T00:00:00+00:00,2025-01-08T01:00:00+00:00,20250108,2025-01-08,2025,1,1,January,2,3,Wednesday,false,1,01:00,60,false,0,2,hydropower,Hydropower,renewable,true,2,1661.75,1661.75,reported,actual_generation_de_2024_2025,8118719a1cd35b8bac2f3933ca90094fc3fdbe4eaf8b653e88e4097514ae2f64
2025-01-08T00:00:00+00:00,2025-01-08T01:00:00+00:00,20250108,2025-01-08,2025,1,1,January,2,3,Wednesday,false,1,01:00,60,false,0,3,wind_offshore,Wind offshore,renewable,true,3,4080.75,4080.75,reported,actual_generation_de_2024_2025,8118719a1cd35b8bac2f3933ca90094fc3fdbe4eaf8b653e88e4097514ae2f64
2025-01-08T00:00:00+00:00,2025-01-08T01:00:00+00:00,20250108,2025-01-08,2025,1,1,January,2,3,Wednesday,false,1,01:00,60,false,0,4,wind_onshore,Wind onshore,renewable,true,4,31818.25,31818.25,reported,actual_generation_de_2024_2025,8118719a1cd35b8bac2f3933ca90094fc3fdbe4eaf8b653e88e4097514ae2f64
2025-01-08T00:00:00+00:00,2025-01-08T01:00:00+00:00,20250108,2025-01-08,2025,1,1,January,2,3,Wednesday,false,1,01:00,60,false,0,5,solar_photovoltaic,Solar photovoltaic,renewable,true,5,8.25,8.25,reported,actual_generation_de_2024_2025,8118719a1cd35b8bac2f3933ca90094fc3fdbe4eaf8b653e88e4097514ae2f64
2025-01-08T00:00:00+00:00,2025-01-08T01:00:00+00:00,20250108,2025-01-08,2025,1,1,January,2,3,Wednesday,false,1,01:00,60,false,0,6,other_renewable,Other renewable,renewable,true,6,137.00,137.00,reported,actual_generation_de_2024_2025,8118719a1cd35b8bac2f3933ca90094fc3fdbe4eaf8b653e88e4097514ae2f64
2025-01-08T00:00:00+00:00,2025-01-08T01:00:00+00:00,20250108,2025-01-08,2025,1,1,January,2,3,Wednesday,false,1,01:00,60,false,0,7,nuclear,Nuclear,conventional,false,7,,,unavailable,actual_generation_de_2024_2025,8118719a1cd35b8bac2f3933ca90094fc3fdbe4eaf8b653e88e4097514ae2f64
2025-01-08T00:00:00+00:00,2025-01-08T01:00:00+00:00,20250108,2025-01-08,2025,1,1,January,2,3,Wednesday,false,1,01:00,60,false,0,8,lignite,Lignite,conventional,false,8,6436.75,6436.75,reported,actual_generation_de_2024_2025,8118719a1cd35b8bac2f3933ca90094fc3fdbe4eaf8b653e88e4097514ae2f64
2025-01-08T00:00:00+00:00,2025-01-08T01:00:00+00:00,20250108,2025-01-08,2025,1,1,January,2,3,Wednesday,false,1,01:00,60,false,0,9,hard_coal,Hard coal,conventional,false,9,3364.50,3364.50,reported,actual_generation_de_2024_2025,8118719a1cd35b8bac2f3933ca90094fc3fdbe4eaf8b653e88e4097514ae2f64
2025-01-08T00:00:00+00:00,2025-01-08T01:00:00+00:00,20250108,2025-01-08,2025,1,1,January,2,3,Wednesday,false,1,01:00,60,false,0,10,fossil_gas,Fossil gas,conventional,false,10,6850.75,6850.75,reported,actual_generation_de_2024_2025,8118719a1cd35b8bac2f3933ca90094fc3fdbe4eaf8b653e88e4097514ae2f64
2025-01-08T00:00:00+00:00,2025-01-08T01:00:00+00:00,20250108,2025-01-08,2025,1,1,January,2,3,Wednesday,false,1,01:00,60,false,0,11,hydro_pumped_storage,Hydro pumped storage,storage,false,11,23.00,23.00,reported,actual_generation_de_2024_2025,8118719a1cd35b8bac2f3933ca90094fc3fdbe4eaf8b653e88e4097514ae2f64
2025-01-08T00:00:00+00:00,2025-01-08T01:00:00+00:00,20250108,2025-01-08,2025,1,1,January,2,3,Wednesday,false,1,01:00,60,false,0,12,other_conventional,Other conventional,conventional,false,12,1632.00,1632.00,reported,actual_generation_de_2024_2025,8118719a1cd35b8bac2f3933ca90094fc3fdbe4eaf8b653e88e4097514ae2f64
2025-01-08T01:00:00+00:00,2025-01-08T02:00:00+00:00,20250108,2025-01-08,2025,1,1,January,2,3,Wednesday,false,2,02:00,60,false,0,1,biomass,Biomass,renewable,true,1,3975.25,3975.25,reported,actual_generation_de_2024_2025,8118719a1cd35b8bac2f3933ca90094fc3fdbe4eaf8b653e88e4097514ae2f64
2025-01-08T01:00:00+00:00,2025-01-08T02:00:00+00:00,20250108,2025-01-08,2025,1,1,January,2,3,Wednesday,false,2,02:00,60,false,0,2,hydropower,Hydropower,renewable,true,2,1683.50,1683.50,reported,actual_generation_de_2024_2025,8118719a1cd35b8bac2f3933ca90094fc3fdbe4eaf8b653e88e4097514ae2f64
2025-01-08T01:00:00+00:00,2025-01-08T02:00:00+00:00,20250108,2025-01-08,2025,1,1,January,2,3,Wednesday,false,2,02:00,60,false,0,3,wind_offshore,Wind offshore,renewable,true,3,3727.75,3727.75,reported,actual_generation_de_2024_2025,8118719a1cd35b8bac2f3933ca90094fc3fdbe4eaf8b653e88e4097514ae2f64
2025-01-08T01:00:00+00:00,2025-01-08T02:00:00+00:00,20250108,2025-01-08,2025,1,1,January,2,3,Wednesday,false,2,02:00,60,false,0,4,wind_onshore,Wind onshore,renewable,true,4,30318.00,30318.00,reported,actual_generation_de_2024_2025,8118719a1cd35b8bac2f3933ca90094fc3fdbe4eaf8b653e88e4097514ae2f64
2025-01-08T01:00:00+00:00,2025-01-08T02:00:00+00:00,20250108,2025-01-08,2025,1,1,January,2,3,Wednesday,false,2,02:00,60,false,0,5,solar_photovoltaic,Solar photovoltaic,renewable,true,5,7.75,7.75,reported,actual_generation_de_2024_2025,8118719a1cd35b8bac2f3933ca90094fc3fdbe4eaf8b653e88e4097514ae2f64
2025-01-08T01:00:00+00:00,2025-01-08T02:00:00+00:00,20250108,2025-01-08,2025,1,1,January,2,3,Wednesday,false,2,02:00,60,false,0,6,other_renewable,Other renewable,renewable,true,6,136.75,136.75,reported,actual_generation_de_2024_2025,8118719a1cd35b8bac2f3933ca90094fc3fdbe4eaf8b653e88e4097514ae2f64
2025-01-08T01:00:00+00:00,2025-01-08T02:00:00+00:00,20250108,2025-01-08,2025,1,1,January,2,3,Wednesday,false,2,02:00,60,false,0,7,nuclear,Nuclear,conventional,false,7,,,unavailable,actual_generation_de_2024_2025,8118719a1cd35b8bac2f3933ca90094fc3fdbe4eaf8b653e88e4097514ae2f64
2025-01-08T01:00:00+00:00,2025-01-08T02:00:00+00:00,20250108,2025-01-08,2025,1,1,January,2,3,Wednesday,false,2,02:00,60,false,0,8,lignite,Lignite,conventional,false,8,6642.50,6642.50,reported,actual_generation_de_2024_2025,8118719a1cd35b8bac2f3933ca90094fc3fdbe4eaf8b653e88e4097514ae2f64
2025-01-08T01:00:00+00:00,2025-01-08T02:00:00+00:00,20250108,2025-01-08,2025,1,1,January,2,3,Wednesday,false,2,02:00,60,false,0,9,hard_coal,Hard coal,conventional,false,9,3112.50,3112.50,reported,actual_generation_de_2024_2025,8118719a1cd35b8bac2f3933ca90094fc3fdbe4eaf8b653e88e4097514ae2f64
2025-01-08T01:00:00+00:00,2025-01-08T02:00:00+00:00,20250108,2025-01-08,2025,1,1,January,2,3,Wednesday,false,2,02:00,60,false,0,10,fossil_gas,Fossil gas,conventional,false,10,7524.00,7524.00,reported,actual_generation_de_2024_2025,8118719a1cd35b8bac2f3933ca90094fc3fdbe4eaf8b653e88e4097514ae2f64
2025-01-08T01:00:00+00:00,2025-01-08T02:00:00+00:00,20250108,2025-01-08,2025,1,1,January,2,3,Wednesday,false,2,02:00,60,false,0,11,hydro_pumped_storage,Hydro pumped storage,storage,false,11,21.00,21.00,reported,actual_generation_de_2024_2025,8118719a1cd35b8bac2f3933ca90094fc3fdbe4eaf8b653e88e4097514ae2f64
2025-01-08T01:00:00+00:00,2025-01-08T02:00:00+00:00,20250108,2025-01-08,2025,1,1,January,2,3,Wednesday,false,2,02:00,60,false,0,12,other_conventional,Other conventional,conventional,false,12,1624.75,1624.75,reported,actual_generation_de_2024_2025,8118719a1cd35b8bac2f3933ca90094fc3fdbe4eaf8b653e88e4097514ae2f64
2025-01-08T02:00:00+00:00,2025-01-08T03:00:00+00:00,20250108,2025-01-08,2025,1,1,January,2,3,Wednesday,false,3,03:00,60,false,0,1,biomass,Biomass,renewable,true,1,3973.25,3973.25,reported,actual_generation_de_2024_2025,8118719a1cd35b8bac2f3933ca90094fc3fdbe4eaf8b653e88e4097514ae2f64
2025-01-08T02:00:00+00:00,2025-01-08T03:00:00+00:00,20250108,2025-01-08,2025,1,1,January,2,3,Wednesday,false,3,03:00,60,false,0,2,hydropower,Hydropower,renewable,true,2,1700.75,1700.75,reported,actual_generation_de_2024_2025,8118719a1cd35b8bac2f3933ca90094fc3fdbe4eaf8b653e88e4097514ae2f64
2025-01-08T02:00:00+00:00,2025-01-08T03:00:00+00:00,20250108,2025-01-08,2025,1,1,January,2,3,Wednesday,false,3,03:00,60,false,0,3,wind_offshore,Wind offshore,renewable,true,3,3808.75,3808.75,reported,actual_generation_de_2024_2025,8118719a1cd35b8bac2f3933ca90094fc3fdbe4eaf8b653e88e4097514ae2f64
2025-01-08T02:00:00+00:00,2025-01-08T03:00:00+00:00,20250108,2025-01-08,2025,1,1,January,2,3,Wednesday,false,3,03:00,60,false,0,4,wind_onshore,Wind onshore,renewable,true,4,29600.00,29600.00,reported,actual_generation_de_2024_2025,8118719a1cd35b8bac2f3933ca90094fc3fdbe4eaf8b653e88e4097514ae2f64
2025-01-08T02:00:00+00:00,2025-01-08T03:00:00+00:00,20250108,2025-01-08,2025,1,1,January,2,3,Wednesday,false,3,03:00,60,false,0,5,solar_photovoltaic,Solar photovoltaic,renewable,true,5,7.75,7.75,reported,actual_generation_de_2024_2025,8118719a1cd35b8bac2f3933ca90094fc3fdbe4eaf8b653e88e4097514ae2f64
2025-01-08T02:00:00+00:00,2025-01-08T03:00:00+00:00,20250108,2025-01-08,2025,1,1,January,2,3,Wednesday,false,3,03:00,60,false,0,6,other_renewable,Other renewable,renewable,true,6,137.00,137.00,reported,actual_generation_de_2024_2025,8118719a1cd35b8bac2f3933ca90094fc3fdbe4eaf8b653e88e4097514ae2f64
2025-01-08T02:00:00+00:00,2025-01-08T03:00:00+00:00,20250108,2025-01-08,2025,1,1,January,2,3,Wednesday,false,3,03:00,60,false,0,7,nuclear,Nuclear,conventional,false,7,,,unavailable,actual_generation_de_2024_2025,8118719a1cd35b8bac2f3933ca90094fc3fdbe4eaf8b653e88e4097514ae2f64
2025-01-08T02:00:00+00:00,2025-01-08T03:00:00+00:00,20250108,2025-01-08,2025,1,1,January,2,3,Wednesday,false,3,03:00,60,false,0,8,lignite,Lignite,conventional,false,8,6569.00,6569.00,reported,actual_generation_de_2024_2025,8118719a1cd35b8bac2f3933ca90094fc3fdbe4eaf8b653e88e4097514ae2f64
2025-01-08T02:00:00+00:00,2025-01-08T03:00:00+00:00,20250108,2025-01-08,2025,1,1,January,2,3,Wednesday,false,3,03:00,60,false,0,9,hard_coal,Hard coal,conventional,false,9,3035.00,3035.00,reported,actual_generation_de_2024_2025,8118719a1cd35b8bac2f3933ca90094fc3fdbe4eaf8b653e88e4097514ae2f64
2025-01-08T02:00:00+00:00,2025-01-08T03:00:00+00:00,20250108,2025-01-08,2025,1,1,January,2,3,Wednesday,false,3,03:00,60,false,0,10,fossil_gas,Fossil gas,conventional,false,10,7845.75,7845.75,reported,actual_generation_de_2024_2025,8118719a1cd35b8bac2f3933ca90094fc3fdbe4eaf8b653e88e4097514ae2f64
2025-01-08T02:00:00+00:00,2025-01-08T03:00:00+00:00,20250108,2025-01-08,2025,1,1,January,2,3,Wednesday,false,3,03:00,60,false,0,11,hydro_pumped_storage,Hydro pumped storage,storage,false,11,20.00,20.00,reported,actual_generation_de_2024_2025,8118719a1cd35b8bac2f3933ca90094fc3fdbe4eaf8b653e88e4097514ae2f64
2025-01-08T02:00:00+00:00,2025-01-08T03:00:00+00:00,20250108,2025-01-08,2025,1,1,January,2,3,Wednesday,false,3,03:00,60,false,0,12,other_conventional,Other conventional,conventional,false,12,1618.00,1618.00,reported,actual_generation_de_2024_2025,8118719a1cd35b8bac2f3933ca90094fc3fdbe4eaf8b653e88e4097514ae2f64
2025-01-08T03:00:00+00:00,2025-01-08T04:00:00+00:00,20250108,2025-01-08,2025,1,1,January,2,3,Wednesday,false,4,04:00,60,false,0,1,biomass,Biomass,renewable,true,1,3911.75,3911.75,reported,actual_generation_de_2024_2025,8118719a1cd35b8bac2f3933ca90094fc3fdbe4eaf8b653e88e4097514ae2f64
2025-01-08T03:00:00+00:00,2025-01-08T04:00:00+00:00,20250108,2025-01-08,2025,1,1,January,2,3,Wednesday,false,4,04:00,60,false,0,2,hydropower,Hydropower,renewable,true,2,1666.25,1666.25,reported,actual_generation_de_2024_2025,8118719a1cd35b8bac2f3933ca90094fc3fdbe4eaf8b653e88e4097514ae2f64
2025-01-08T03:00:00+00:00,2025-01-08T04:00:00+00:00,20250108,2025-01-08,2025,1,1,January,2,3,Wednesday,false,4,04:00,60,false,0,3,wind_offshore,Wind offshore,renewable,true,3,3649.75,3649.75,reported,actual_generation_de_2024_2025,8118719a1cd35b8bac2f3933ca90094fc3fdbe4eaf8b653e88e4097514ae2f64
2025-01-08T03:00:00+00:00,2025-01-08T04:00:00+00:00,20250108,2025-01-08,2025,1,1,January,2,3,Wednesday,false,4,04:00,60,false,0,4,wind_onshore,Wind onshore,renewable,true,4,29620.75,29620.75,reported,actual_generation_de_2024_2025,8118719a1cd35b8bac2f3933ca90094fc3fdbe4eaf8b653e88e4097514ae2f64
2025-01-08T03:00:00+00:00,2025-01-08T04:00:00+00:00,20250108,2025-01-08,2025,1,1,January,2,3,Wednesday,false,4,04:00,60,false,0,5,solar_photovoltaic,Solar photovoltaic,renewable,true,5,7.00,7.00,reported,actual_generation_de_2024_2025,8118719a1cd35b8bac2f3933ca90094fc3fdbe4eaf8b653e88e4097514ae2f64
2025-01-08T03:00:00+00:00,2025-01-08T04:00:00+00:00,20250108,2025-01-08,2025,1,1,January,2,3,Wednesday,false,4,04:00,60,false,0,6,other_renewable,Other renewable,renewable,true,6,135.75,135.75,reported,actual_generation_de_2024_2025,8118719a1cd35b8bac2f3933ca90094fc3fdbe4eaf8b653e88e4097514ae2f64
2025-01-08T03:00:00+00:00,2025-01-08T04:00:00+00:00,20250108,2025-01-08,2025,1,1,January,2,3,Wednesday,false,4,04:00,60,false,0,7,nuclear,Nuclear,conventional,false,7,,,unavailable,actual_generation_de_2024_2025,8118719a1cd35b8bac2f3933ca90094fc3fdbe4eaf8b653e88e4097514ae2f64
2025-01-08T03:00:00+00:00,2025-01-08T04:00:00+00:00,20250108,2025-01-08,2025,1,1,January,2,3,Wednesday,false,4,04:00,60,false,0,8,lignite,Lignite,conventional,false,8,6809.00,6809.00,reported,actual_generation_de_2024_2025,8118719a1cd35b8bac2f3933ca90094fc3fdbe4eaf8b653e88e4097514ae2f64
2025-01-08T03:00:00+00:00,2025-01-08T04:00:00+00:00,20250108,2025-01-08,2025,1,1,January,2,3,Wednesday,false,4,04:00,60,false,0,9,hard_coal,Hard coal,conventional,false,9,3227.25,3227.25,reported,actual_generation_de_2024_2025,8118719a1cd35b8bac2f3933ca90094fc3fdbe4eaf8b653e88e4097514ae2f64
2025-01-08T03:00:00+00:00,2025-01-08T04:00:00+00:00,20250108,2025-01-08,2025,1,1,January,2,3,Wednesday,false,4,04:00,60,false,0,10,fossil_gas,Fossil gas,conventional,false,10,8419.00,8419.00,reported,actual_generation_de_2024_2025,8118719a1cd35b8bac2f3933ca90094fc3fdbe4eaf8b653e88e4097514ae2f64
2025-01-08T03:00:00+00:00,2025-01-08T04:00:00+00:00,20250108,2025-01-08,2025,1,1,January,2,3,Wednesday,false,4,04:00,60,false,0,11,hydro_pumped_storage,Hydro pumped storage,storage,false,11,26.75,26.75,reported,actual_generation_de_2024_2025,8118719a1cd35b8bac2f3933ca90094fc3fdbe4eaf8b653e88e4097514ae2f64
2025-01-08T03:00:00+00:00,2025-01-08T04:00:00+00:00,20250108,2025-01-08,2025,1,1,January,2,3,Wednesday,false,4,04:00,60,false,0,12,other_conventional,Other conventional,conventional,false,12,1613.50,1613.50,reported,actual_generation_de_2024_2025,8118719a1cd35b8bac2f3933ca90094fc3fdbe4eaf8b653e88e4097514ae2f64
2025-01-08T04:00:00+00:00,2025-01-08T05:00:00+00:00,20250108,2025-01-08,2025,1,1,January,2,3,Wednesday,false,5,05:00,60,false,0,1,biomass,Biomass,renewable,true,1,3930.50,3930.50,reported,actual_generation_de_2024_2025,8118719a1cd35b8bac2f3933ca90094fc3fdbe4eaf8b653e88e4097514ae2f64
2025-01-08T04:00:00+00:00,2025-01-08T05:00:00+00:00,20250108,2025-01-08,2025,1,1,January,2,3,Wednesday,false,5,05:00,60,false,0,2,hydropower,Hydropower,renewable,true,2,1656.50,1656.50,reported,actual_generation_de_2024_2025,8118719a1cd35b8bac2f3933ca90094fc3fdbe4eaf8b653e88e4097514ae2f64
2025-01-08T04:00:00+00:00,2025-01-08T05:00:00+00:00,20250108,2025-01-08,2025,1,1,January,2,3,Wednesday,false,5,05:00,60,false,0,3,wind_offshore,Wind offshore,renewable,true,3,3811.25,3811.25,reported,actual_generation_de_2024_2025,8118719a1cd35b8bac2f3933ca90094fc3fdbe4eaf8b653e88e4097514ae2f64
2025-01-08T04:00:00+00:00,2025-01-08T05:00:00+00:00,20250108,2025-01-08,2025,1,1,January,2,3,Wednesday,false,5,05:00,60,false,0,4,wind_onshore,Wind onshore,renewable,true,4,29645.50,29645.50,reported,actual_generation_de_2024_2025,8118719a1cd35b8bac2f3933ca90094fc3fdbe4eaf8b653e88e4097514ae2f64
2025-01-08T04:00:00+00:00,2025-01-08T05:00:00+00:00,20250108,2025-01-08,2025,1,1,January,2,3,Wednesday,false,5,05:00,60,false,0,5,solar_photovoltaic,Solar photovoltaic,renewable,true,5,7.00,7.00,reported,actual_generation_de_2024_2025,8118719a1cd35b8bac2f3933ca90094fc3fdbe4eaf8b653e88e4097514ae2f64
2025-01-08T04:00:00+00:00,2025-01-08T05:00:00+00:00,20250108,2025-01-08,2025,1,1,January,2,3,Wednesday,false,5,05:00,60,false,0,6,other_renewable,Other renewable,renewable,true,6,134.25,134.25,reported,actual_generation_de_2024_2025,8118719a1cd35b8bac2f3933ca90094fc3fdbe4eaf8b653e88e4097514ae2f64
2025-01-08T04:00:00+00:00,2025-01-08T05:00:00+00:00,20250108,2025-01-08,2025,1,1,January,2,3,Wednesday,false,5,05:00,60,false,0,7,nuclear,Nuclear,conventional,false,7,,,unavailable,actual_generation_de_2024_2025,8118719a1cd35b8bac2f3933ca90094fc3fdbe4eaf8b653e88e4097514ae2f64
2025-01-08T04:00:00+00:00,2025-01-08T05:00:00+00:00,20250108,2025-01-08,2025,1,1,January,2,3,Wednesday,false,5,05:00,60,false,0,8,lignite,Lignite,conventional,false,8,7589.75,7589.75,reported,actual_generation_de_2024_2025,8118719a1cd35b8bac2f3933ca90094fc3fdbe4eaf8b653e88e4097514ae2f64
2025-01-08T04:00:00+00:00,2025-01-08T05:00:00+00:00,20250108,2025-01-08,2025,1,1,January,2,3,Wednesday,false,5,05:00,60,false,0,9,hard_coal,Hard coal,conventional,false,9,3959.25,3959.25,reported,actual_generation_de_2024_2025,8118719a1cd35b8bac2f3933ca90094fc3fdbe4eaf8b653e88e4097514ae2f64
2025-01-08T04:00:00+00:00,2025-01-08T05:00:00+00:00,20250108,2025-01-08,2025,1,1,January,2,3,Wednesday,false,5,05:00,60,false,0,10,fossil_gas,Fossil gas,conventional,false,10,9498.25,9498.25,reported,actual_generation_de_2024_2025,8118719a1cd35b8bac2f3933ca90094fc3fdbe4eaf8b653e88e4097514ae2f64
2025-01-08T04:00:00+00:00,2025-01-08T05:00:00+00:00,20250108,2025-01-08,2025,1,1,January,2,3,Wednesday,false,5,05:00,60,false,0,11,hydro_pumped_storage,Hydro pumped storage,storage,false,11,41.00,41.00,reported,actual_generation_de_2024_2025,8118719a1cd35b8bac2f3933ca90094fc3fdbe4eaf8b653e88e4097514ae2f64
2025-01-08T04:00:00+00:00,2025-01-08T05:00:00+00:00,20250108,2025-01-08,2025,1,1,January,2,3,Wednesday,false,5,05:00,60,false,0,12,other_conventional,Other conventional,conventional,false,12,1602.25,1602.25,reported,actual_generation_de_2024_2025,8118719a1cd35b8bac2f3933ca90094fc3fdbe4eaf8b653e88e4097514ae2f64
2025-01-08T05:00:00+00:00,2025-01-08T06:00:00+00:00,20250108,2025-01-08,2025,1,1,January,2,3,Wednesday,false,6,06:00,60,false,0,1,biomass,Biomass,renewable,true,1,4036.75,4036.75,reported,actual_generation_de_2024_2025,8118719a1cd35b8bac2f3933ca90094fc3fdbe4eaf8b653e88e4097514ae2f64
2025-01-08T05:00:00+00:00,2025-01-08T06:00:00+00:00,20250108,2025-01-08,2025,1,1,January,2,3,Wednesday,false,6,06:00,60,false,0,2,hydropower,Hydropower,renewable,true,2,1676.00,1676.00,reported,actual_generation_de_2024_2025,8118719a1cd35b8bac2f3933ca90094fc3fdbe4eaf8b653e88e4097514ae2f64
2025-01-08T05:00:00+00:00,2025-01-08T06:00:00+00:00,20250108,2025-01-08,2025,1,1,January,2,3,Wednesday,false,6,06:00,60,false,0,3,wind_offshore,Wind offshore,renewable,true,3,3973.25,3973.25,reported,actual_generation_de_2024_2025,8118719a1cd35b8bac2f3933ca90094fc3fdbe4eaf8b653e88e4097514ae2f64
2025-01-08T05:00:00+00:00,2025-01-08T06:00:00+00:00,20250108,2025-01-08,2025,1,1,January,2,3,Wednesday,false,6,06:00,60,false,0,4,wind_onshore,Wind onshore,renewable,true,4,30749.25,30749.25,reported,actual_generation_de_2024_2025,8118719a1cd35b8bac2f3933ca90094fc3fdbe4eaf8b653e88e4097514ae2f64
2025-01-08T05:00:00+00:00,2025-01-08T06:00:00+00:00,20250108,2025-01-08,2025,1,1,January,2,3,Wednesday,false,6,06:00,60,false,0,5,solar_photovoltaic,Solar photovoltaic,renewable,true,5,9.50,9.50,reported,actual_generation_de_2024_2025,8118719a1cd35b8bac2f3933ca90094fc3fdbe4eaf8b653e88e4097514ae2f64
2025-01-08T05:00:00+00:00,2025-01-08T06:00:00+00:00,20250108,2025-01-08,2025,1,1,January,2,3,Wednesday,false,6,06:00,60,false,0,6,other_renewable,Other renewable,renewable,true,6,131.50,131.50,reported,actual_generation_de_2024_2025,8118719a1cd35b8bac2f3933ca90094fc3fdbe4eaf8b653e88e4097514ae2f64
2025-01-08T05:00:00+00:00,2025-01-08T06:00:00+00:00,20250108,2025-01-08,2025,1,1,January,2,3,Wednesday,false,6,06:00,60,false,0,7,nuclear,Nuclear,conventional,false,7,,,unavailable,actual_generation_de_2024_2025,8118719a1cd35b8bac2f3933ca90094fc3fdbe4eaf8b653e88e4097514ae2f64
2025-01-08T05:00:00+00:00,2025-01-08T06:00:00+00:00,20250108,2025-01-08,2025,1,1,January,2,3,Wednesday,false,6,06:00,60,false,0,8,lignite,Lignite,conventional,false,8,8251.25,8251.25,reported,actual_generation_de_2024_2025,8118719a1cd35b8bac2f3933ca90094fc3fdbe4eaf8b653e88e4097514ae2f64
2025-01-08T05:00:00+00:00,2025-01-08T06:00:00+00:00,20250108,2025-01-08,2025,1,1,January,2,3,Wednesday,false,6,06:00,60,false,0,9,hard_coal,Hard coal,conventional,false,9,4871.00,4871.00,reported,actual_generation_de_2024_2025,8118719a1cd35b8bac2f3933ca90094fc3fdbe4eaf8b653e88e4097514ae2f64
2025-01-08T05:00:00+00:00,2025-01-08T06:00:00+00:00,20250108,2025-01-08,2025,1,1,January,2,3,Wednesday,false,6,06:00,60,false,0,10,fossil_gas,Fossil gas,conventional,false,10,10902.75,10902.75,reported,actual_generation_de_2024_2025,8118719a1cd35b8bac2f3933ca90094fc3fdbe4eaf8b653e88e4097514ae2f64
2025-01-08T05:00:00+00:00,2025-01-08T06:00:00+00:00,20250108,2025-01-08,2025,1,1,January,2,3,Wednesday,false,6,06:00,60,false,0,11,hydro_pumped_storage,Hydro pumped storage,storage,false,11,256.25,256.25,reported,actual_generation_de_2024_2025,8118719a1cd35b8bac2f3933ca90094fc3fdbe4eaf8b653e88e4097514ae2f64
2025-01-08T05:00:00+00:00,2025-01-08T06:00:00+00:00,20250108,2025-01-08,2025,1,1,January,2,3,Wednesday,false,6,06:00,60,false,0,12,other_conventional,Other conventional,conventional,false,12,1609.50,1609.50,reported,actual_generation_de_2024_2025,8118719a1cd35b8bac2f3933ca90094fc3fdbe4eaf8b653e88e4097514ae2f64
2025-01-08T06:00:00+00:00,2025-01-08T07:00:00+00:00,20250108,2025-01-08,2025,1,1,January,2,3,Wednesday,false,7,07:00,60,false,0,1,biomass,Biomass,renewable,true,1,4242.00,4242.00,reported,actual_generation_de_2024_2025,8118719a1cd35b8bac2f3933ca90094fc3fdbe4eaf8b653e88e4097514ae2f64
2025-01-08T06:00:00+00:00,2025-01-08T07:00:00+00:00,20250108,2025-01-08,2025,1,1,January,2,3,Wednesday,false,7,07:00,60,false,0,2,hydropower,Hydropower,renewable,true,2,1678.25,1678.25,reported,actual_generation_de_2024_2025,8118719a1cd35b8bac2f3933ca90094fc3fdbe4eaf8b653e88e4097514ae2f64
2025-01-08T06:00:00+00:00,2025-01-08T07:00:00+00:00,20250108,2025-01-08,2025,1,1,January,2,3,Wednesday,false,7,07:00,60,false,0,3,wind_offshore,Wind offshore,renewable,true,3,4833.00,4833.00,reported,actual_generation_de_2024_2025,8118719a1cd35b8bac2f3933ca90094fc3fdbe4eaf8b653e88e4097514ae2f64
2025-01-08T06:00:00+00:00,2025-01-08T07:00:00+00:00,20250108,2025-01-08,2025,1,1,January,2,3,Wednesday,false,7,07:00,60,false,0,4,wind_onshore,Wind onshore,renewable,true,4,30376.50,30376.50,reported,actual_generation_de_2024_2025,8118719a1cd35b8bac2f3933ca90094fc3fdbe4eaf8b653e88e4097514ae2f64
2025-01-08T06:00:00+00:00,2025-01-08T07:00:00+00:00,20250108,2025-01-08,2025,1,1,January,2,3,Wednesday,false,7,07:00,60,false,0,5,solar_photovoltaic,Solar photovoltaic,renewable,true,5,11.75,11.75,reported,actual_generation_de_2024_2025,8118719a1cd35b8bac2f3933ca90094fc3fdbe4eaf8b653e88e4097514ae2f64
2025-01-08T06:00:00+00:00,2025-01-08T07:00:00+00:00,20250108,2025-01-08,2025,1,1,January,2,3,Wednesday,false,7,07:00,60,false,0,6,other_renewable,Other renewable,renewable,true,6,128.75,128.75,reported,actual_generation_de_2024_2025,8118719a1cd35b8bac2f3933ca90094fc3fdbe4eaf8b653e88e4097514ae2f64
2025-01-08T06:00:00+00:00,2025-01-08T07:00:00+00:00,20250108,2025-01-08,2025,1,1,January,2,3,Wednesday,false,7,07:00,60,false,0,7,nuclear,Nuclear,conventional,false,7,,,unavailable,actual_generation_de_2024_2025,8118719a1cd35b8bac2f3933ca90094fc3fdbe4eaf8b653e88e4097514ae2f64
2025-01-08T06:00:00+00:00,2025-01-08T07:00:00+00:00,20250108,2025-01-08,2025,1,1,January,2,3,Wednesday,false,7,07:00,60,false,0,8,lignite,Lignite,conventional,false,8,8589.25,8589.25,reported,actual_generation_de_2024_2025,8118719a1cd35b8bac2f3933ca90094fc3fdbe4eaf8b653e88e4097514ae2f64
2025-01-08T06:00:00+00:00,2025-01-08T07:00:00+00:00,20250108,2025-01-08,2025,1,1,January,2,3,Wednesday,false,7,07:00,60,false,0,9,hard_coal,Hard coal,conventional,false,9,5679.75,5679.75,reported,actual_generation_de_2024_2025,8118719a1cd35b8bac2f3933ca90094fc3fdbe4eaf8b653e88e4097514ae2f64
2025-01-08T06:00:00+00:00,2025-01-08T07:00:00+00:00,20250108,2025-01-08,2025,1,1,January,2,3,Wednesday,false,7,07:00,60,false,0,10,fossil_gas,Fossil gas,conventional,false,10,12511.25,12511.25,reported,actual_generation_de_2024_2025,8118719a1cd35b8bac2f3933ca90094fc3fdbe4eaf8b653e88e4097514ae2f64
2025-01-08T06:00:00+00:00,2025-01-08T07:00:00+00:00,20250108,2025-01-08,2025,1,1,January,2,3,Wednesday,false,7,07:00,60,false,0,11,hydro_pumped_storage,Hydro pumped storage,storage,false,11,224.50,224.50,reported,actual_generation_de_2024_2025,8118719a1cd35b8bac2f3933ca90094fc3fdbe4eaf8b653e88e4097514ae2f64
2025-01-08T06:00:00+00:00,2025-01-08T07:00:00+00:00,20250108,2025-01-08,2025,1,1,January,2,3,Wednesday,false,7,07:00,60,false,0,12,other_conventional,Other conventional,conventional,false,12,1605.50,1605.50,reported,actual_generation_de_2024_2025,8118719a1cd35b8bac2f3933ca90094fc3fdbe4eaf8b653e88e4097514ae2f64
2025-01-08T07:00:00+00:00,2025-01-08T08:00:00+00:00,20250108,2025-01-08,2025,1,1,January,2,3,Wednesday,false,8,08:00,60,false,0,1,biomass,Biomass,renewable,true,1,4466.25,4466.25,reported,actual_generation_de_2024_2025,8118719a1cd35b8bac2f3933ca90094fc3fdbe4eaf8b653e88e4097514ae2f64
2025-01-08T07:00:00+00:00,2025-01-08T08:00:00+00:00,20250108,2025-01-08,2025,1,1,January,2,3,Wednesday,false,8,08:00,60,false,0,2,hydropower,Hydropower,renewable,true,2,1650.25,1650.25,reported,actual_generation_de_2024_2025,8118719a1cd35b8bac2f3933ca90094fc3fdbe4eaf8b653e88e4097514ae2f64
2025-01-08T07:00:00+00:00,2025-01-08T08:00:00+00:00,20250108,2025-01-08,2025,1,1,January,2,3,Wednesday,false,8,08:00,60,false,0,3,wind_offshore,Wind offshore,renewable,true,3,5154.25,5154.25,reported,actual_generation_de_2024_2025,8118719a1cd35b8bac2f3933ca90094fc3fdbe4eaf8b653e88e4097514ae2f64
2025-01-08T07:00:00+00:00,2025-01-08T08:00:00+00:00,20250108,2025-01-08,2025,1,1,January,2,3,Wednesday,false,8,08:00,60,false,0,4,wind_onshore,Wind onshore,renewable,true,4,29340.75,29340.75,reported,actual_generation_de_2024_2025,8118719a1cd35b8bac2f3933ca90094fc3fdbe4eaf8b653e88e4097514ae2f64
2025-01-08T07:00:00+00:00,2025-01-08T08:00:00+00:00,20250108,2025-01-08,2025,1,1,January,2,3,Wednesday,false,8,08:00,60,false,0,5,solar_photovoltaic,Solar photovoltaic,renewable,true,5,276.00,276.00,reported,actual_generation_de_2024_2025,8118719a1cd35b8bac2f3933ca90094fc3fdbe4eaf8b653e88e4097514ae2f64
2025-01-08T07:00:00+00:00,2025-01-08T08:00:00+00:00,20250108,2025-01-08,2025,1,1,January,2,3,Wednesday,false,8,08:00,60,false,0,6,other_renewable,Other renewable,renewable,true,6,126.50,126.50,reported,actual_generation_de_2024_2025,8118719a1cd35b8bac2f3933ca90094fc3fdbe4eaf8b653e88e4097514ae2f64
2025-01-08T07:00:00+00:00,2025-01-08T08:00:00+00:00,20250108,2025-01-08,2025,1,1,January,2,3,Wednesday,false,8,08:00,60,false,0,7,nuclear,Nuclear,conventional,false,7,,,unavailable,actual_generation_de_2024_2025,8118719a1cd35b8bac2f3933ca90094fc3fdbe4eaf8b653e88e4097514ae2f64
2025-01-08T07:00:00+00:00,2025-01-08T08:00:00+00:00,20250108,2025-01-08,2025,1,1,January,2,3,Wednesday,false,8,08:00,60,false,0,8,lignite,Lignite,conventional,false,8,9761.00,9761.00,reported,actual_generation_de_2024_2025,8118719a1cd35b8bac2f3933ca90094fc3fdbe4eaf8b653e88e4097514ae2f64
2025-01-08T07:00:00+00:00,2025-01-08T08:00:00+00:00,20250108,2025-01-08,2025,1,1,January,2,3,Wednesday,false,8,08:00,60,false,0,9,hard_coal,Hard coal,conventional,false,9,5886.50,5886.50,reported,actual_generation_de_2024_2025,8118719a1cd35b8bac2f3933ca90094fc3fdbe4eaf8b653e88e4097514ae2f64
2025-01-08T07:00:00+00:00,2025-01-08T08:00:00+00:00,20250108,2025-01-08,2025,1,1,January,2,3,Wednesday,false,8,08:00,60,false,0,10,fossil_gas,Fossil gas,conventional,false,10,13220.00,13220.00,reported,actual_generation_de_2024_2025,8118719a1cd35b8bac2f3933ca90094fc3fdbe4eaf8b653e88e4097514ae2f64
2025-01-08T07:00:00+00:00,2025-01-08T08:00:00+00:00,20250108,2025-01-08,2025,1,1,January,2,3,Wednesday,false,8,08:00,60,false,0,11,hydro_pumped_storage,Hydro pumped storage,storage,false,11,624.25,624.25,reported,actual_generation_de_2024_2025,8118719a1cd35b8bac2f3933ca90094fc3fdbe4eaf8b653e88e4097514ae2f64
2025-01-08T07:00:00+00:00,2025-01-08T08:00:00+00:00,20250108,2025-01-08,2025,1,1,January,2,3,Wednesday,false,8,08:00,60,false,0,12,other_conventional,Other conventional,conventional,false,12,1601.75,1601.75,reported,actual_generation_de_2024_2025,8118719a1cd35b8bac2f3933ca90094fc3fdbe4eaf8b653e88e4097514ae2f64
2025-01-08T08:00:00+00:00,2025-01-08T09:00:00+00:00,20250108,2025-01-08,2025,1,1,January,2,3,Wednesday,false,9,09:00,60,false,0,1,biomass,Biomass,renewable,true,1,4474.25,4474.25,reported,actual_generation_de_2024_2025,8118719a1cd35b8bac2f3933ca90094fc3fdbe4eaf8b653e88e4097514ae2f64
2025-01-08T08:00:00+00:00,2025-01-08T09:00:00+00:00,20250108,2025-01-08,2025,1,1,January,2,3,Wednesday,false,9,09:00,60,false,0,2,hydropower,Hydropower,renewable,true,2,1649.25,1649.25,reported,actual_generation_de_2024_2025,8118719a1cd35b8bac2f3933ca90094fc3fdbe4eaf8b653e88e4097514ae2f64
2025-01-08T08:00:00+00:00,2025-01-08T09:00:00+00:00,20250108,2025-01-08,2025,1,1,January,2,3,Wednesday,false,9,09:00,60,false,0,3,wind_offshore,Wind offshore,renewable,true,3,4614.50,4614.50,reported,actual_generation_de_2024_2025,8118719a1cd35b8bac2f3933ca90094fc3fdbe4eaf8b653e88e4097514ae2f64
2025-01-08T08:00:00+00:00,2025-01-08T09:00:00+00:00,20250108,2025-01-08,2025,1,1,January,2,3,Wednesday,false,9,09:00,60,false,0,4,wind_onshore,Wind onshore,renewable,true,4,27065.00,27065.00,reported,actual_generation_de_2024_2025,8118719a1cd35b8bac2f3933ca90094fc3fdbe4eaf8b653e88e4097514ae2f64
2025-01-08T08:00:00+00:00,2025-01-08T09:00:00+00:00,20250108,2025-01-08,2025,1,1,January,2,3,Wednesday,false,9,09:00,60,false,0,5,solar_photovoltaic,Solar photovoltaic,renewable,true,5,2124.50,2124.50,reported,actual_generation_de_2024_2025,8118719a1cd35b8bac2f3933ca90094fc3fdbe4eaf8b653e88e4097514ae2f64
2025-01-08T08:00:00+00:00,2025-01-08T09:00:00+00:00,20250108,2025-01-08,2025,1,1,January,2,3,Wednesday,false,9,09:00,60,false,0,6,other_renewable,Other renewable,renewable,true,6,127.25,127.25,reported,actual_generation_de_2024_2025,8118719a1cd35b8bac2f3933ca90094fc3fdbe4eaf8b653e88e4097514ae2f64
2025-01-08T08:00:00+00:00,2025-01-08T09:00:00+00:00,20250108,2025-01-08,2025,1,1,January,2,3,Wednesday,false,9,09:00,60,false,0,7,nuclear,Nuclear,conventional,false,7,,,unavailable,actual_generation_de_2024_2025,8118719a1cd35b8bac2f3933ca90094fc3fdbe4eaf8b653e88e4097514ae2f64
2025-01-08T08:00:00+00:00,2025-01-08T09:00:00+00:00,20250108,2025-01-08,2025,1,1,January,2,3,Wednesday,false,9,09:00,60,false,0,8,lignite,Lignite,conventional,false,8,10071.75,10071.75,reported,actual_generation_de_2024_2025,8118719a1cd35b8bac2f3933ca90094fc3fdbe4eaf8b653e88e4097514ae2f64
2025-01-08T08:00:00+00:00,2025-01-08T09:00:00+00:00,20250108,2025-01-08,2025,1,1,January,2,3,Wednesday,false,9,09:00,60,false,0,9,hard_coal,Hard coal,conventional,false,9,6438.50,6438.50,reported,actual_generation_de_2024_2025,8118719a1cd35b8bac2f3933ca90094fc3fdbe4eaf8b653e88e4097514ae2f64
2025-01-08T08:00:00+00:00,2025-01-08T09:00:00+00:00,20250108,2025-01-08,2025,1,1,January,2,3,Wednesday,false,9,09:00,60,false,0,10,fossil_gas,Fossil gas,conventional,false,10,13335.50,13335.50,reported,actual_generation_de_2024_2025,8118719a1cd35b8bac2f3933ca90094fc3fdbe4eaf8b653e88e4097514ae2f64
2025-01-08T08:00:00+00:00,2025-01-08T09:00:00+00:00,20250108,2025-01-08,2025,1,1,January,2,3,Wednesday,false,9,09:00,60,false,0,11,hydro_pumped_storage,Hydro pumped storage,storage,false,11,598.25,598.25,reported,actual_generation_de_2024_2025,8118719a1cd35b8bac2f3933ca90094fc3fdbe4eaf8b653e88e4097514ae2f64
2025-01-08T08:00:00+00:00,2025-01-08T09:00:00+00:00,20250108,2025-01-08,2025,1,1,January,2,3,Wednesday,false,9,09:00,60,false,0,12,other_conventional,Other conventional,conventional,false,12,1618.50,1618.50,reported,actual_generation_de_2024_2025,8118719a1cd35b8bac2f3933ca90094fc3fdbe4eaf8b653e88e4097514ae2f64
2025-01-08T09:00:00+00:00,2025-01-08T10:00:00+00:00,20250108,2025-01-08,2025,1,1,January,2,3,Wednesday,false,10,10:00,60,false,0,1,biomass,Biomass,renewable,true,1,4327.25,4327.25,reported,actual_generation_de_2024_2025,8118719a1cd35b8bac2f3933ca90094fc3fdbe4eaf8b653e88e4097514ae2f64
2025-01-08T09:00:00+00:00,2025-01-08T10:00:00+00:00,20250108,2025-01-08,2025,1,1,January,2,3,Wednesday,false,10,10:00,60,false,0,2,hydropower,Hydropower,renewable,true,2,1599.50,1599.50,reported,actual_generation_de_2024_2025,8118719a1cd35b8bac2f3933ca90094fc3fdbe4eaf8b653e88e4097514ae2f64
2025-01-08T09:00:00+00:00,2025-01-08T10:00:00+00:00,20250108,2025-01-08,2025,1,1,January,2,3,Wednesday,false,10,10:00,60,false,0,3,wind_offshore,Wind offshore,renewable,true,3,4029.25,4029.25,reported,actual_generation_de_2024_2025,8118719a1cd35b8bac2f3933ca90094fc3fdbe4eaf8b653e88e4097514ae2f64
2025-01-08T09:00:00+00:00,2025-01-08T10:00:00+00:00,20250108,2025-01-08,2025,1,1,January,2,3,Wednesday,false,10,10:00,60,false,0,4,wind_onshore,Wind onshore,renewable,true,4,25504.25,25504.25,reported,actual_generation_de_2024_2025,8118719a1cd35b8bac2f3933ca90094fc3fdbe4eaf8b653e88e4097514ae2f64
2025-01-08T09:00:00+00:00,2025-01-08T10:00:00+00:00,20250108,2025-01-08,2025,1,1,January,2,3,Wednesday,false,10,10:00,60,false,0,5,solar_photovoltaic,Solar photovoltaic,renewable,true,5,4939.50,4939.50,reported,actual_generation_de_2024_2025,8118719a1cd35b8bac2f3933ca90094fc3fdbe4eaf8b653e88e4097514ae2f64
2025-01-08T09:00:00+00:00,2025-01-08T10:00:00+00:00,20250108,2025-01-08,2025,1,1,January,2,3,Wednesday,false,10,10:00,60,false,0,6,other_renewable,Other renewable,renewable,true,6,127.00,127.00,reported,actual_generation_de_2024_2025,8118719a1cd35b8bac2f3933ca90094fc3fdbe4eaf8b653e88e4097514ae2f64
2025-01-08T09:00:00+00:00,2025-01-08T10:00:00+00:00,20250108,2025-01-08,2025,1,1,January,2,3,Wednesday,false,10,10:00,60,false,0,7,nuclear,Nuclear,conventional,false,7,,,unavailable,actual_generation_de_2024_2025,8118719a1cd35b8bac2f3933ca90094fc3fdbe4eaf8b653e88e4097514ae2f64
2025-01-08T09:00:00+00:00,2025-01-08T10:00:00+00:00,20250108,2025-01-08,2025,1,1,January,2,3,Wednesday,false,10,10:00,60,false,0,8,lignite,Lignite,conventional,false,8,9985.25,9985.25,reported,actual_generation_de_2024_2025,8118719a1cd35b8bac2f3933ca90094fc3fdbe4eaf8b653e88e4097514ae2f64
2025-01-08T09:00:00+00:00,2025-01-08T10:00:00+00:00,20250108,2025-01-08,2025,1,1,January,2,3,Wednesday,false,10,10:00,60,false,0,9,hard_coal,Hard coal,conventional,false,9,6812.75,6812.75,reported,actual_generation_de_2024_2025,8118719a1cd35b8bac2f3933ca90094fc3fdbe4eaf8b653e88e4097514ae2f64
2025-01-08T09:00:00+00:00,2025-01-08T10:00:00+00:00,20250108,2025-01-08,2025,1,1,January,2,3,Wednesday,false,10,10:00,60,false,0,10,fossil_gas,Fossil gas,conventional,false,10,13366.50,13366.50,reported,actual_generation_de_2024_2025,8118719a1cd35b8bac2f3933ca90094fc3fdbe4eaf8b653e88e4097514ae2f64
2025-01-08T09:00:00+00:00,2025-01-08T10:00:00+00:00,20250108,2025-01-08,2025,1,1,January,2,3,Wednesday,false,10,10:00,60,false,0,11,hydro_pumped_storage,Hydro pumped storage,storage,false,11,408.25,408.25,reported,actual_generation_de_2024_2025,8118719a1cd35b8bac2f3933ca90094fc3fdbe4eaf8b653e88e4097514ae2f64
2025-01-08T09:00:00+00:00,2025-01-08T10:00:00+00:00,20250108,2025-01-08,2025,1,1,January,2,3,Wednesday,false,10,10:00,60,false,0,12,other_conventional,Other conventional,conventional,false,12,1738.00,1738.00,reported,actual_generation_de_2024_2025,8118719a1cd35b8bac2f3933ca90094fc3fdbe4eaf8b653e88e4097514ae2f64
2025-01-08T10:00:00+00:00,2025-01-08T11:00:00+00:00,20250108,2025-01-08,2025,1,1,January,2,3,Wednesday,false,11,11:00,60,false,0,1,biomass,Biomass,renewable,true,1,4192.25,4192.25,reported,actual_generation_de_2024_2025,8118719a1cd35b8bac2f3933ca90094fc3fdbe4eaf8b653e88e4097514ae2f64
2025-01-08T10:00:00+00:00,2025-01-08T11:00:00+00:00,20250108,2025-01-08,2025,1,1,January,2,3,Wednesday,false,11,11:00,60,false,0,2,hydropower,Hydropower,renewable,true,2,1623.50,1623.50,reported,actual_generation_de_2024_2025,8118719a1cd35b8bac2f3933ca90094fc3fdbe4eaf8b653e88e4097514ae2f64
2025-01-08T10:00:00+00:00,2025-01-08T11:00:00+00:00,20250108,2025-01-08,2025,1,1,January,2,3,Wednesday,false,11,11:00,60,false,0,3,wind_offshore,Wind offshore,renewable,true,3,2774.50,2774.50,reported,actual_generation_de_2024_2025,8118719a1cd35b8bac2f3933ca90094fc3fdbe4eaf8b653e88e4097514ae2f64
2025-01-08T10:00:00+00:00,2025-01-08T11:00:00+00:00,20250108,2025-01-08,2025,1,1,January,2,3,Wednesday,false,11,11:00,60,false,0,4,wind_onshore,Wind onshore,renewable,true,4,24520.50,24520.50,reported,actual_generation_de_2024_2025,8118719a1cd35b8bac2f3933ca90094fc3fdbe4eaf8b653e88e4097514ae2f64
2025-01-08T10:00:00+00:00,2025-01-08T11:00:00+00:00,20250108,2025-01-08,2025,1,1,January,2,3,Wednesday,false,11,11:00,60,false,0,5,solar_photovoltaic,Solar photovoltaic,renewable,true,5,7099.75,7099.75,reported,actual_generation_de_2024_2025,8118719a1cd35b8bac2f3933ca90094fc3fdbe4eaf8b653e88e4097514ae2f64
2025-01-08T10:00:00+00:00,2025-01-08T11:00:00+00:00,20250108,2025-01-08,2025,1,1,January,2,3,Wednesday,false,11,11:00,60,false,0,6,other_renewable,Other renewable,renewable,true,6,125.50,125.50,reported,actual_generation_de_2024_2025,8118719a1cd35b8bac2f3933ca90094fc3fdbe4eaf8b653e88e4097514ae2f64
2025-01-08T10:00:00+00:00,2025-01-08T11:00:00+00:00,20250108,2025-01-08,2025,1,1,January,2,3,Wednesday,false,11,11:00,60,false,0,7,nuclear,Nuclear,conventional,false,7,,,unavailable,actual_generation_de_2024_2025,8118719a1cd35b8bac2f3933ca90094fc3fdbe4eaf8b653e88e4097514ae2f64
2025-01-08T10:00:00+00:00,2025-01-08T11:00:00+00:00,20250108,2025-01-08,2025,1,1,January,2,3,Wednesday,false,11,11:00,60,false,0,8,lignite,Lignite,conventional,false,8,10037.00,10037.00,reported,actual_generation_de_2024_2025,8118719a1cd35b8bac2f3933ca90094fc3fdbe4eaf8b653e88e4097514ae2f64
2025-01-08T10:00:00+00:00,2025-01-08T11:00:00+00:00,20250108,2025-01-08,2025,1,1,January,2,3,Wednesday,false,11,11:00,60,false,0,9,hard_coal,Hard coal,conventional,false,9,6900.00,6900.00,reported,actual_generation_de_2024_2025,8118719a1cd35b8bac2f3933ca90094fc3fdbe4eaf8b653e88e4097514ae2f64
2025-01-08T10:00:00+00:00,2025-01-08T11:00:00+00:00,20250108,2025-01-08,2025,1,1,January,2,3,Wednesday,false,11,11:00,60,false,0,10,fossil_gas,Fossil gas,conventional,false,10,13072.25,13072.25,reported,actual_generation_de_2024_2025,8118719a1cd35b8bac2f3933ca90094fc3fdbe4eaf8b653e88e4097514ae2f64
2025-01-08T10:00:00+00:00,2025-01-08T11:00:00+00:00,20250108,2025-01-08,2025,1,1,January,2,3,Wednesday,false,11,11:00,60,false,0,11,hydro_pumped_storage,Hydro pumped storage,storage,false,11,352.50,352.50,reported,actual_generation_de_2024_2025,8118719a1cd35b8bac2f3933ca90094fc3fdbe4eaf8b653e88e4097514ae2f64
2025-01-08T10:00:00+00:00,2025-01-08T11:00:00+00:00,20250108,2025-01-08,2025,1,1,January,2,3,Wednesday,false,11,11:00,60,false,0,12,other_conventional,Other conventional,conventional,false,12,1821.50,1821.50,reported,actual_generation_de_2024_2025,8118719a1cd35b8bac2f3933ca90094fc3fdbe4eaf8b653e88e4097514ae2f64
2025-01-08T11:00:00+00:00,2025-01-08T12:00:00+00:00,20250108,2025-01-08,2025,1,1,January,2,3,Wednesday,false,12,12:00,60,false,0,1,biomass,Biomass,renewable,true,1,4179.25,4179.25,reported,actual_generation_de_2024_2025,8118719a1cd35b8bac2f3933ca90094fc3fdbe4eaf8b653e88e4097514ae2f64
2025-01-08T11:00:00+00:00,2025-01-08T12:00:00+00:00,20250108,2025-01-08,2025,1,1,January,2,3,Wednesday,false,12,12:00,60,false,0,2,hydropower,Hydropower,renewable,true,2,1661.25,1661.25,reported,actual_generation_de_2024_2025,8118719a1cd35b8bac2f3933ca90094fc3fdbe4eaf8b653e88e4097514ae2f64
2025-01-08T11:00:00+00:00,2025-01-08T12:00:00+00:00,20250108,2025-01-08,2025,1,1,January,2,3,Wednesday,false,12,12:00,60,false,0,3,wind_offshore,Wind offshore,renewable,true,3,2470.25,2470.25,reported,actual_generation_de_2024_2025,8118719a1cd35b8bac2f3933ca90094fc3fdbe4eaf8b653e88e4097514ae2f64
2025-01-08T11:00:00+00:00,2025-01-08T12:00:00+00:00,20250108,2025-01-08,2025,1,1,January,2,3,Wednesday,false,12,12:00,60,false,0,4,wind_onshore,Wind onshore,renewable,true,4,23311.50,23311.50,reported,actual_generation_de_2024_2025,8118719a1cd35b8bac2f3933ca90094fc3fdbe4eaf8b653e88e4097514ae2f64
2025-01-08T11:00:00+00:00,2025-01-08T12:00:00+00:00,20250108,2025-01-08,2025,1,1,January,2,3,Wednesday,false,12,12:00,60,false,0,5,solar_photovoltaic,Solar photovoltaic,renewable,true,5,7258.50,7258.50,reported,actual_generation_de_2024_2025,8118719a1cd35b8bac2f3933ca90094fc3fdbe4eaf8b653e88e4097514ae2f64
2025-01-08T11:00:00+00:00,2025-01-08T12:00:00+00:00,20250108,2025-01-08,2025,1,1,January,2,3,Wednesday,false,12,12:00,60,false,0,6,other_renewable,Other renewable,renewable,true,6,126.00,126.00,reported,actual_generation_de_2024_2025,8118719a1cd35b8bac2f3933ca90094fc3fdbe4eaf8b653e88e4097514ae2f64
2025-01-08T11:00:00+00:00,2025-01-08T12:00:00+00:00,20250108,2025-01-08,2025,1,1,January,2,3,Wednesday,false,12,12:00,60,false,0,7,nuclear,Nuclear,conventional,false,7,,,unavailable,actual_generation_de_2024_2025,8118719a1cd35b8bac2f3933ca90094fc3fdbe4eaf8b653e88e4097514ae2f64
2025-01-08T11:00:00+00:00,2025-01-08T12:00:00+00:00,20250108,2025-01-08,2025,1,1,January,2,3,Wednesday,false,12,12:00,60,false,0,8,lignite,Lignite,conventional,false,8,9992.75,9992.75,reported,actual_generation_de_2024_2025,8118719a1cd35b8bac2f3933ca90094fc3fdbe4eaf8b653e88e4097514ae2f64
2025-01-08T11:00:00+00:00,2025-01-08T12:00:00+00:00,20250108,2025-01-08,2025,1,1,January,2,3,Wednesday,false,12,12:00,60,false,0,9,hard_coal,Hard coal,conventional,false,9,7269.50,7269.50,reported,actual_generation_de_2024_2025,8118719a1cd35b8bac2f3933ca90094fc3fdbe4eaf8b653e88e4097514ae2f64
2025-01-08T11:00:00+00:00,2025-01-08T12:00:00+00:00,20250108,2025-01-08,2025,1,1,January,2,3,Wednesday,false,12,12:00,60,false,0,10,fossil_gas,Fossil gas,conventional,false,10,13173.75,13173.75,reported,actual_generation_de_2024_2025,8118719a1cd35b8bac2f3933ca90094fc3fdbe4eaf8b653e88e4097514ae2f64
2025-01-08T11:00:00+00:00,2025-01-08T12:00:00+00:00,20250108,2025-01-08,2025,1,1,January,2,3,Wednesday,false,12,12:00,60,false,0,11,hydro_pumped_storage,Hydro pumped storage,storage,false,11,493.75,493.75,reported,actual_generation_de_2024_2025,8118719a1cd35b8bac2f3933ca90094fc3fdbe4eaf8b653e88e4097514ae2f64
2025-01-08T11:00:00+00:00,2025-01-08T12:00:00+00:00,20250108,2025-01-08,2025,1,1,January,2,3,Wednesday,false,12,12:00,60,false,0,12,other_conventional,Other conventional,conventional,false,12,1627.25,1627.25,reported,actual_generation_de_2024_2025,8118719a1cd35b8bac2f3933ca90094fc3fdbe4eaf8b653e88e4097514ae2f64
2025-01-08T12:00:00+00:00,2025-01-08T13:00:00+00:00,20250108,2025-01-08,2025,1,1,January,2,3,Wednesday,false,13,13:00,60,false,0,1,biomass,Biomass,renewable,true,1,4221.25,4221.25,reported,actual_generation_de_2024_2025,8118719a1cd35b8bac2f3933ca90094fc3fdbe4eaf8b653e88e4097514ae2f64
2025-01-08T12:00:00+00:00,2025-01-08T13:00:00+00:00,20250108,2025-01-08,2025,1,1,January,2,3,Wednesday,false,13,13:00,60,false,0,2,hydropower,Hydropower,renewable,true,2,1686.00,1686.00,reported,actual_generation_de_2024_2025,8118719a1cd35b8bac2f3933ca90094fc3fdbe4eaf8b653e88e4097514ae2f64
2025-01-08T12:00:00+00:00,2025-01-08T13:00:00+00:00,20250108,2025-01-08,2025,1,1,January,2,3,Wednesday,false,13,13:00,60,false,0,3,wind_offshore,Wind offshore,renewable,true,3,2847.25,2847.25,reported,actual_generation_de_2024_2025,8118719a1cd35b8bac2f3933ca90094fc3fdbe4eaf8b653e88e4097514ae2f64
2025-01-08T12:00:00+00:00,2025-01-08T13:00:00+00:00,20250108,2025-01-08,2025,1,1,January,2,3,Wednesday,false,13,13:00,60,false,0,4,wind_onshore,Wind onshore,renewable,true,4,21776.00,21776.00,reported,actual_generation_de_2024_2025,8118719a1cd35b8bac2f3933ca90094fc3fdbe4eaf8b653e88e4097514ae2f64
2025-01-08T12:00:00+00:00,2025-01-08T13:00:00+00:00,20250108,2025-01-08,2025,1,1,January,2,3,Wednesday,false,13,13:00,60,false,0,5,solar_photovoltaic,Solar photovoltaic,renewable,true,5,5962.75,5962.75,reported,actual_generation_de_2024_2025,8118719a1cd35b8bac2f3933ca90094fc3fdbe4eaf8b653e88e4097514ae2f64
2025-01-08T12:00:00+00:00,2025-01-08T13:00:00+00:00,20250108,2025-01-08,2025,1,1,January,2,3,Wednesday,false,13,13:00,60,false,0,6,other_renewable,Other renewable,renewable,true,6,129.50,129.50,reported,actual_generation_de_2024_2025,8118719a1cd35b8bac2f3933ca90094fc3fdbe4eaf8b653e88e4097514ae2f64
2025-01-08T12:00:00+00:00,2025-01-08T13:00:00+00:00,20250108,2025-01-08,2025,1,1,January,2,3,Wednesday,false,13,13:00,60,false,0,7,nuclear,Nuclear,conventional,false,7,,,unavailable,actual_generation_de_2024_2025,8118719a1cd35b8bac2f3933ca90094fc3fdbe4eaf8b653e88e4097514ae2f64
2025-01-08T12:00:00+00:00,2025-01-08T13:00:00+00:00,20250108,2025-01-08,2025,1,1,January,2,3,Wednesday,false,13,13:00,60,false,0,8,lignite,Lignite,conventional,false,8,10004.00,10004.00,reported,actual_generation_de_2024_2025,8118719a1cd35b8bac2f3933ca90094fc3fdbe4eaf8b653e88e4097514ae2f64
2025-01-08T12:00:00+00:00,2025-01-08T13:00:00+00:00,20250108,2025-01-08,2025,1,1,January,2,3,Wednesday,false,13,13:00,60,false,0,9,hard_coal,Hard coal,conventional,false,9,7456.00,7456.00,reported,actual_generation_de_2024_2025,8118719a1cd35b8bac2f3933ca90094fc3fdbe4eaf8b653e88e4097514ae2f64
2025-01-08T12:00:00+00:00,2025-01-08T13:00:00+00:00,20250108,2025-01-08,2025,1,1,January,2,3,Wednesday,false,13,13:00,60,false,0,10,fossil_gas,Fossil gas,conventional,false,10,13267.50,13267.50,reported,actual_generation_de_2024_2025,8118719a1cd35b8bac2f3933ca90094fc3fdbe4eaf8b653e88e4097514ae2f64
2025-01-08T12:00:00+00:00,2025-01-08T13:00:00+00:00,20250108,2025-01-08,2025,1,1,January,2,3,Wednesday,false,13,13:00,60,false,0,11,hydro_pumped_storage,Hydro pumped storage,storage,false,11,535.25,535.25,reported,actual_generation_de_2024_2025,8118719a1cd35b8bac2f3933ca90094fc3fdbe4eaf8b653e88e4097514ae2f64
2025-01-08T12:00:00+00:00,2025-01-08T13:00:00+00:00,20250108,2025-01-08,2025,1,1,January,2,3,Wednesday,false,13,13:00,60,false,0,12,other_conventional,Other conventional,conventional,false,12,1616.25,1616.25,reported,actual_generation_de_2024_2025,8118719a1cd35b8bac2f3933ca90094fc3fdbe4eaf8b653e88e4097514ae2f64
2025-01-08T13:00:00+00:00,2025-01-08T14:00:00+00:00,20250108,2025-01-08,2025,1,1,January,2,3,Wednesday,false,14,14:00,60,false,0,1,biomass,Biomass,renewable,true,1,4313.75,4313.75,reported,actual_generation_de_2024_2025,8118719a1cd35b8bac2f3933ca90094fc3fdbe4eaf8b653e88e4097514ae2f64
2025-01-08T13:00:00+00:00,2025-01-08T14:00:00+00:00,20250108,2025-01-08,2025,1,1,January,2,3,Wednesday,false,14,14:00,60,false,0,2,hydropower,Hydropower,renewable,true,2,1798.25,1798.25,reported,actual_generation_de_2024_2025,8118719a1cd35b8bac2f3933ca90094fc3fdbe4eaf8b653e88e4097514ae2f64
2025-01-08T13:00:00+00:00,2025-01-08T14:00:00+00:00,20250108,2025-01-08,2025,1,1,January,2,3,Wednesday,false,14,14:00,60,false,0,3,wind_offshore,Wind offshore,renewable,true,3,4230.25,4230.25,reported,actual_generation_de_2024_2025,8118719a1cd35b8bac2f3933ca90094fc3fdbe4eaf8b653e88e4097514ae2f64
2025-01-08T13:00:00+00:00,2025-01-08T14:00:00+00:00,20250108,2025-01-08,2025,1,1,January,2,3,Wednesday,false,14,14:00,60,false,0,4,wind_onshore,Wind onshore,renewable,true,4,19343.00,19343.00,reported,actual_generation_de_2024_2025,8118719a1cd35b8bac2f3933ca90094fc3fdbe4eaf8b653e88e4097514ae2f64
2025-01-08T13:00:00+00:00,2025-01-08T14:00:00+00:00,20250108,2025-01-08,2025,1,1,January,2,3,Wednesday,false,14,14:00,60,false,0,5,solar_photovoltaic,Solar photovoltaic,renewable,true,5,3676.75,3676.75,reported,actual_generation_de_2024_2025,8118719a1cd35b8bac2f3933ca90094fc3fdbe4eaf8b653e88e4097514ae2f64
2025-01-08T13:00:00+00:00,2025-01-08T14:00:00+00:00,20250108,2025-01-08,2025,1,1,January,2,3,Wednesday,false,14,14:00,60,false,0,6,other_renewable,Other renewable,renewable,true,6,133.00,133.00,reported,actual_generation_de_2024_2025,8118719a1cd35b8bac2f3933ca90094fc3fdbe4eaf8b653e88e4097514ae2f64
2025-01-08T13:00:00+00:00,2025-01-08T14:00:00+00:00,20250108,2025-01-08,2025,1,1,January,2,3,Wednesday,false,14,14:00,60,false,0,7,nuclear,Nuclear,conventional,false,7,,,unavailable,actual_generation_de_2024_2025,8118719a1cd35b8bac2f3933ca90094fc3fdbe4eaf8b653e88e4097514ae2f64
2025-01-08T13:00:00+00:00,2025-01-08T14:00:00+00:00,20250108,2025-01-08,2025,1,1,January,2,3,Wednesday,false,14,14:00,60,false,0,8,lignite,Lignite,conventional,false,8,10227.00,10227.00,reported,actual_generation_de_2024_2025,8118719a1cd35b8bac2f3933ca90094fc3fdbe4eaf8b653e88e4097514ae2f64
2025-01-08T13:00:00+00:00,2025-01-08T14:00:00+00:00,20250108,2025-01-08,2025,1,1,January,2,3,Wednesday,false,14,14:00,60,false,0,9,hard_coal,Hard coal,conventional,false,9,7372.50,7372.50,reported,actual_generation_de_2024_2025,8118719a1cd35b8bac2f3933ca90094fc3fdbe4eaf8b653e88e4097514ae2f64
2025-01-08T13:00:00+00:00,2025-01-08T14:00:00+00:00,20250108,2025-01-08,2025,1,1,January,2,3,Wednesday,false,14,14:00,60,false,0,10,fossil_gas,Fossil gas,conventional,false,10,13219.25,13219.25,reported,actual_generation_de_2024_2025,8118719a1cd35b8bac2f3933ca90094fc3fdbe4eaf8b653e88e4097514ae2f64
2025-01-08T13:00:00+00:00,2025-01-08T14:00:00+00:00,20250108,2025-01-08,2025,1,1,January,2,3,Wednesday,false,14,14:00,60,false,0,11,hydro_pumped_storage,Hydro pumped storage,storage,false,11,1455.25,1455.25,reported,actual_generation_de_2024_2025,8118719a1cd35b8bac2f3933ca90094fc3fdbe4eaf8b653e88e4097514ae2f64
2025-01-08T13:00:00+00:00,2025-01-08T14:00:00+00:00,20250108,2025-01-08,2025,1,1,January,2,3,Wednesday,false,14,14:00,60,false,0,12,other_conventional,Other conventional,conventional,false,12,1630.25,1630.25,reported,actual_generation_de_2024_2025,8118719a1cd35b8bac2f3933ca90094fc3fdbe4eaf8b653e88e4097514ae2f64
2025-01-08T14:00:00+00:00,2025-01-08T15:00:00+00:00,20250108,2025-01-08,2025,1,1,January,2,3,Wednesday,false,15,15:00,60,false,0,1,biomass,Biomass,renewable,true,1,4434.25,4434.25,reported,actual_generation_de_2024_2025,8118719a1cd35b8bac2f3933ca90094fc3fdbe4eaf8b653e88e4097514ae2f64
2025-01-08T14:00:00+00:00,2025-01-08T15:00:00+00:00,20250108,2025-01-08,2025,1,1,January,2,3,Wednesday,false,15,15:00,60,false,0,2,hydropower,Hydropower,renewable,true,2,2164.00,2164.00,reported,actual_generation_de_2024_2025,8118719a1cd35b8bac2f3933ca90094fc3fdbe4eaf8b653e88e4097514ae2f64
2025-01-08T14:00:00+00:00,2025-01-08T15:00:00+00:00,20250108,2025-01-08,2025,1,1,January,2,3,Wednesday,false,15,15:00,60,false,0,3,wind_offshore,Wind offshore,renewable,true,3,5493.00,5493.00,reported,actual_generation_de_2024_2025,8118719a1cd35b8bac2f3933ca90094fc3fdbe4eaf8b653e88e4097514ae2f64
2025-01-08T14:00:00+00:00,2025-01-08T15:00:00+00:00,20250108,2025-01-08,2025,1,1,January,2,3,Wednesday,false,15,15:00,60,false,0,4,wind_onshore,Wind onshore,renewable,true,4,17372.75,17372.75,reported,actual_generation_de_2024_2025,8118719a1cd35b8bac2f3933ca90094fc3fdbe4eaf8b653e88e4097514ae2f64
2025-01-08T14:00:00+00:00,2025-01-08T15:00:00+00:00,20250108,2025-01-08,2025,1,1,January,2,3,Wednesday,false,15,15:00,60,false,0,5,solar_photovoltaic,Solar photovoltaic,renewable,true,5,1212.00,1212.00,reported,actual_generation_de_2024_2025,8118719a1cd35b8bac2f3933ca90094fc3fdbe4eaf8b653e88e4097514ae2f64
2025-01-08T14:00:00+00:00,2025-01-08T15:00:00+00:00,20250108,2025-01-08,2025,1,1,January,2,3,Wednesday,false,15,15:00,60,false,0,6,other_renewable,Other renewable,renewable,true,6,133.25,133.25,reported,actual_generation_de_2024_2025,8118719a1cd35b8bac2f3933ca90094fc3fdbe4eaf8b653e88e4097514ae2f64
2025-01-08T14:00:00+00:00,2025-01-08T15:00:00+00:00,20250108,2025-01-08,2025,1,1,January,2,3,Wednesday,false,15,15:00,60,false,0,7,nuclear,Nuclear,conventional,false,7,,,unavailable,actual_generation_de_2024_2025,8118719a1cd35b8bac2f3933ca90094fc3fdbe4eaf8b653e88e4097514ae2f64
2025-01-08T14:00:00+00:00,2025-01-08T15:00:00+00:00,20250108,2025-01-08,2025,1,1,January,2,3,Wednesday,false,15,15:00,60,false,0,8,lignite,Lignite,conventional,false,8,10061.50,10061.50,reported,actual_generation_de_2024_2025,8118719a1cd35b8bac2f3933ca90094fc3fdbe4eaf8b653e88e4097514ae2f64
2025-01-08T14:00:00+00:00,2025-01-08T15:00:00+00:00,20250108,2025-01-08,2025,1,1,January,2,3,Wednesday,false,15,15:00,60,false,0,9,hard_coal,Hard coal,conventional,false,9,7282.75,7282.75,reported,actual_generation_de_2024_2025,8118719a1cd35b8bac2f3933ca90094fc3fdbe4eaf8b653e88e4097514ae2f64
2025-01-08T14:00:00+00:00,2025-01-08T15:00:00+00:00,20250108,2025-01-08,2025,1,1,January,2,3,Wednesday,false,15,15:00,60,false,0,10,fossil_gas,Fossil gas,conventional,false,10,12846.25,12846.25,reported,actual_generation_de_2024_2025,8118719a1cd35b8bac2f3933ca90094fc3fdbe4eaf8b653e88e4097514ae2f64
2025-01-08T14:00:00+00:00,2025-01-08T15:00:00+00:00,20250108,2025-01-08,2025,1,1,January,2,3,Wednesday,false,15,15:00,60,false,0,11,hydro_pumped_storage,Hydro pumped storage,storage,false,11,2844.00,2844.00,reported,actual_generation_de_2024_2025,8118719a1cd35b8bac2f3933ca90094fc3fdbe4eaf8b653e88e4097514ae2f64
2025-01-08T14:00:00+00:00,2025-01-08T15:00:00+00:00,20250108,2025-01-08,2025,1,1,January,2,3,Wednesday,false,15,15:00,60,false,0,12,other_conventional,Other conventional,conventional,false,12,1576.25,1576.25,reported,actual_generation_de_2024_2025,8118719a1cd35b8bac2f3933ca90094fc3fdbe4eaf8b653e88e4097514ae2f64
2025-01-08T15:00:00+00:00,2025-01-08T16:00:00+00:00,20250108,2025-01-08,2025,1,1,January,2,3,Wednesday,false,16,16:00,60,false,0,1,biomass,Biomass,renewable,true,1,4633.75,4633.75,reported,actual_generation_de_2024_2025,8118719a1cd35b8bac2f3933ca90094fc3fdbe4eaf8b653e88e4097514ae2f64
2025-01-08T15:00:00+00:00,2025-01-08T16:00:00+00:00,20250108,2025-01-08,2025,1,1,January,2,3,Wednesday,false,16,16:00,60,false,0,2,hydropower,Hydropower,renewable,true,2,1844.25,1844.25,reported,actual_generation_de_2024_2025,8118719a1cd35b8bac2f3933ca90094fc3fdbe4eaf8b653e88e4097514ae2f64
2025-01-08T15:00:00+00:00,2025-01-08T16:00:00+00:00,20250108,2025-01-08,2025,1,1,January,2,3,Wednesday,false,16,16:00,60,false,0,3,wind_offshore,Wind offshore,renewable,true,3,5202.75,5202.75,reported,actual_generation_de_2024_2025,8118719a1cd35b8bac2f3933ca90094fc3fdbe4eaf8b653e88e4097514ae2f64
2025-01-08T15:00:00+00:00,2025-01-08T16:00:00+00:00,20250108,2025-01-08,2025,1,1,January,2,3,Wednesday,false,16,16:00,60,false,0,4,wind_onshore,Wind onshore,renewable,true,4,19082.25,19082.25,reported,actual_generation_de_2024_2025,8118719a1cd35b8bac2f3933ca90094fc3fdbe4eaf8b653e88e4097514ae2f64
2025-01-08T15:00:00+00:00,2025-01-08T16:00:00+00:00,20250108,2025-01-08,2025,1,1,January,2,3,Wednesday,false,16,16:00,60,false,0,5,solar_photovoltaic,Solar photovoltaic,renewable,true,5,78.50,78.50,reported,actual_generation_de_2024_2025,8118719a1cd35b8bac2f3933ca90094fc3fdbe4eaf8b653e88e4097514ae2f64
2025-01-08T15:00:00+00:00,2025-01-08T16:00:00+00:00,20250108,2025-01-08,2025,1,1,January,2,3,Wednesday,false,16,16:00,60,false,0,6,other_renewable,Other renewable,renewable,true,6,136.25,136.25,reported,actual_generation_de_2024_2025,8118719a1cd35b8bac2f3933ca90094fc3fdbe4eaf8b653e88e4097514ae2f64
2025-01-08T15:00:00+00:00,2025-01-08T16:00:00+00:00,20250108,2025-01-08,2025,1,1,January,2,3,Wednesday,false,16,16:00,60,false,0,7,nuclear,Nuclear,conventional,false,7,,,unavailable,actual_generation_de_2024_2025,8118719a1cd35b8bac2f3933ca90094fc3fdbe4eaf8b653e88e4097514ae2f64
2025-01-08T15:00:00+00:00,2025-01-08T16:00:00+00:00,20250108,2025-01-08,2025,1,1,January,2,3,Wednesday,false,16,16:00,60,false,0,8,lignite,Lignite,conventional,false,8,10002.75,10002.75,reported,actual_generation_de_2024_2025,8118719a1cd35b8bac2f3933ca90094fc3fdbe4eaf8b653e88e4097514ae2f64
2025-01-08T15:00:00+00:00,2025-01-08T16:00:00+00:00,20250108,2025-01-08,2025,1,1,January,2,3,Wednesday,false,16,16:00,60,false,0,9,hard_coal,Hard coal,conventional,false,9,7302.50,7302.50,reported,actual_generation_de_2024_2025,8118719a1cd35b8bac2f3933ca90094fc3fdbe4eaf8b653e88e4097514ae2f64
2025-01-08T15:00:00+00:00,2025-01-08T16:00:00+00:00,20250108,2025-01-08,2025,1,1,January,2,3,Wednesday,false,16,16:00,60,false,0,10,fossil_gas,Fossil gas,conventional,false,10,13038.50,13038.50,reported,actual_generation_de_2024_2025,8118719a1cd35b8bac2f3933ca90094fc3fdbe4eaf8b653e88e4097514ae2f64
2025-01-08T15:00:00+00:00,2025-01-08T16:00:00+00:00,20250108,2025-01-08,2025,1,1,January,2,3,Wednesday,false,16,16:00,60,false,0,11,hydro_pumped_storage,Hydro pumped storage,storage,false,11,3570.00,3570.00,reported,actual_generation_de_2024_2025,8118719a1cd35b8bac2f3933ca90094fc3fdbe4eaf8b653e88e4097514ae2f64
2025-01-08T15:00:00+00:00,2025-01-08T16:00:00+00:00,20250108,2025-01-08,2025,1,1,January,2,3,Wednesday,false,16,16:00,60,false,0,12,other_conventional,Other conventional,conventional,false,12,1627.25,1627.25,reported,actual_generation_de_2024_2025,8118719a1cd35b8bac2f3933ca90094fc3fdbe4eaf8b653e88e4097514ae2f64
2025-01-08T16:00:00+00:00,2025-01-08T17:00:00+00:00,20250108,2025-01-08,2025,1,1,January,2,3,Wednesday,false,17,17:00,60,false,0,1,biomass,Biomass,renewable,true,1,4732.50,4732.50,reported,actual_generation_de_2024_2025,8118719a1cd35b8bac2f3933ca90094fc3fdbe4eaf8b653e88e4097514ae2f64
2025-01-08T16:00:00+00:00,2025-01-08T17:00:00+00:00,20250108,2025-01-08,2025,1,1,January,2,3,Wednesday,false,17,17:00,60,false,0,2,hydropower,Hydropower,renewable,true,2,1955.50,1955.50,reported,actual_generation_de_2024_2025,8118719a1cd35b8bac2f3933ca90094fc3fdbe4eaf8b653e88e4097514ae2f64
2025-01-08T16:00:00+00:00,2025-01-08T17:00:00+00:00,20250108,2025-01-08,2025,1,1,January,2,3,Wednesday,false,17,17:00,60,false,0,3,wind_offshore,Wind offshore,renewable,true,3,4956.25,4956.25,reported,actual_generation_de_2024_2025,8118719a1cd35b8bac2f3933ca90094fc3fdbe4eaf8b653e88e4097514ae2f64
2025-01-08T16:00:00+00:00,2025-01-08T17:00:00+00:00,20250108,2025-01-08,2025,1,1,January,2,3,Wednesday,false,17,17:00,60,false,0,4,wind_onshore,Wind onshore,renewable,true,4,19586.25,19586.25,reported,actual_generation_de_2024_2025,8118719a1cd35b8bac2f3933ca90094fc3fdbe4eaf8b653e88e4097514ae2f64
2025-01-08T16:00:00+00:00,2025-01-08T17:00:00+00:00,20250108,2025-01-08,2025,1,1,January,2,3,Wednesday,false,17,17:00,60,false,0,5,solar_photovoltaic,Solar photovoltaic,renewable,true,5,24.25,24.25,reported,actual_generation_de_2024_2025,8118719a1cd35b8bac2f3933ca90094fc3fdbe4eaf8b653e88e4097514ae2f64
2025-01-08T16:00:00+00:00,2025-01-08T17:00:00+00:00,20250108,2025-01-08,2025,1,1,January,2,3,Wednesday,false,17,17:00,60,false,0,6,other_renewable,Other renewable,renewable,true,6,134.50,134.50,reported,actual_generation_de_2024_2025,8118719a1cd35b8bac2f3933ca90094fc3fdbe4eaf8b653e88e4097514ae2f64
2025-01-08T16:00:00+00:00,2025-01-08T17:00:00+00:00,20250108,2025-01-08,2025,1,1,January,2,3,Wednesday,false,17,17:00,60,false,0,7,nuclear,Nuclear,conventional,false,7,,,unavailable,actual_generation_de_2024_2025,8118719a1cd35b8bac2f3933ca90094fc3fdbe4eaf8b653e88e4097514ae2f64
2025-01-08T16:00:00+00:00,2025-01-08T17:00:00+00:00,20250108,2025-01-08,2025,1,1,January,2,3,Wednesday,false,17,17:00,60,false,0,8,lignite,Lignite,conventional,false,8,11163.75,11163.75,reported,actual_generation_de_2024_2025,8118719a1cd35b8bac2f3933ca90094fc3fdbe4eaf8b653e88e4097514ae2f64
2025-01-08T16:00:00+00:00,2025-01-08T17:00:00+00:00,20250108,2025-01-08,2025,1,1,January,2,3,Wednesday,false,17,17:00,60,false,0,9,hard_coal,Hard coal,conventional,false,9,7230.25,7230.25,reported,actual_generation_de_2024_2025,8118719a1cd35b8bac2f3933ca90094fc3fdbe4eaf8b653e88e4097514ae2f64
2025-01-08T16:00:00+00:00,2025-01-08T17:00:00+00:00,20250108,2025-01-08,2025,1,1,January,2,3,Wednesday,false,17,17:00,60,false,0,10,fossil_gas,Fossil gas,conventional,false,10,12113.50,12113.50,reported,actual_generation_de_2024_2025,8118719a1cd35b8bac2f3933ca90094fc3fdbe4eaf8b653e88e4097514ae2f64
2025-01-08T16:00:00+00:00,2025-01-08T17:00:00+00:00,20250108,2025-01-08,2025,1,1,January,2,3,Wednesday,false,17,17:00,60,false,0,11,hydro_pumped_storage,Hydro pumped storage,storage,false,11,3871.25,3871.25,reported,actual_generation_de_2024_2025,8118719a1cd35b8bac2f3933ca90094fc3fdbe4eaf8b653e88e4097514ae2f64
2025-01-08T16:00:00+00:00,2025-01-08T17:00:00+00:00,20250108,2025-01-08,2025,1,1,January,2,3,Wednesday,false,17,17:00,60,false,0,12,other_conventional,Other conventional,conventional,false,12,1618.25,1618.25,reported,actual_generation_de_2024_2025,8118719a1cd35b8bac2f3933ca90094fc3fdbe4eaf8b653e88e4097514ae2f64
2025-01-08T17:00:00+00:00,2025-01-08T18:00:00+00:00,20250108,2025-01-08,2025,1,1,January,2,3,Wednesday,false,18,18:00,60,false,0,1,biomass,Biomass,renewable,true,1,4765.25,4765.25,reported,actual_generation_de_2024_2025,8118719a1cd35b8bac2f3933ca90094fc3fdbe4eaf8b653e88e4097514ae2f64
2025-01-08T17:00:00+00:00,2025-01-08T18:00:00+00:00,20250108,2025-01-08,2025,1,1,January,2,3,Wednesday,false,18,18:00,60,false,0,2,hydropower,Hydropower,renewable,true,2,1895.00,1895.00,reported,actual_generation_de_2024_2025,8118719a1cd35b8bac2f3933ca90094fc3fdbe4eaf8b653e88e4097514ae2f64
2025-01-08T17:00:00+00:00,2025-01-08T18:00:00+00:00,20250108,2025-01-08,2025,1,1,January,2,3,Wednesday,false,18,18:00,60,false,0,3,wind_offshore,Wind offshore,renewable,true,3,4428.75,4428.75,reported,actual_generation_de_2024_2025,8118719a1cd35b8bac2f3933ca90094fc3fdbe4eaf8b653e88e4097514ae2f64
2025-01-08T17:00:00+00:00,2025-01-08T18:00:00+00:00,20250108,2025-01-08,2025,1,1,January,2,3,Wednesday,false,18,18:00,60,false,0,4,wind_onshore,Wind onshore,renewable,true,4,19418.50,19418.50,reported,actual_generation_de_2024_2025,8118719a1cd35b8bac2f3933ca90094fc3fdbe4eaf8b653e88e4097514ae2f64
2025-01-08T17:00:00+00:00,2025-01-08T18:00:00+00:00,20250108,2025-01-08,2025,1,1,January,2,3,Wednesday,false,18,18:00,60,false,0,5,solar_photovoltaic,Solar photovoltaic,renewable,true,5,18.50,18.50,reported,actual_generation_de_2024_2025,8118719a1cd35b8bac2f3933ca90094fc3fdbe4eaf8b653e88e4097514ae2f64
2025-01-08T17:00:00+00:00,2025-01-08T18:00:00+00:00,20250108,2025-01-08,2025,1,1,January,2,3,Wednesday,false,18,18:00,60,false,0,6,other_renewable,Other renewable,renewable,true,6,133.00,133.00,reported,actual_generation_de_2024_2025,8118719a1cd35b8bac2f3933ca90094fc3fdbe4eaf8b653e88e4097514ae2f64
2025-01-08T17:00:00+00:00,2025-01-08T18:00:00+00:00,20250108,2025-01-08,2025,1,1,January,2,3,Wednesday,false,18,18:00,60,false,0,7,nuclear,Nuclear,conventional,false,7,,,unavailable,actual_generation_de_2024_2025,8118719a1cd35b8bac2f3933ca90094fc3fdbe4eaf8b653e88e4097514ae2f64
2025-01-08T17:00:00+00:00,2025-01-08T18:00:00+00:00,20250108,2025-01-08,2025,1,1,January,2,3,Wednesday,false,18,18:00,60,false,0,8,lignite,Lignite,conventional,false,8,12331.00,12331.00,reported,actual_generation_de_2024_2025,8118719a1cd35b8bac2f3933ca90094fc3fdbe4eaf8b653e88e4097514ae2f64
2025-01-08T17:00:00+00:00,2025-01-08T18:00:00+00:00,20250108,2025-01-08,2025,1,1,January,2,3,Wednesday,false,18,18:00,60,false,0,9,hard_coal,Hard coal,conventional,false,9,6974.00,6974.00,reported,actual_generation_de_2024_2025,8118719a1cd35b8bac2f3933ca90094fc3fdbe4eaf8b653e88e4097514ae2f64
2025-01-08T17:00:00+00:00,2025-01-08T18:00:00+00:00,20250108,2025-01-08,2025,1,1,January,2,3,Wednesday,false,18,18:00,60,false,0,10,fossil_gas,Fossil gas,conventional,false,10,11154.00,11154.00,reported,actual_generation_de_2024_2025,8118719a1cd35b8bac2f3933ca90094fc3fdbe4eaf8b653e88e4097514ae2f64
2025-01-08T17:00:00+00:00,2025-01-08T18:00:00+00:00,20250108,2025-01-08,2025,1,1,January,2,3,Wednesday,false,18,18:00,60,false,0,11,hydro_pumped_storage,Hydro pumped storage,storage,false,11,4162.00,4162.00,reported,actual_generation_de_2024_2025,8118719a1cd35b8bac2f3933ca90094fc3fdbe4eaf8b653e88e4097514ae2f64
2025-01-08T17:00:00+00:00,2025-01-08T18:00:00+00:00,20250108,2025-01-08,2025,1,1,January,2,3,Wednesday,false,18,18:00,60,false,0,12,other_conventional,Other conventional,conventional,false,12,1645.25,1645.25,reported,actual_generation_de_2024_2025,8118719a1cd35b8bac2f3933ca90094fc3fdbe4eaf8b653e88e4097514ae2f64
2025-01-08T18:00:00+00:00,2025-01-08T19:00:00+00:00,20250108,2025-01-08,2025,1,1,January,2,3,Wednesday,false,19,19:00,60,false,0,1,biomass,Biomass,renewable,true,1,4711.50,4711.50,reported,actual_generation_de_2024_2025,8118719a1cd35b8bac2f3933ca90094fc3fdbe4eaf8b653e88e4097514ae2f64
2025-01-08T18:00:00+00:00,2025-01-08T19:00:00+00:00,20250108,2025-01-08,2025,1,1,January,2,3,Wednesday,false,19,19:00,60,false,0,2,hydropower,Hydropower,renewable,true,2,1824.00,1824.00,reported,actual_generation_de_2024_2025,8118719a1cd35b8bac2f3933ca90094fc3fdbe4eaf8b653e88e4097514ae2f64
2025-01-08T18:00:00+00:00,2025-01-08T19:00:00+00:00,20250108,2025-01-08,2025,1,1,January,2,3,Wednesday,false,19,19:00,60,false,0,3,wind_offshore,Wind offshore,renewable,true,3,3902.25,3902.25,reported,actual_generation_de_2024_2025,8118719a1cd35b8bac2f3933ca90094fc3fdbe4eaf8b653e88e4097514ae2f64
2025-01-08T18:00:00+00:00,2025-01-08T19:00:00+00:00,20250108,2025-01-08,2025,1,1,January,2,3,Wednesday,false,19,19:00,60,false,0,4,wind_onshore,Wind onshore,renewable,true,4,18842.00,18842.00,reported,actual_generation_de_2024_2025,8118719a1cd35b8bac2f3933ca90094fc3fdbe4eaf8b653e88e4097514ae2f64
2025-01-08T18:00:00+00:00,2025-01-08T19:00:00+00:00,20250108,2025-01-08,2025,1,1,January,2,3,Wednesday,false,19,19:00,60,false,0,5,solar_photovoltaic,Solar photovoltaic,renewable,true,5,17.25,17.25,reported,actual_generation_de_2024_2025,8118719a1cd35b8bac2f3933ca90094fc3fdbe4eaf8b653e88e4097514ae2f64
2025-01-08T18:00:00+00:00,2025-01-08T19:00:00+00:00,20250108,2025-01-08,2025,1,1,January,2,3,Wednesday,false,19,19:00,60,false,0,6,other_renewable,Other renewable,renewable,true,6,131.00,131.00,reported,actual_generation_de_2024_2025,8118719a1cd35b8bac2f3933ca90094fc3fdbe4eaf8b653e88e4097514ae2f64
2025-01-08T18:00:00+00:00,2025-01-08T19:00:00+00:00,20250108,2025-01-08,2025,1,1,January,2,3,Wednesday,false,19,19:00,60,false,0,7,nuclear,Nuclear,conventional,false,7,,,unavailable,actual_generation_de_2024_2025,8118719a1cd35b8bac2f3933ca90094fc3fdbe4eaf8b653e88e4097514ae2f64
2025-01-08T18:00:00+00:00,2025-01-08T19:00:00+00:00,20250108,2025-01-08,2025,1,1,January,2,3,Wednesday,false,19,19:00,60,false,0,8,lignite,Lignite,conventional,false,8,12338.50,12338.50,reported,actual_generation_de_2024_2025,8118719a1cd35b8bac2f3933ca90094fc3fdbe4eaf8b653e88e4097514ae2f64
2025-01-08T18:00:00+00:00,2025-01-08T19:00:00+00:00,20250108,2025-01-08,2025,1,1,January,2,3,Wednesday,false,19,19:00,60,false,0,9,hard_coal,Hard coal,conventional,false,9,6760.00,6760.00,reported,actual_generation_de_2024_2025,8118719a1cd35b8bac2f3933ca90094fc3fdbe4eaf8b653e88e4097514ae2f64
2025-01-08T18:00:00+00:00,2025-01-08T19:00:00+00:00,20250108,2025-01-08,2025,1,1,January,2,3,Wednesday,false,19,19:00,60,false,0,10,fossil_gas,Fossil gas,conventional,false,10,10727.50,10727.50,reported,actual_generation_de_2024_2025,8118719a1cd35b8bac2f3933ca90094fc3fdbe4eaf8b653e88e4097514ae2f64
2025-01-08T18:00:00+00:00,2025-01-08T19:00:00+00:00,20250108,2025-01-08,2025,1,1,January,2,3,Wednesday,false,19,19:00,60,false,0,11,hydro_pumped_storage,Hydro pumped storage,storage,false,11,2910.50,2910.50,reported,actual_generation_de_2024_2025,8118719a1cd35b8bac2f3933ca90094fc3fdbe4eaf8b653e88e4097514ae2f64
2025-01-08T18:00:00+00:00,2025-01-08T19:00:00+00:00,20250108,2025-01-08,2025,1,1,January,2,3,Wednesday,false,19,19:00,60,false,0,12,other_conventional,Other conventional,conventional,false,12,1635.75,1635.75,reported,actual_generation_de_2024_2025,8118719a1cd35b8bac2f3933ca90094fc3fdbe4eaf8b653e88e4097514ae2f64
2025-01-08T19:00:00+00:00,2025-01-08T20:00:00+00:00,20250108,2025-01-08,2025,1,1,January,2,3,Wednesday,false,20,20:00,60,false,0,1,biomass,Biomass,renewable,true,1,4578.50,4578.50,reported,actual_generation_de_2024_2025,8118719a1cd35b8bac2f3933ca90094fc3fdbe4eaf8b653e88e4097514ae2f64
2025-01-08T19:00:00+00:00,2025-01-08T20:00:00+00:00,20250108,2025-01-08,2025,1,1,January,2,3,Wednesday,false,20,20:00,60,false,0,2,hydropower,Hydropower,renewable,true,2,1759.75,1759.75,reported,actual_generation_de_2024_2025,8118719a1cd35b8bac2f3933ca90094fc3fdbe4eaf8b653e88e4097514ae2f64
2025-01-08T19:00:00+00:00,2025-01-08T20:00:00+00:00,20250108,2025-01-08,2025,1,1,January,2,3,Wednesday,false,20,20:00,60,false,0,3,wind_offshore,Wind offshore,renewable,true,3,3115.75,3115.75,reported,actual_generation_de_2024_2025,8118719a1cd35b8bac2f3933ca90094fc3fdbe4eaf8b653e88e4097514ae2f64
2025-01-08T19:00:00+00:00,2025-01-08T20:00:00+00:00,20250108,2025-01-08,2025,1,1,January,2,3,Wednesday,false,20,20:00,60,false,0,4,wind_onshore,Wind onshore,renewable,true,4,17329.00,17329.00,reported,actual_generation_de_2024_2025,8118719a1cd35b8bac2f3933ca90094fc3fdbe4eaf8b653e88e4097514ae2f64
2025-01-08T19:00:00+00:00,2025-01-08T20:00:00+00:00,20250108,2025-01-08,2025,1,1,January,2,3,Wednesday,false,20,20:00,60,false,0,5,solar_photovoltaic,Solar photovoltaic,renewable,true,5,11.50,11.50,reported,actual_generation_de_2024_2025,8118719a1cd35b8bac2f3933ca90094fc3fdbe4eaf8b653e88e4097514ae2f64
2025-01-08T19:00:00+00:00,2025-01-08T20:00:00+00:00,20250108,2025-01-08,2025,1,1,January,2,3,Wednesday,false,20,20:00,60,false,0,6,other_renewable,Other renewable,renewable,true,6,132.00,132.00,reported,actual_generation_de_2024_2025,8118719a1cd35b8bac2f3933ca90094fc3fdbe4eaf8b653e88e4097514ae2f64
2025-01-08T19:00:00+00:00,2025-01-08T20:00:00+00:00,20250108,2025-01-08,2025,1,1,January,2,3,Wednesday,false,20,20:00,60,false,0,7,nuclear,Nuclear,conventional,false,7,,,unavailable,actual_generation_de_2024_2025,8118719a1cd35b8bac2f3933ca90094fc3fdbe4eaf8b653e88e4097514ae2f64
2025-01-08T19:00:00+00:00,2025-01-08T20:00:00+00:00,20250108,2025-01-08,2025,1,1,January,2,3,Wednesday,false,20,20:00,60,false,0,8,lignite,Lignite,conventional,false,8,12520.50,12520.50,reported,actual_generation_de_2024_2025,8118719a1cd35b8bac2f3933ca90094fc3fdbe4eaf8b653e88e4097514ae2f64
2025-01-08T19:00:00+00:00,2025-01-08T20:00:00+00:00,20250108,2025-01-08,2025,1,1,January,2,3,Wednesday,false,20,20:00,60,false,0,9,hard_coal,Hard coal,conventional,false,9,6776.00,6776.00,reported,actual_generation_de_2024_2025,8118719a1cd35b8bac2f3933ca90094fc3fdbe4eaf8b653e88e4097514ae2f64
2025-01-08T19:00:00+00:00,2025-01-08T20:00:00+00:00,20250108,2025-01-08,2025,1,1,January,2,3,Wednesday,false,20,20:00,60,false,0,10,fossil_gas,Fossil gas,conventional,false,10,10105.75,10105.75,reported,actual_generation_de_2024_2025,8118719a1cd35b8bac2f3933ca90094fc3fdbe4eaf8b653e88e4097514ae2f64
2025-01-08T19:00:00+00:00,2025-01-08T20:00:00+00:00,20250108,2025-01-08,2025,1,1,January,2,3,Wednesday,false,20,20:00,60,false,0,11,hydro_pumped_storage,Hydro pumped storage,storage,false,11,1152.00,1152.00,reported,actual_generation_de_2024_2025,8118719a1cd35b8bac2f3933ca90094fc3fdbe4eaf8b653e88e4097514ae2f64
2025-01-08T19:00:00+00:00,2025-01-08T20:00:00+00:00,20250108,2025-01-08,2025,1,1,January,2,3,Wednesday,false,20,20:00,60,false,0,12,other_conventional,Other conventional,conventional,false,12,1630.25,1630.25,reported,actual_generation_de_2024_2025,8118719a1cd35b8bac2f3933ca90094fc3fdbe4eaf8b653e88e4097514ae2f64
2025-01-08T20:00:00+00:00,2025-01-08T21:00:00+00:00,20250108,2025-01-08,2025,1,1,January,2,3,Wednesday,false,21,21:00,60,false,0,1,biomass,Biomass,renewable,true,1,4413.50,4413.50,reported,actual_generation_de_2024_2025,8118719a1cd35b8bac2f3933ca90094fc3fdbe4eaf8b653e88e4097514ae2f64
2025-01-08T20:00:00+00:00,2025-01-08T21:00:00+00:00,20250108,2025-01-08,2025,1,1,January,2,3,Wednesday,false,21,21:00,60,false,0,2,hydropower,Hydropower,renewable,true,2,1757.25,1757.25,reported,actual_generation_de_2024_2025,8118719a1cd35b8bac2f3933ca90094fc3fdbe4eaf8b653e88e4097514ae2f64
2025-01-08T20:00:00+00:00,2025-01-08T21:00:00+00:00,20250108,2025-01-08,2025,1,1,January,2,3,Wednesday,false,21,21:00,60,false,0,3,wind_offshore,Wind offshore,renewable,true,3,2706.00,2706.00,reported,actual_generation_de_2024_2025,8118719a1cd35b8bac2f3933ca90094fc3fdbe4eaf8b653e88e4097514ae2f64
2025-01-08T20:00:00+00:00,2025-01-08T21:00:00+00:00,20250108,2025-01-08,2025,1,1,January,2,3,Wednesday,false,21,21:00,60,false,0,4,wind_onshore,Wind onshore,renewable,true,4,15564.25,15564.25,reported,actual_generation_de_2024_2025,8118719a1cd35b8bac2f3933ca90094fc3fdbe4eaf8b653e88e4097514ae2f64
2025-01-08T20:00:00+00:00,2025-01-08T21:00:00+00:00,20250108,2025-01-08,2025,1,1,January,2,3,Wednesday,false,21,21:00,60,false,0,5,solar_photovoltaic,Solar photovoltaic,renewable,true,5,6.75,6.75,reported,actual_generation_de_2024_2025,8118719a1cd35b8bac2f3933ca90094fc3fdbe4eaf8b653e88e4097514ae2f64
2025-01-08T20:00:00+00:00,2025-01-08T21:00:00+00:00,20250108,2025-01-08,2025,1,1,January,2,3,Wednesday,false,21,21:00,60,false,0,6,other_renewable,Other renewable,renewable,true,6,131.25,131.25,reported,actual_generation_de_2024_2025,8118719a1cd35b8bac2f3933ca90094fc3fdbe4eaf8b653e88e4097514ae2f64
2025-01-08T20:00:00+00:00,2025-01-08T21:00:00+00:00,20250108,2025-01-08,2025,1,1,January,2,3,Wednesday,false,21,21:00,60,false,0,7,nuclear,Nuclear,conventional,false,7,,,unavailable,actual_generation_de_2024_2025,8118719a1cd35b8bac2f3933ca90094fc3fdbe4eaf8b653e88e4097514ae2f64
2025-01-08T20:00:00+00:00,2025-01-08T21:00:00+00:00,20250108,2025-01-08,2025,1,1,January,2,3,Wednesday,false,21,21:00,60,false,0,8,lignite,Lignite,conventional,false,8,12506.50,12506.50,reported,actual_generation_de_2024_2025,8118719a1cd35b8bac2f3933ca90094fc3fdbe4eaf8b653e88e4097514ae2f64
2025-01-08T20:00:00+00:00,2025-01-08T21:00:00+00:00,20250108,2025-01-08,2025,1,1,January,2,3,Wednesday,false,21,21:00,60,false,0,9,hard_coal,Hard coal,conventional,false,9,6561.00,6561.00,reported,actual_generation_de_2024_2025,8118719a1cd35b8bac2f3933ca90094fc3fdbe4eaf8b653e88e4097514ae2f64
2025-01-08T20:00:00+00:00,2025-01-08T21:00:00+00:00,20250108,2025-01-08,2025,1,1,January,2,3,Wednesday,false,21,21:00,60,false,0,10,fossil_gas,Fossil gas,conventional,false,10,8694.00,8694.00,reported,actual_generation_de_2024_2025,8118719a1cd35b8bac2f3933ca90094fc3fdbe4eaf8b653e88e4097514ae2f64
2025-01-08T20:00:00+00:00,2025-01-08T21:00:00+00:00,20250108,2025-01-08,2025,1,1,January,2,3,Wednesday,false,21,21:00,60,false,0,11,hydro_pumped_storage,Hydro pumped storage,storage,false,11,559.25,559.25,reported,actual_generation_de_2024_2025,8118719a1cd35b8bac2f3933ca90094fc3fdbe4eaf8b653e88e4097514ae2f64
2025-01-08T20:00:00+00:00,2025-01-08T21:00:00+00:00,20250108,2025-01-08,2025,1,1,January,2,3,Wednesday,false,21,21:00,60,false,0,12,other_conventional,Other conventional,conventional,false,12,1661.25,1661.25,reported,actual_generation_de_2024_2025,8118719a1cd35b8bac2f3933ca90094fc3fdbe4eaf8b653e88e4097514ae2f64
2025-01-08T21:00:00+00:00,2025-01-08T22:00:00+00:00,20250108,2025-01-08,2025,1,1,January,2,3,Wednesday,false,22,22:00,60,false,0,1,biomass,Biomass,renewable,true,1,4289.25,4289.25,reported,actual_generation_de_2024_2025,8118719a1cd35b8bac2f3933ca90094fc3fdbe4eaf8b653e88e4097514ae2f64
2025-01-08T21:00:00+00:00,2025-01-08T22:00:00+00:00,20250108,2025-01-08,2025,1,1,January,2,3,Wednesday,false,22,22:00,60,false,0,2,hydropower,Hydropower,renewable,true,2,1727.25,1727.25,reported,actual_generation_de_2024_2025,8118719a1cd35b8bac2f3933ca90094fc3fdbe4eaf8b653e88e4097514ae2f64
2025-01-08T21:00:00+00:00,2025-01-08T22:00:00+00:00,20250108,2025-01-08,2025,1,1,January,2,3,Wednesday,false,22,22:00,60,false,0,3,wind_offshore,Wind offshore,renewable,true,3,2346.50,2346.50,reported,actual_generation_de_2024_2025,8118719a1cd35b8bac2f3933ca90094fc3fdbe4eaf8b653e88e4097514ae2f64
2025-01-08T21:00:00+00:00,2025-01-08T22:00:00+00:00,20250108,2025-01-08,2025,1,1,January,2,3,Wednesday,false,22,22:00,60,false,0,4,wind_onshore,Wind onshore,renewable,true,4,14406.25,14406.25,reported,actual_generation_de_2024_2025,8118719a1cd35b8bac2f3933ca90094fc3fdbe4eaf8b653e88e4097514ae2f64
2025-01-08T21:00:00+00:00,2025-01-08T22:00:00+00:00,20250108,2025-01-08,2025,1,1,January,2,3,Wednesday,false,22,22:00,60,false,0,5,solar_photovoltaic,Solar photovoltaic,renewable,true,5,7.25,7.25,reported,actual_generation_de_2024_2025,8118719a1cd35b8bac2f3933ca90094fc3fdbe4eaf8b653e88e4097514ae2f64
2025-01-08T21:00:00+00:00,2025-01-08T22:00:00+00:00,20250108,2025-01-08,2025,1,1,January,2,3,Wednesday,false,22,22:00,60,false,0,6,other_renewable,Other renewable,renewable,true,6,131.50,131.50,reported,actual_generation_de_2024_2025,8118719a1cd35b8bac2f3933ca90094fc3fdbe4eaf8b653e88e4097514ae2f64
2025-01-08T21:00:00+00:00,2025-01-08T22:00:00+00:00,20250108,2025-01-08,2025,1,1,January,2,3,Wednesday,false,22,22:00,60,false,0,7,nuclear,Nuclear,conventional,false,7,,,unavailable,actual_generation_de_2024_2025,8118719a1cd35b8bac2f3933ca90094fc3fdbe4eaf8b653e88e4097514ae2f64
2025-01-08T21:00:00+00:00,2025-01-08T22:00:00+00:00,20250108,2025-01-08,2025,1,1,January,2,3,Wednesday,false,22,22:00,60,false,0,8,lignite,Lignite,conventional,false,8,12426.25,12426.25,reported,actual_generation_de_2024_2025,8118719a1cd35b8bac2f3933ca90094fc3fdbe4eaf8b653e88e4097514ae2f64
2025-01-08T21:00:00+00:00,2025-01-08T22:00:00+00:00,20250108,2025-01-08,2025,1,1,January,2,3,Wednesday,false,22,22:00,60,false,0,9,hard_coal,Hard coal,conventional,false,9,6128.25,6128.25,reported,actual_generation_de_2024_2025,8118719a1cd35b8bac2f3933ca90094fc3fdbe4eaf8b653e88e4097514ae2f64
2025-01-08T21:00:00+00:00,2025-01-08T22:00:00+00:00,20250108,2025-01-08,2025,1,1,January,2,3,Wednesday,false,22,22:00,60,false,0,10,fossil_gas,Fossil gas,conventional,false,10,7317.25,7317.25,reported,actual_generation_de_2024_2025,8118719a1cd35b8bac2f3933ca90094fc3fdbe4eaf8b653e88e4097514ae2f64
2025-01-08T21:00:00+00:00,2025-01-08T22:00:00+00:00,20250108,2025-01-08,2025,1,1,January,2,3,Wednesday,false,22,22:00,60,false,0,11,hydro_pumped_storage,Hydro pumped storage,storage,false,11,347.00,347.00,reported,actual_generation_de_2024_2025,8118719a1cd35b8bac2f3933ca90094fc3fdbe4eaf8b653e88e4097514ae2f64
2025-01-08T21:00:00+00:00,2025-01-08T22:00:00+00:00,20250108,2025-01-08,2025,1,1,January,2,3,Wednesday,false,22,22:00,60,false,0,12,other_conventional,Other conventional,conventional,false,12,1673.00,1673.00,reported,actual_generation_de_2024_2025,8118719a1cd35b8bac2f3933ca90094fc3fdbe4eaf8b653e88e4097514ae2f64
2025-01-08T22:00:00+00:00,2025-01-08T23:00:00+00:00,20250108,2025-01-08,2025,1,1,January,2,3,Wednesday,false,23,23:00,60,false,0,1,biomass,Biomass,renewable,true,1,4137.50,4137.50,reported,actual_generation_de_2024_2025,8118719a1cd35b8bac2f3933ca90094fc3fdbe4eaf8b653e88e4097514ae2f64
2025-01-08T22:00:00+00:00,2025-01-08T23:00:00+00:00,20250108,2025-01-08,2025,1,1,January,2,3,Wednesday,false,23,23:00,60,false,0,2,hydropower,Hydropower,renewable,true,2,1677.00,1677.00,reported,actual_generation_de_2024_2025,8118719a1cd35b8bac2f3933ca90094fc3fdbe4eaf8b653e88e4097514ae2f64
2025-01-08T22:00:00+00:00,2025-01-08T23:00:00+00:00,20250108,2025-01-08,2025,1,1,January,2,3,Wednesday,false,23,23:00,60,false,0,3,wind_offshore,Wind offshore,renewable,true,3,2016.75,2016.75,reported,actual_generation_de_2024_2025,8118719a1cd35b8bac2f3933ca90094fc3fdbe4eaf8b653e88e4097514ae2f64
2025-01-08T22:00:00+00:00,2025-01-08T23:00:00+00:00,20250108,2025-01-08,2025,1,1,January,2,3,Wednesday,false,23,23:00,60,false,0,4,wind_onshore,Wind onshore,renewable,true,4,14026.00,14026.00,reported,actual_generation_de_2024_2025,8118719a1cd35b8bac2f3933ca90094fc3fdbe4eaf8b653e88e4097514ae2f64
2025-01-08T22:00:00+00:00,2025-01-08T23:00:00+00:00,20250108,2025-01-08,2025,1,1,January,2,3,Wednesday,false,23,23:00,60,false,0,5,solar_photovoltaic,Solar photovoltaic,renewable,true,5,6.50,6.50,reported,actual_generation_de_2024_2025,8118719a1cd35b8bac2f3933ca90094fc3fdbe4eaf8b653e88e4097514ae2f64
2025-01-08T22:00:00+00:00,2025-01-08T23:00:00+00:00,20250108,2025-01-08,2025,1,1,January,2,3,Wednesday,false,23,23:00,60,false,0,6,other_renewable,Other renewable,renewable,true,6,130.25,130.25,reported,actual_generation_de_2024_2025,8118719a1cd35b8bac2f3933ca90094fc3fdbe4eaf8b653e88e4097514ae2f64
2025-01-08T22:00:00+00:00,2025-01-08T23:00:00+00:00,20250108,2025-01-08,2025,1,1,January,2,3,Wednesday,false,23,23:00,60,false,0,7,nuclear,Nuclear,conventional,false,7,,,unavailable,actual_generation_de_2024_2025,8118719a1cd35b8bac2f3933ca90094fc3fdbe4eaf8b653e88e4097514ae2f64
2025-01-08T22:00:00+00:00,2025-01-08T23:00:00+00:00,20250108,2025-01-08,2025,1,1,January,2,3,Wednesday,false,23,23:00,60,false,0,8,lignite,Lignite,conventional,false,8,12249.50,12249.50,reported,actual_generation_de_2024_2025,8118719a1cd35b8bac2f3933ca90094fc3fdbe4eaf8b653e88e4097514ae2f64
2025-01-08T22:00:00+00:00,2025-01-08T23:00:00+00:00,20250108,2025-01-08,2025,1,1,January,2,3,Wednesday,false,23,23:00,60,false,0,9,hard_coal,Hard coal,conventional,false,9,5587.25,5587.25,reported,actual_generation_de_2024_2025,8118719a1cd35b8bac2f3933ca90094fc3fdbe4eaf8b653e88e4097514ae2f64
2025-01-08T22:00:00+00:00,2025-01-08T23:00:00+00:00,20250108,2025-01-08,2025,1,1,January,2,3,Wednesday,false,23,23:00,60,false,0,10,fossil_gas,Fossil gas,conventional,false,10,6478.75,6478.75,reported,actual_generation_de_2024_2025,8118719a1cd35b8bac2f3933ca90094fc3fdbe4eaf8b653e88e4097514ae2f64
2025-01-08T22:00:00+00:00,2025-01-08T23:00:00+00:00,20250108,2025-01-08,2025,1,1,January,2,3,Wednesday,false,23,23:00,60,false,0,11,hydro_pumped_storage,Hydro pumped storage,storage,false,11,108.50,108.50,reported,actual_generation_de_2024_2025,8118719a1cd35b8bac2f3933ca90094fc3fdbe4eaf8b653e88e4097514ae2f64
2025-01-08T22:00:00+00:00,2025-01-08T23:00:00+00:00,20250108,2025-01-08,2025,1,1,January,2,3,Wednesday,false,23,23:00,60,false,0,12,other_conventional,Other conventional,conventional,false,12,1683.00,1683.00,reported,actual_generation_de_2024_2025,8118719a1cd35b8bac2f3933ca90094fc3fdbe4eaf8b653e88e4097514ae2f64
2025-01-08T23:00:00+00:00,2025-01-09T00:00:00+00:00,20250109,2025-01-09,2025,1,1,January,2,4,Thursday,false,0,00:00,60,false,0,1,biomass,Biomass,renewable,true,1,4056.25,4056.25,reported,actual_generation_de_2024_2025,8118719a1cd35b8bac2f3933ca90094fc3fdbe4eaf8b653e88e4097514ae2f64
2025-01-08T23:00:00+00:00,2025-01-09T00:00:00+00:00,20250109,2025-01-09,2025,1,1,January,2,4,Thursday,false,0,00:00,60,false,0,2,hydropower,Hydropower,renewable,true,2,1679.75,1679.75,reported,actual_generation_de_2024_2025,8118719a1cd35b8bac2f3933ca90094fc3fdbe4eaf8b653e88e4097514ae2f64
2025-01-08T23:00:00+00:00,2025-01-09T00:00:00+00:00,20250109,2025-01-09,2025,1,1,January,2,4,Thursday,false,0,00:00,60,false,0,3,wind_offshore,Wind offshore,renewable,true,3,1706.75,1706.75,reported,actual_generation_de_2024_2025,8118719a1cd35b8bac2f3933ca90094fc3fdbe4eaf8b653e88e4097514ae2f64
2025-01-08T23:00:00+00:00,2025-01-09T00:00:00+00:00,20250109,2025-01-09,2025,1,1,January,2,4,Thursday,false,0,00:00,60,false,0,4,wind_onshore,Wind onshore,renewable,true,4,13611.50,13611.50,reported,actual_generation_de_2024_2025,8118719a1cd35b8bac2f3933ca90094fc3fdbe4eaf8b653e88e4097514ae2f64
2025-01-08T23:00:00+00:00,2025-01-09T00:00:00+00:00,20250109,2025-01-09,2025,1,1,January,2,4,Thursday,false,0,00:00,60,false,0,5,solar_photovoltaic,Solar photovoltaic,renewable,true,5,6.00,6.00,reported,actual_generation_de_2024_2025,8118719a1cd35b8bac2f3933ca90094fc3fdbe4eaf8b653e88e4097514ae2f64
2025-01-08T23:00:00+00:00,2025-01-09T00:00:00+00:00,20250109,2025-01-09,2025,1,1,January,2,4,Thursday,false,0,00:00,60,false,0,6,other_renewable,Other renewable,renewable,true,6,128.92,128.92,reported,actual_generation_de_2024_2025,8118719a1cd35b8bac2f3933ca90094fc3fdbe4eaf8b653e88e4097514ae2f64
2025-01-08T23:00:00+00:00,2025-01-09T00:00:00+00:00,20250109,2025-01-09,2025,1,1,January,2,4,Thursday,false,0,00:00,60,false,0,7,nuclear,Nuclear,conventional,false,7,,,unavailable,actual_generation_de_2024_2025,8118719a1cd35b8bac2f3933ca90094fc3fdbe4eaf8b653e88e4097514ae2f64
2025-01-08T23:00:00+00:00,2025-01-09T00:00:00+00:00,20250109,2025-01-09,2025,1,1,January,2,4,Thursday,false,0,00:00,60,false,0,8,lignite,Lignite,conventional,false,8,12097.00,12097.00,reported,actual_generation_de_2024_2025,8118719a1cd35b8bac2f3933ca90094fc3fdbe4eaf8b653e88e4097514ae2f64
2025-01-08T23:00:00+00:00,2025-01-09T00:00:00+00:00,20250109,2025-01-09,2025,1,1,January,2,4,Thursday,false,0,00:00,60,false,0,9,hard_coal,Hard coal,conventional,false,9,5292.25,5292.25,reported,actual_generation_de_2024_2025,8118719a1cd35b8bac2f3933ca90094fc3fdbe4eaf8b653e88e4097514ae2f64
2025-01-08T23:00:00+00:00,2025-01-09T00:00:00+00:00,20250109,2025-01-09,2025,1,1,January,2,4,Thursday,false,0,00:00,60,false,0,10,fossil_gas,Fossil gas,conventional,false,10,6205.75,6205.75,reported,actual_generation_de_2024_2025,8118719a1cd35b8bac2f3933ca90094fc3fdbe4eaf8b653e88e4097514ae2f64
2025-01-08T23:00:00+00:00,2025-01-09T00:00:00+00:00,20250109,2025-01-09,2025,1,1,January,2,4,Thursday,false,0,00:00,60,false,0,11,hydro_pumped_storage,Hydro pumped storage,storage,false,11,204.25,204.25,reported,actual_generation_de_2024_2025,8118719a1cd35b8bac2f3933ca90094fc3fdbe4eaf8b653e88e4097514ae2f64
2025-01-08T23:00:00+00:00,2025-01-09T00:00:00+00:00,20250109,2025-01-09,2025,1,1,January,2,4,Thursday,false,0,00:00,60,false,0,12,other_conventional,Other conventional,conventional,false,12,1797.75,1797.75,reported,actual_generation_de_2024_2025,8118719a1cd35b8bac2f3933ca90094fc3fdbe4eaf8b653e88e4097514ae2f64
2025-01-09T00:00:00+00:00,2025-01-09T01:00:00+00:00,20250109,2025-01-09,2025,1,1,January,2,4,Thursday,false,1,01:00,60,false,0,1,biomass,Biomass,renewable,true,1,3982.00,3982.00,reported,actual_generation_de_2024_2025,8118719a1cd35b8bac2f3933ca90094fc3fdbe4eaf8b653e88e4097514ae2f64
2025-01-09T00:00:00+00:00,2025-01-09T01:00:00+00:00,20250109,2025-01-09,2025,1,1,January,2,4,Thursday,false,1,01:00,60,false,0,2,hydropower,Hydropower,renewable,true,2,1651.75,1651.75,reported,actual_generation_de_2024_2025,8118719a1cd35b8bac2f3933ca90094fc3fdbe4eaf8b653e88e4097514ae2f64
2025-01-09T00:00:00+00:00,2025-01-09T01:00:00+00:00,20250109,2025-01-09,2025,1,1,January,2,4,Thursday,false,1,01:00,60,false,0,3,wind_offshore,Wind offshore,renewable,true,3,1360.75,1360.75,reported,actual_generation_de_2024_2025,8118719a1cd35b8bac2f3933ca90094fc3fdbe4eaf8b653e88e4097514ae2f64
2025-01-09T00:00:00+00:00,2025-01-09T01:00:00+00:00,20250109,2025-01-09,2025,1,1,January,2,4,Thursday,false,1,01:00,60,false,0,4,wind_onshore,Wind onshore,renewable,true,4,13399.00,13399.00,reported,actual_generation_de_2024_2025,8118719a1cd35b8bac2f3933ca90094fc3fdbe4eaf8b653e88e4097514ae2f64
2025-01-09T00:00:00+00:00,2025-01-09T01:00:00+00:00,20250109,2025-01-09,2025,1,1,January,2,4,Thursday,false,1,01:00,60,false,0,5,solar_photovoltaic,Solar photovoltaic,renewable,true,5,6.00,6.00,reported,actual_generation_de_2024_2025,8118719a1cd35b8bac2f3933ca90094fc3fdbe4eaf8b653e88e4097514ae2f64
2025-01-09T00:00:00+00:00,2025-01-09T01:00:00+00:00,20250109,2025-01-09,2025,1,1,January,2,4,Thursday,false,1,01:00,60,false,0,6,other_renewable,Other renewable,renewable,true,6,131.18,131.18,reported,actual_generation_de_2024_2025,8118719a1cd35b8bac2f3933ca90094fc3fdbe4eaf8b653e88e4097514ae2f64
2025-01-09T00:00:00+00:00,2025-01-09T01:00:00+00:00,20250109,2025-01-09,2025,1,1,January,2,4,Thursday,false,1,01:00,60,false,0,7,nuclear,Nuclear,conventional,false,7,,,unavailable,actual_generation_de_2024_2025,8118719a1cd35b8bac2f3933ca90094fc3fdbe4eaf8b653e88e4097514ae2f64
2025-01-09T00:00:00+00:00,2025-01-09T01:00:00+00:00,20250109,2025-01-09,2025,1,1,January,2,4,Thursday,false,1,01:00,60,false,0,8,lignite,Lignite,conventional,false,8,12052.00,12052.00,reported,actual_generation_de_2024_2025,8118719a1cd35b8bac2f3933ca90094fc3fdbe4eaf8b653e88e4097514ae2f64
2025-01-09T00:00:00+00:00,2025-01-09T01:00:00+00:00,20250109,2025-01-09,2025,1,1,January,2,4,Thursday,false,1,01:00,60,false,0,9,hard_coal,Hard coal,conventional,false,9,5114.25,5114.25,reported,actual_generation_de_2024_2025,8118719a1cd35b8bac2f3933ca90094fc3fdbe4eaf8b653e88e4097514ae2f64
2025-01-09T00:00:00+00:00,2025-01-09T01:00:00+00:00,20250109,2025-01-09,2025,1,1,January,2,4,Thursday,false,1,01:00,60,false,0,10,fossil_gas,Fossil gas,conventional,false,10,6160.75,6160.75,reported,actual_generation_de_2024_2025,8118719a1cd35b8bac2f3933ca90094fc3fdbe4eaf8b653e88e4097514ae2f64
2025-01-09T00:00:00+00:00,2025-01-09T01:00:00+00:00,20250109,2025-01-09,2025,1,1,January,2,4,Thursday,false,1,01:00,60,false,0,11,hydro_pumped_storage,Hydro pumped storage,storage,false,11,130.25,130.25,reported,actual_generation_de_2024_2025,8118719a1cd35b8bac2f3933ca90094fc3fdbe4eaf8b653e88e4097514ae2f64
2025-01-09T00:00:00+00:00,2025-01-09T01:00:00+00:00,20250109,2025-01-09,2025,1,1,January,2,4,Thursday,false,1,01:00,60,false,0,12,other_conventional,Other conventional,conventional,false,12,1751.50,1751.50,reported,actual_generation_de_2024_2025,8118719a1cd35b8bac2f3933ca90094fc3fdbe4eaf8b653e88e4097514ae2f64
2025-01-09T01:00:00+00:00,2025-01-09T02:00:00+00:00,20250109,2025-01-09,2025,1,1,January,2,4,Thursday,false,2,02:00,60,false,0,1,biomass,Biomass,renewable,true,1,3986.75,3986.75,reported,actual_generation_de_2024_2025,8118719a1cd35b8bac2f3933ca90094fc3fdbe4eaf8b653e88e4097514ae2f64
2025-01-09T01:00:00+00:00,2025-01-09T02:00:00+00:00,20250109,2025-01-09,2025,1,1,January,2,4,Thursday,false,2,02:00,60,false,0,2,hydropower,Hydropower,renewable,true,2,1664.50,1664.50,reported,actual_generation_de_2024_2025,8118719a1cd35b8bac2f3933ca90094fc3fdbe4eaf8b653e88e4097514ae2f64
2025-01-09T01:00:00+00:00,2025-01-09T02:00:00+00:00,20250109,2025-01-09,2025,1,1,January,2,4,Thursday,false,2,02:00,60,false,0,3,wind_offshore,Wind offshore,renewable,true,3,1116.75,1116.75,reported,actual_generation_de_2024_2025,8118719a1cd35b8bac2f3933ca90094fc3fdbe4eaf8b653e88e4097514ae2f64
2025-01-09T01:00:00+00:00,2025-01-09T02:00:00+00:00,20250109,2025-01-09,2025,1,1,January,2,4,Thursday,false,2,02:00,60,false,0,4,wind_onshore,Wind onshore,renewable,true,4,12513.75,12513.75,reported,actual_generation_de_2024_2025,8118719a1cd35b8bac2f3933ca90094fc3fdbe4eaf8b653e88e4097514ae2f64
2025-01-09T01:00:00+00:00,2025-01-09T02:00:00+00:00,20250109,2025-01-09,2025,1,1,January,2,4,Thursday,false,2,02:00,60,false,0,5,solar_photovoltaic,Solar photovoltaic,renewable,true,5,5.00,5.00,reported,actual_generation_de_2024_2025,8118719a1cd35b8bac2f3933ca90094fc3fdbe4eaf8b653e88e4097514ae2f64
2025-01-09T01:00:00+00:00,2025-01-09T02:00:00+00:00,20250109,2025-01-09,2025,1,1,January,2,4,Thursday,false,2,02:00,60,false,0,6,other_renewable,Other renewable,renewable,true,6,130.01,130.01,reported,actual_generation_de_2024_2025,8118719a1cd35b8bac2f3933ca90094fc3fdbe4eaf8b653e88e4097514ae2f64
2025-01-09T01:00:00+00:00,2025-01-09T02:00:00+00:00,20250109,2025-01-09,2025,1,1,January,2,4,Thursday,false,2,02:00,60,false,0,7,nuclear,Nuclear,conventional,false,7,,,unavailable,actual_generation_de_2024_2025,8118719a1cd35b8bac2f3933ca90094fc3fdbe4eaf8b653e88e4097514ae2f64
2025-01-09T01:00:00+00:00,2025-01-09T02:00:00+00:00,20250109,2025-01-09,2025,1,1,January,2,4,Thursday,false,2,02:00,60,false,0,8,lignite,Lignite,conventional,false,8,12025.50,12025.50,reported,actual_generation_de_2024_2025,8118719a1cd35b8bac2f3933ca90094fc3fdbe4eaf8b653e88e4097514ae2f64
2025-01-09T01:00:00+00:00,2025-01-09T02:00:00+00:00,20250109,2025-01-09,2025,1,1,January,2,4,Thursday,false,2,02:00,60,false,0,9,hard_coal,Hard coal,conventional,false,9,5250.25,5250.25,reported,actual_generation_de_2024_2025,8118719a1cd35b8bac2f3933ca90094fc3fdbe4eaf8b653e88e4097514ae2f64
2025-01-09T01:00:00+00:00,2025-01-09T02:00:00+00:00,20250109,2025-01-09,2025,1,1,January,2,4,Thursday,false,2,02:00,60,false,0,10,fossil_gas,Fossil gas,conventional,false,10,6195.00,6195.00,reported,actual_generation_de_2024_2025,8118719a1cd35b8bac2f3933ca90094fc3fdbe4eaf8b653e88e4097514ae2f64
2025-01-09T01:00:00+00:00,2025-01-09T02:00:00+00:00,20250109,2025-01-09,2025,1,1,January,2,4,Thursday,false,2,02:00,60,false,0,11,hydro_pumped_storage,Hydro pumped storage,storage,false,11,106.75,106.75,reported,actual_generation_de_2024_2025,8118719a1cd35b8bac2f3933ca90094fc3fdbe4eaf8b653e88e4097514ae2f64
2025-01-09T01:00:00+00:00,2025-01-09T02:00:00+00:00,20250109,2025-01-09,2025,1,1,January,2,4,Thursday,false,2,02:00,60,false,0,12,other_conventional,Other conventional,conventional,false,12,1740.25,1740.25,reported,actual_generation_de_2024_2025,8118719a1cd35b8bac2f3933ca90094fc3fdbe4eaf8b653e88e4097514ae2f64
2025-01-09T02:00:00+00:00,2025-01-09T03:00:00+00:00,20250109,2025-01-09,2025,1,1,January,2,4,Thursday,false,3,03:00,60,false,0,1,biomass,Biomass,renewable,true,1,3990.50,3990.50,reported,actual_generation_de_2024_2025,8118719a1cd35b8bac2f3933ca90094fc3fdbe4eaf8b653e88e4097514ae2f64
2025-01-09T02:00:00+00:00,2025-01-09T03:00:00+00:00,20250109,2025-01-09,2025,1,1,January,2,4,Thursday,false,3,03:00,60,false,0,2,hydropower,Hydropower,renewable,true,2,1668.75,1668.75,reported,actual_generation_de_2024_2025,8118719a1cd35b8bac2f3933ca90094fc3fdbe4eaf8b653e88e4097514ae2f64
2025-01-09T02:00:00+00:00,2025-01-09T03:00:00+00:00,20250109,2025-01-09,2025,1,1,January,2,4,Thursday,false,3,03:00,60,false,0,3,wind_offshore,Wind offshore,renewable,true,3,1124.75,1124.75,reported,actual_generation_de_2024_2025,8118719a1cd35b8bac2f3933ca90094fc3fdbe4eaf8b653e88e4097514ae2f64
2025-01-09T02:00:00+00:00,2025-01-09T03:00:00+00:00,20250109,2025-01-09,2025,1,1,January,2,4,Thursday,false,3,03:00,60,false,0,4,wind_onshore,Wind onshore,renewable,true,4,12423.00,12423.00,reported,actual_generation_de_2024_2025,8118719a1cd35b8bac2f3933ca90094fc3fdbe4eaf8b653e88e4097514ae2f64
2025-01-09T02:00:00+00:00,2025-01-09T03:00:00+00:00,20250109,2025-01-09,2025,1,1,January,2,4,Thursday,false,3,03:00,60,false,0,5,solar_photovoltaic,Solar photovoltaic,renewable,true,5,5.00,5.00,reported,actual_generation_de_2024_2025,8118719a1cd35b8bac2f3933ca90094fc3fdbe4eaf8b653e88e4097514ae2f64
2025-01-09T02:00:00+00:00,2025-01-09T03:00:00+00:00,20250109,2025-01-09,2025,1,1,January,2,4,Thursday,false,3,03:00,60,false,0,6,other_renewable,Other renewable,renewable,true,6,129.81,129.81,reported,actual_generation_de_2024_2025,8118719a1cd35b8bac2f3933ca90094fc3fdbe4eaf8b653e88e4097514ae2f64
2025-01-09T02:00:00+00:00,2025-01-09T03:00:00+00:00,20250109,2025-01-09,2025,1,1,January,2,4,Thursday,false,3,03:00,60,false,0,7,nuclear,Nuclear,conventional,false,7,,,unavailable,actual_generation_de_2024_2025,8118719a1cd35b8bac2f3933ca90094fc3fdbe4eaf8b653e88e4097514ae2f64
2025-01-09T02:00:00+00:00,2025-01-09T03:00:00+00:00,20250109,2025-01-09,2025,1,1,January,2,4,Thursday,false,3,03:00,60,false,0,8,lignite,Lignite,conventional,false,8,12041.75,12041.75,reported,actual_generation_de_2024_2025,8118719a1cd35b8bac2f3933ca90094fc3fdbe4eaf8b653e88e4097514ae2f64
2025-01-09T02:00:00+00:00,2025-01-09T03:00:00+00:00,20250109,2025-01-09,2025,1,1,January,2,4,Thursday,false,3,03:00,60,false,0,9,hard_coal,Hard coal,conventional,false,9,5714.75,5714.75,reported,actual_generation_de_2024_2025,8118719a1cd35b8bac2f3933ca90094fc3fdbe4eaf8b653e88e4097514ae2f64
2025-01-09T02:00:00+00:00,2025-01-09T03:00:00+00:00,20250109,2025-01-09,2025,1,1,January,2,4,Thursday,false,3,03:00,60,false,0,10,fossil_gas,Fossil gas,conventional,false,10,6216.50,6216.50,reported,actual_generation_de_2024_2025,8118719a1cd35b8bac2f3933ca90094fc3fdbe4eaf8b653e88e4097514ae2f64
2025-01-09T02:00:00+00:00,2025-01-09T03:00:00+00:00,20250109,2025-01-09,2025,1,1,January,2,4,Thursday,false,3,03:00,60,false,0,11,hydro_pumped_storage,Hydro pumped storage,storage,false,11,121.50,121.50,reported,actual_generation_de_2024_2025,8118719a1cd35b8bac2f3933ca90094fc3fdbe4eaf8b653e88e4097514ae2f64
2025-01-09T02:00:00+00:00,2025-01-09T03:00:00+00:00,20250109,2025-01-09,2025,1,1,January,2,4,Thursday,false,3,03:00,60,false,0,12,other_conventional,Other conventional,conventional,false,12,1743.50,1743.50,reported,actual_generation_de_2024_2025,8118719a1cd35b8bac2f3933ca90094fc3fdbe4eaf8b653e88e4097514ae2f64
2025-01-09T03:00:00+00:00,2025-01-09T04:00:00+00:00,20250109,2025-01-09,2025,1,1,January,2,4,Thursday,false,4,04:00,60,false,0,1,biomass,Biomass,renewable,true,1,4029.00,4029.00,reported,actual_generation_de_2024_2025,8118719a1cd35b8bac2f3933ca90094fc3fdbe4eaf8b653e88e4097514ae2f64
2025-01-09T03:00:00+00:00,2025-01-09T04:00:00+00:00,20250109,2025-01-09,2025,1,1,January,2,4,Thursday,false,4,04:00,60,false,0,2,hydropower,Hydropower,renewable,true,2,1769.25,1769.25,reported,actual_generation_de_2024_2025,8118719a1cd35b8bac2f3933ca90094fc3fdbe4eaf8b653e88e4097514ae2f64
2025-01-09T03:00:00+00:00,2025-01-09T04:00:00+00:00,20250109,2025-01-09,2025,1,1,January,2,4,Thursday,false,4,04:00,60,false,0,3,wind_offshore,Wind offshore,renewable,true,3,1028.00,1028.00,reported,actual_generation_de_2024_2025,8118719a1cd35b8bac2f3933ca90094fc3fdbe4eaf8b653e88e4097514ae2f64
2025-01-09T03:00:00+00:00,2025-01-09T04:00:00+00:00,20250109,2025-01-09,2025,1,1,January,2,4,Thursday,false,4,04:00,60,false,0,4,wind_onshore,Wind onshore,renewable,true,4,12915.75,12915.75,reported,actual_generation_de_2024_2025,8118719a1cd35b8bac2f3933ca90094fc3fdbe4eaf8b653e88e4097514ae2f64
2025-01-09T03:00:00+00:00,2025-01-09T04:00:00+00:00,20250109,2025-01-09,2025,1,1,January,2,4,Thursday,false,4,04:00,60,false,0,5,solar_photovoltaic,Solar photovoltaic,renewable,true,5,5.00,5.00,reported,actual_generation_de_2024_2025,8118719a1cd35b8bac2f3933ca90094fc3fdbe4eaf8b653e88e4097514ae2f64
2025-01-09T03:00:00+00:00,2025-01-09T04:00:00+00:00,20250109,2025-01-09,2025,1,1,January,2,4,Thursday,false,4,04:00,60,false,0,6,other_renewable,Other renewable,renewable,true,6,129.49,129.49,reported,actual_generation_de_2024_2025,8118719a1cd35b8bac2f3933ca90094fc3fdbe4eaf8b653e88e4097514ae2f64
2025-01-09T03:00:00+00:00,2025-01-09T04:00:00+00:00,20250109,2025-01-09,2025,1,1,January,2,4,Thursday,false,4,04:00,60,false,0,7,nuclear,Nuclear,conventional,false,7,,,unavailable,actual_generation_de_2024_2025,8118719a1cd35b8bac2f3933ca90094fc3fdbe4eaf8b653e88e4097514ae2f64
2025-01-09T03:00:00+00:00,2025-01-09T04:00:00+00:00,20250109,2025-01-09,2025,1,1,January,2,4,Thursday,false,4,04:00,60,false,0,8,lignite,Lignite,conventional,false,8,12034.75,12034.75,reported,actual_generation_de_2024_2025,8118719a1cd35b8bac2f3933ca90094fc3fdbe4eaf8b653e88e4097514ae2f64
2025-01-09T03:00:00+00:00,2025-01-09T04:00:00+00:00,20250109,2025-01-09,2025,1,1,January,2,4,Thursday,false,4,04:00,60,false,0,9,hard_coal,Hard coal,conventional,false,9,6308.50,6308.50,reported,actual_generation_de_2024_2025,8118719a1cd35b8bac2f3933ca90094fc3fdbe4eaf8b653e88e4097514ae2f64
2025-01-09T03:00:00+00:00,2025-01-09T04:00:00+00:00,20250109,2025-01-09,2025,1,1,January,2,4,Thursday,false,4,04:00,60,false,0,10,fossil_gas,Fossil gas,conventional,false,10,6339.00,6339.00,reported,actual_generation_de_2024_2025,8118719a1cd35b8bac2f3933ca90094fc3fdbe4eaf8b653e88e4097514ae2f64
2025-01-09T03:00:00+00:00,2025-01-09T04:00:00+00:00,20250109,2025-01-09,2025,1,1,January,2,4,Thursday,false,4,04:00,60,false,0,11,hydro_pumped_storage,Hydro pumped storage,storage,false,11,50.75,50.75,reported,actual_generation_de_2024_2025,8118719a1cd35b8bac2f3933ca90094fc3fdbe4eaf8b653e88e4097514ae2f64
2025-01-09T03:00:00+00:00,2025-01-09T04:00:00+00:00,20250109,2025-01-09,2025,1,1,January,2,4,Thursday,false,4,04:00,60,false,0,12,other_conventional,Other conventional,conventional,false,12,1747.75,1747.75,reported,actual_generation_de_2024_2025,8118719a1cd35b8bac2f3933ca90094fc3fdbe4eaf8b653e88e4097514ae2f64
2025-01-09T04:00:00+00:00,2025-01-09T05:00:00+00:00,20250109,2025-01-09,2025,1,1,January,2,4,Thursday,false,5,05:00,60,false,0,1,biomass,Biomass,renewable,true,1,4065.25,4065.25,reported,actual_generation_de_2024_2025,8118719a1cd35b8bac2f3933ca90094fc3fdbe4eaf8b653e88e4097514ae2f64
2025-01-09T04:00:00+00:00,2025-01-09T05:00:00+00:00,20250109,2025-01-09,2025,1,1,January,2,4,Thursday,false,5,05:00,60,false,0,2,hydropower,Hydropower,renewable,true,2,1914.00,1914.00,reported,actual_generation_de_2024_2025,8118719a1cd35b8bac2f3933ca90094fc3fdbe4eaf8b653e88e4097514ae2f64
2025-01-09T04:00:00+00:00,2025-01-09T05:00:00+00:00,20250109,2025-01-09,2025,1,1,January,2,4,Thursday,false,5,05:00,60,false,0,3,wind_offshore,Wind offshore,renewable,true,3,1042.00,1042.00,reported,actual_generation_de_2024_2025,8118719a1cd35b8bac2f3933ca90094fc3fdbe4eaf8b653e88e4097514ae2f64
2025-01-09T04:00:00+00:00,2025-01-09T05:00:00+00:00,20250109,2025-01-09,2025,1,1,January,2,4,Thursday,false,5,05:00,60,false,0,4,wind_onshore,Wind onshore,renewable,true,4,12666.25,12666.25,reported,actual_generation_de_2024_2025,8118719a1cd35b8bac2f3933ca90094fc3fdbe4eaf8b653e88e4097514ae2f64
2025-01-09T04:00:00+00:00,2025-01-09T05:00:00+00:00,20250109,2025-01-09,2025,1,1,January,2,4,Thursday,false,5,05:00,60,false,0,5,solar_photovoltaic,Solar photovoltaic,renewable,true,5,5.00,5.00,reported,actual_generation_de_2024_2025,8118719a1cd35b8bac2f3933ca90094fc3fdbe4eaf8b653e88e4097514ae2f64
2025-01-09T04:00:00+00:00,2025-01-09T05:00:00+00:00,20250109,2025-01-09,2025,1,1,January,2,4,Thursday,false,5,05:00,60,false,0,6,other_renewable,Other renewable,renewable,true,6,129.67,129.67,reported,actual_generation_de_2024_2025,8118719a1cd35b8bac2f3933ca90094fc3fdbe4eaf8b653e88e4097514ae2f64
2025-01-09T04:00:00+00:00,2025-01-09T05:00:00+00:00,20250109,2025-01-09,2025,1,1,January,2,4,Thursday,false,5,05:00,60,false,0,7,nuclear,Nuclear,conventional,false,7,,,unavailable,actual_generation_de_2024_2025,8118719a1cd35b8bac2f3933ca90094fc3fdbe4eaf8b653e88e4097514ae2f64
2025-01-09T04:00:00+00:00,2025-01-09T05:00:00+00:00,20250109,2025-01-09,2025,1,1,January,2,4,Thursday,false,5,05:00,60,false,0,8,lignite,Lignite,conventional,false,8,11932.25,11932.25,reported,actual_generation_de_2024_2025,8118719a1cd35b8bac2f3933ca90094fc3fdbe4eaf8b653e88e4097514ae2f64
2025-01-09T04:00:00+00:00,2025-01-09T05:00:00+00:00,20250109,2025-01-09,2025,1,1,January,2,4,Thursday,false,5,05:00,60,false,0,9,hard_coal,Hard coal,conventional,false,9,6832.50,6832.50,reported,actual_generation_de_2024_2025,8118719a1cd35b8bac2f3933ca90094fc3fdbe4eaf8b653e88e4097514ae2f64
2025-01-09T04:00:00+00:00,2025-01-09T05:00:00+00:00,20250109,2025-01-09,2025,1,1,January,2,4,Thursday,false,5,05:00,60,false,0,10,fossil_gas,Fossil gas,conventional,false,10,7820.75,7820.75,reported,actual_generation_de_2024_2025,8118719a1cd35b8bac2f3933ca90094fc3fdbe4eaf8b653e88e4097514ae2f64
2025-01-09T04:00:00+00:00,2025-01-09T05:00:00+00:00,20250109,2025-01-09,2025,1,1,January,2,4,Thursday,false,5,05:00,60,false,0,11,hydro_pumped_storage,Hydro pumped storage,storage,false,11,197.50,197.50,reported,actual_generation_de_2024_2025,8118719a1cd35b8bac2f3933ca90094fc3fdbe4eaf8b653e88e4097514ae2f64
2025-01-09T04:00:00+00:00,2025-01-09T05:00:00+00:00,20250109,2025-01-09,2025,1,1,January,2,4,Thursday,false,5,05:00,60,false,0,12,other_conventional,Other conventional,conventional,false,12,1757.00,1757.00,reported,actual_generation_de_2024_2025,8118719a1cd35b8bac2f3933ca90094fc3fdbe4eaf8b653e88e4097514ae2f64
2025-01-09T05:00:00+00:00,2025-01-09T06:00:00+00:00,20250109,2025-01-09,2025,1,1,January,2,4,Thursday,false,6,06:00,60,false,0,1,biomass,Biomass,renewable,true,1,4301.00,4301.00,reported,actual_generation_de_2024_2025,8118719a1cd35b8bac2f3933ca90094fc3fdbe4eaf8b653e88e4097514ae2f64
2025-01-09T05:00:00+00:00,2025-01-09T06:00:00+00:00,20250109,2025-01-09,2025,1,1,January,2,4,Thursday,false,6,06:00,60,false,0,2,hydropower,Hydropower,renewable,true,2,1989.75,1989.75,reported,actual_generation_de_2024_2025,8118719a1cd35b8bac2f3933ca90094fc3fdbe4eaf8b653e88e4097514ae2f64
2025-01-09T05:00:00+00:00,2025-01-09T06:00:00+00:00,20250109,2025-01-09,2025,1,1,January,2,4,Thursday,false,6,06:00,60,false,0,3,wind_offshore,Wind offshore,renewable,true,3,1110.50,1110.50,reported,actual_generation_de_2024_2025,8118719a1cd35b8bac2f3933ca90094fc3fdbe4eaf8b653e88e4097514ae2f64
2025-01-09T05:00:00+00:00,2025-01-09T06:00:00+00:00,20250109,2025-01-09,2025,1,1,January,2,4,Thursday,false,6,06:00,60,false,0,4,wind_onshore,Wind onshore,renewable,true,4,12216.00,12216.00,reported,actual_generation_de_2024_2025,8118719a1cd35b8bac2f3933ca90094fc3fdbe4eaf8b653e88e4097514ae2f64
2025-01-09T05:00:00+00:00,2025-01-09T06:00:00+00:00,20250109,2025-01-09,2025,1,1,January,2,4,Thursday,false,6,06:00,60,false,0,5,solar_photovoltaic,Solar photovoltaic,renewable,true,5,5.25,5.25,reported,actual_generation_de_2024_2025,8118719a1cd35b8bac2f3933ca90094fc3fdbe4eaf8b653e88e4097514ae2f64
2025-01-09T05:00:00+00:00,2025-01-09T06:00:00+00:00,20250109,2025-01-09,2025,1,1,January,2,4,Thursday,false,6,06:00,60,false,0,6,other_renewable,Other renewable,renewable,true,6,127.45,127.45,reported,actual_generation_de_2024_2025,8118719a1cd35b8bac2f3933ca90094fc3fdbe4eaf8b653e88e4097514ae2f64
2025-01-09T05:00:00+00:00,2025-01-09T06:00:00+00:00,20250109,2025-01-09,2025,1,1,January,2,4,Thursday,false,6,06:00,60,false,0,7,nuclear,Nuclear,conventional,false,7,,,unavailable,actual_generation_de_2024_2025,8118719a1cd35b8bac2f3933ca90094fc3fdbe4eaf8b653e88e4097514ae2f64
2025-01-09T05:00:00+00:00,2025-01-09T06:00:00+00:00,20250109,2025-01-09,2025,1,1,January,2,4,Thursday,false,6,06:00,60,false,0,8,lignite,Lignite,conventional,false,8,11778.25,11778.25,reported,actual_generation_de_2024_2025,8118719a1cd35b8bac2f3933ca90094fc3fdbe4eaf8b653e88e4097514ae2f64
2025-01-09T05:00:00+00:00,2025-01-09T06:00:00+00:00,20250109,2025-01-09,2025,1,1,January,2,4,Thursday,false,6,06:00,60,false,0,9,hard_coal,Hard coal,conventional,false,9,7051.75,7051.75,reported,actual_generation_de_2024_2025,8118719a1cd35b8bac2f3933ca90094fc3fdbe4eaf8b653e88e4097514ae2f64
2025-01-09T05:00:00+00:00,2025-01-09T06:00:00+00:00,20250109,2025-01-09,2025,1,1,January,2,4,Thursday,false,6,06:00,60,false,0,10,fossil_gas,Fossil gas,conventional,false,10,11991.75,11991.75,reported,actual_generation_de_2024_2025,8118719a1cd35b8bac2f3933ca90094fc3fdbe4eaf8b653e88e4097514ae2f64
2025-01-09T05:00:00+00:00,2025-01-09T06:00:00+00:00,20250109,2025-01-09,2025,1,1,January,2,4,Thursday,false,6,06:00,60,false,0,11,hydro_pumped_storage,Hydro pumped storage,storage,false,11,1953.00,1953.00,reported,actual_generation_de_2024_2025,8118719a1cd35b8bac2f3933ca90094fc3fdbe4eaf8b653e88e4097514ae2f64
2025-01-09T05:00:00+00:00,2025-01-09T06:00:00+00:00,20250109,2025-01-09,2025,1,1,January,2,4,Thursday,false,6,06:00,60,false,0,12,other_conventional,Other conventional,conventional,false,12,1763.50,1763.50,reported,actual_generation_de_2024_2025,8118719a1cd35b8bac2f3933ca90094fc3fdbe4eaf8b653e88e4097514ae2f64
2025-01-09T06:00:00+00:00,2025-01-09T07:00:00+00:00,20250109,2025-01-09,2025,1,1,January,2,4,Thursday,false,7,07:00,60,false,0,1,biomass,Biomass,renewable,true,1,4603.50,4603.50,reported,actual_generation_de_2024_2025,8118719a1cd35b8bac2f3933ca90094fc3fdbe4eaf8b653e88e4097514ae2f64
2025-01-09T06:00:00+00:00,2025-01-09T07:00:00+00:00,20250109,2025-01-09,2025,1,1,January,2,4,Thursday,false,7,07:00,60,false,0,2,hydropower,Hydropower,renewable,true,2,2305.00,2305.00,reported,actual_generation_de_2024_2025,8118719a1cd35b8bac2f3933ca90094fc3fdbe4eaf8b653e88e4097514ae2f64
2025-01-09T06:00:00+00:00,2025-01-09T07:00:00+00:00,20250109,2025-01-09,2025,1,1,January,2,4,Thursday,false,7,07:00,60,false,0,3,wind_offshore,Wind offshore,renewable,true,3,1099.00,1099.00,reported,actual_generation_de_2024_2025,8118719a1cd35b8bac2f3933ca90094fc3fdbe4eaf8b653e88e4097514ae2f64
2025-01-09T06:00:00+00:00,2025-01-09T07:00:00+00:00,20250109,2025-01-09,2025,1,1,January,2,4,Thursday,false,7,07:00,60,false,0,4,wind_onshore,Wind onshore,renewable,true,4,11411.50,11411.50,reported,actual_generation_de_2024_2025,8118719a1cd35b8bac2f3933ca90094fc3fdbe4eaf8b653e88e4097514ae2f64
2025-01-09T06:00:00+00:00,2025-01-09T07:00:00+00:00,20250109,2025-01-09,2025,1,1,January,2,4,Thursday,false,7,07:00,60,false,0,5,solar_photovoltaic,Solar photovoltaic,renewable,true,5,14.50,14.50,reported,actual_generation_de_2024_2025,8118719a1cd35b8bac2f3933ca90094fc3fdbe4eaf8b653e88e4097514ae2f64
2025-01-09T06:00:00+00:00,2025-01-09T07:00:00+00:00,20250109,2025-01-09,2025,1,1,January,2,4,Thursday,false,7,07:00,60,false,0,6,other_renewable,Other renewable,renewable,true,6,127.72,127.72,reported,actual_generation_de_2024_2025,8118719a1cd35b8bac2f3933ca90094fc3fdbe4eaf8b653e88e4097514ae2f64
2025-01-09T06:00:00+00:00,2025-01-09T07:00:00+00:00,20250109,2025-01-09,2025,1,1,January,2,4,Thursday,false,7,07:00,60,false,0,7,nuclear,Nuclear,conventional,false,7,,,unavailable,actual_generation_de_2024_2025,8118719a1cd35b8bac2f3933ca90094fc3fdbe4eaf8b653e88e4097514ae2f64
2025-01-09T06:00:00+00:00,2025-01-09T07:00:00+00:00,20250109,2025-01-09,2025,1,1,January,2,4,Thursday,false,7,07:00,60,false,0,8,lignite,Lignite,conventional,false,8,11445.50,11445.50,reported,actual_generation_de_2024_2025,8118719a1cd35b8bac2f3933ca90094fc3fdbe4eaf8b653e88e4097514ae2f64
2025-01-09T06:00:00+00:00,2025-01-09T07:00:00+00:00,20250109,2025-01-09,2025,1,1,January,2,4,Thursday,false,7,07:00,60,false,0,9,hard_coal,Hard coal,conventional,false,9,7270.75,7270.75,reported,actual_generation_de_2024_2025,8118719a1cd35b8bac2f3933ca90094fc3fdbe4eaf8b653e88e4097514ae2f64
2025-01-09T06:00:00+00:00,2025-01-09T07:00:00+00:00,20250109,2025-01-09,2025,1,1,January,2,4,Thursday,false,7,07:00,60,false,0,10,fossil_gas,Fossil gas,conventional,false,10,13819.50,13819.50,reported,actual_generation_de_2024_2025,8118719a1cd35b8bac2f3933ca90094fc3fdbe4eaf8b653e88e4097514ae2f64
2025-01-09T06:00:00+00:00,2025-01-09T07:00:00+00:00,20250109,2025-01-09,2025,1,1,January,2,4,Thursday,false,7,07:00,60,false,0,11,hydro_pumped_storage,Hydro pumped storage,storage,false,11,5075.25,5075.25,reported,actual_generation_de_2024_2025,8118719a1cd35b8bac2f3933ca90094fc3fdbe4eaf8b653e88e4097514ae2f64
2025-01-09T06:00:00+00:00,2025-01-09T07:00:00+00:00,20250109,2025-01-09,2025,1,1,January,2,4,Thursday,false,7,07:00,60,false,0,12,other_conventional,Other conventional,conventional,false,12,1774.00,1774.00,reported,actual_generation_de_2024_2025,8118719a1cd35b8bac2f3933ca90094fc3fdbe4eaf8b653e88e4097514ae2f64
2025-01-09T07:00:00+00:00,2025-01-09T08:00:00+00:00,20250109,2025-01-09,2025,1,1,January,2,4,Thursday,false,8,08:00,60,false,0,1,biomass,Biomass,renewable,true,1,4746.00,4746.00,reported,actual_generation_de_2024_2025,8118719a1cd35b8bac2f3933ca90094fc3fdbe4eaf8b653e88e4097514ae2f64
2025-01-09T07:00:00+00:00,2025-01-09T08:00:00+00:00,20250109,2025-01-09,2025,1,1,January,2,4,Thursday,false,8,08:00,60,false,0,2,hydropower,Hydropower,renewable,true,2,2410.25,2410.25,reported,actual_generation_de_2024_2025,8118719a1cd35b8bac2f3933ca90094fc3fdbe4eaf8b653e88e4097514ae2f64
2025-01-09T07:00:00+00:00,2025-01-09T08:00:00+00:00,20250109,2025-01-09,2025,1,1,January,2,4,Thursday,false,8,08:00,60,false,0,3,wind_offshore,Wind offshore,renewable,true,3,957.25,957.25,reported,actual_generation_de_2024_2025,8118719a1cd35b8bac2f3933ca90094fc3fdbe4eaf8b653e88e4097514ae2f64
2025-01-09T07:00:00+00:00,2025-01-09T08:00:00+00:00,20250109,2025-01-09,2025,1,1,January,2,4,Thursday,false,8,08:00,60,false,0,4,wind_onshore,Wind onshore,renewable,true,4,11003.00,11003.00,reported,actual_generation_de_2024_2025,8118719a1cd35b8bac2f3933ca90094fc3fdbe4eaf8b653e88e4097514ae2f64
2025-01-09T07:00:00+00:00,2025-01-09T08:00:00+00:00,20250109,2025-01-09,2025,1,1,January,2,4,Thursday,false,8,08:00,60,false,0,5,solar_photovoltaic,Solar photovoltaic,renewable,true,5,452.00,452.00,reported,actual_generation_de_2024_2025,8118719a1cd35b8bac2f3933ca90094fc3fdbe4eaf8b653e88e4097514ae2f64
2025-01-09T07:00:00+00:00,2025-01-09T08:00:00+00:00,20250109,2025-01-09,2025,1,1,January,2,4,Thursday,false,8,08:00,60,false,0,6,other_renewable,Other renewable,renewable,true,6,127.34,127.34,reported,actual_generation_de_2024_2025,8118719a1cd35b8bac2f3933ca90094fc3fdbe4eaf8b653e88e4097514ae2f64
2025-01-09T07:00:00+00:00,2025-01-09T08:00:00+00:00,20250109,2025-01-09,2025,1,1,January,2,4,Thursday,false,8,08:00,60,false,0,7,nuclear,Nuclear,conventional,false,7,,,unavailable,actual_generation_de_2024_2025,8118719a1cd35b8bac2f3933ca90094fc3fdbe4eaf8b653e88e4097514ae2f64
2025-01-09T07:00:00+00:00,2025-01-09T08:00:00+00:00,20250109,2025-01-09,2025,1,1,January,2,4,Thursday,false,8,08:00,60,false,0,8,lignite,Lignite,conventional,false,8,11483.75,11483.75,reported,actual_generation_de_2024_2025,8118719a1cd35b8bac2f3933ca90094fc3fdbe4eaf8b653e88e4097514ae2f64
2025-01-09T07:00:00+00:00,2025-01-09T08:00:00+00:00,20250109,2025-01-09,2025,1,1,January,2,4,Thursday,false,8,08:00,60,false,0,9,hard_coal,Hard coal,conventional,false,9,7381.75,7381.75,reported,actual_generation_de_2024_2025,8118719a1cd35b8bac2f3933ca90094fc3fdbe4eaf8b653e88e4097514ae2f64
2025-01-09T07:00:00+00:00,2025-01-09T08:00:00+00:00,20250109,2025-01-09,2025,1,1,January,2,4,Thursday,false,8,08:00,60,false,0,10,fossil_gas,Fossil gas,conventional,false,10,14518.75,14518.75,reported,actual_generation_de_2024_2025,8118719a1cd35b8bac2f3933ca90094fc3fdbe4eaf8b653e88e4097514ae2f64
2025-01-09T07:00:00+00:00,2025-01-09T08:00:00+00:00,20250109,2025-01-09,2025,1,1,January,2,4,Thursday,false,8,08:00,60,false,0,11,hydro_pumped_storage,Hydro pumped storage,storage,false,11,5330.75,5330.75,reported,actual_generation_de_2024_2025,8118719a1cd35b8bac2f3933ca90094fc3fdbe4eaf8b653e88e4097514ae2f64
2025-01-09T07:00:00+00:00,2025-01-09T08:00:00+00:00,20250109,2025-01-09,2025,1,1,January,2,4,Thursday,false,8,08:00,60,false,0,12,other_conventional,Other conventional,conventional,false,12,1924.75,1924.75,reported,actual_generation_de_2024_2025,8118719a1cd35b8bac2f3933ca90094fc3fdbe4eaf8b653e88e4097514ae2f64
2025-01-09T08:00:00+00:00,2025-01-09T09:00:00+00:00,20250109,2025-01-09,2025,1,1,January,2,4,Thursday,false,9,09:00,60,false,0,1,biomass,Biomass,renewable,true,1,4725.00,4725.00,reported,actual_generation_de_2024_2025,8118719a1cd35b8bac2f3933ca90094fc3fdbe4eaf8b653e88e4097514ae2f64
2025-01-09T08:00:00+00:00,2025-01-09T09:00:00+00:00,20250109,2025-01-09,2025,1,1,January,2,4,Thursday,false,9,09:00,60,false,0,2,hydropower,Hydropower,renewable,true,2,2177.25,2177.25,reported,actual_generation_de_2024_2025,8118719a1cd35b8bac2f3933ca90094fc3fdbe4eaf8b653e88e4097514ae2f64
2025-01-09T08:00:00+00:00,2025-01-09T09:00:00+00:00,20250109,2025-01-09,2025,1,1,January,2,4,Thursday,false,9,09:00,60,false,0,3,wind_offshore,Wind offshore,renewable,true,3,967.50,967.50,reported,actual_generation_de_2024_2025,8118719a1cd35b8bac2f3933ca90094fc3fdbe4eaf8b653e88e4097514ae2f64
2025-01-09T08:00:00+00:00,2025-01-09T09:00:00+00:00,20250109,2025-01-09,2025,1,1,January,2,4,Thursday,false,9,09:00,60,false,0,4,wind_onshore,Wind onshore,renewable,true,4,10803.50,10803.50,reported,actual_generation_de_2024_2025,8118719a1cd35b8bac2f3933ca90094fc3fdbe4eaf8b653e88e4097514ae2f64
2025-01-09T08:00:00+00:00,2025-01-09T09:00:00+00:00,20250109,2025-01-09,2025,1,1,January,2,4,Thursday,false,9,09:00,60,false,0,5,solar_photovoltaic,Solar photovoltaic,renewable,true,5,2938.25,2938.25,reported,actual_generation_de_2024_2025,8118719a1cd35b8bac2f3933ca90094fc3fdbe4eaf8b653e88e4097514ae2f64
2025-01-09T08:00:00+00:00,2025-01-09T09:00:00+00:00,20250109,2025-01-09,2025,1,1,January,2,4,Thursday,false,9,09:00,60,false,0,6,other_renewable,Other renewable,renewable,true,6,127.78,127.78,reported,actual_generation_de_2024_2025,8118719a1cd35b8bac2f3933ca90094fc3fdbe4eaf8b653e88e4097514ae2f64
2025-01-09T08:00:00+00:00,2025-01-09T09:00:00+00:00,20250109,2025-01-09,2025,1,1,January,2,4,Thursday,false,9,09:00,60,false,0,7,nuclear,Nuclear,conventional,false,7,,,unavailable,actual_generation_de_2024_2025,8118719a1cd35b8bac2f3933ca90094fc3fdbe4eaf8b653e88e4097514ae2f64
2025-01-09T08:00:00+00:00,2025-01-09T09:00:00+00:00,20250109,2025-01-09,2025,1,1,January,2,4,Thursday,false,9,09:00,60,false,0,8,lignite,Lignite,conventional,false,8,11519.25,11519.25,reported,actual_generation_de_2024_2025,8118719a1cd35b8bac2f3933ca90094fc3fdbe4eaf8b653e88e4097514ae2f64
2025-01-09T08:00:00+00:00,2025-01-09T09:00:00+00:00,20250109,2025-01-09,2025,1,1,January,2,4,Thursday,false,9,09:00,60,false,0,9,hard_coal,Hard coal,conventional,false,9,7606.00,7606.00,reported,actual_generation_de_2024_2025,8118719a1cd35b8bac2f3933ca90094fc3fdbe4eaf8b653e88e4097514ae2f64
2025-01-09T08:00:00+00:00,2025-01-09T09:00:00+00:00,20250109,2025-01-09,2025,1,1,January,2,4,Thursday,false,9,09:00,60,false,0,10,fossil_gas,Fossil gas,conventional,false,10,14791.25,14791.25,reported,actual_generation_de_2024_2025,8118719a1cd35b8bac2f3933ca90094fc3fdbe4eaf8b653e88e4097514ae2f64
2025-01-09T08:00:00+00:00,2025-01-09T09:00:00+00:00,20250109,2025-01-09,2025,1,1,January,2,4,Thursday,false,9,09:00,60,false,0,11,hydro_pumped_storage,Hydro pumped storage,storage,false,11,4241.50,4241.50,reported,actual_generation_de_2024_2025,8118719a1cd35b8bac2f3933ca90094fc3fdbe4eaf8b653e88e4097514ae2f64
2025-01-09T08:00:00+00:00,2025-01-09T09:00:00+00:00,20250109,2025-01-09,2025,1,1,January,2,4,Thursday,false,9,09:00,60,false,0,12,other_conventional,Other conventional,conventional,false,12,1883.75,1883.75,reported,actual_generation_de_2024_2025,8118719a1cd35b8bac2f3933ca90094fc3fdbe4eaf8b653e88e4097514ae2f64
2025-01-09T09:00:00+00:00,2025-01-09T10:00:00+00:00,20250109,2025-01-09,2025,1,1,January,2,4,Thursday,false,10,10:00,60,false,0,1,biomass,Biomass,renewable,true,1,4606.00,4606.00,reported,actual_generation_de_2024_2025,8118719a1cd35b8bac2f3933ca90094fc3fdbe4eaf8b653e88e4097514ae2f64
2025-01-09T09:00:00+00:00,2025-01-09T10:00:00+00:00,20250109,2025-01-09,2025,1,1,January,2,4,Thursday,false,10,10:00,60,false,0,2,hydropower,Hydropower,renewable,true,2,2052.50,2052.50,reported,actual_generation_de_2024_2025,8118719a1cd35b8bac2f3933ca90094fc3fdbe4eaf8b653e88e4097514ae2f64
2025-01-09T09:00:00+00:00,2025-01-09T10:00:00+00:00,20250109,2025-01-09,2025,1,1,January,2,4,Thursday,false,10,10:00,60,false,0,3,wind_offshore,Wind offshore,renewable,true,3,771.00,771.00,reported,actual_generation_de_2024_2025,8118719a1cd35b8bac2f3933ca90094fc3fdbe4eaf8b653e88e4097514ae2f64
2025-01-09T09:00:00+00:00,2025-01-09T10:00:00+00:00,20250109,2025-01-09,2025,1,1,January,2,4,Thursday,false,10,10:00,60,false,0,4,wind_onshore,Wind onshore,renewable,true,4,10704.00,10704.00,reported,actual_generation_de_2024_2025,8118719a1cd35b8bac2f3933ca90094fc3fdbe4eaf8b653e88e4097514ae2f64
2025-01-09T09:00:00+00:00,2025-01-09T10:00:00+00:00,20250109,2025-01-09,2025,1,1,January,2,4,Thursday,false,10,10:00,60,false,0,5,solar_photovoltaic,Solar photovoltaic,renewable,true,5,5480.75,5480.75,reported,actual_generation_de_2024_2025,8118719a1cd35b8bac2f3933ca90094fc3fdbe4eaf8b653e88e4097514ae2f64
2025-01-09T09:00:00+00:00,2025-01-09T10:00:00+00:00,20250109,2025-01-09,2025,1,1,January,2,4,Thursday,false,10,10:00,60,false,0,6,other_renewable,Other renewable,renewable,true,6,127.12,127.12,reported,actual_generation_de_2024_2025,8118719a1cd35b8bac2f3933ca90094fc3fdbe4eaf8b653e88e4097514ae2f64
2025-01-09T09:00:00+00:00,2025-01-09T10:00:00+00:00,20250109,2025-01-09,2025,1,1,January,2,4,Thursday,false,10,10:00,60,false,0,7,nuclear,Nuclear,conventional,false,7,,,unavailable,actual_generation_de_2024_2025,8118719a1cd35b8bac2f3933ca90094fc3fdbe4eaf8b653e88e4097514ae2f64
2025-01-09T09:00:00+00:00,2025-01-09T10:00:00+00:00,20250109,2025-01-09,2025,1,1,January,2,4,Thursday,false,10,10:00,60,false,0,8,lignite,Lignite,conventional,false,8,11526.50,11526.50,reported,actual_generation_de_2024_2025,8118719a1cd35b8bac2f3933ca90094fc3fdbe4eaf8b653e88e4097514ae2f64
2025-01-09T09:00:00+00:00,2025-01-09T10:00:00+00:00,20250109,2025-01-09,2025,1,1,January,2,4,Thursday,false,10,10:00,60,false,0,9,hard_coal,Hard coal,conventional,false,9,7582.25,7582.25,reported,actual_generation_de_2024_2025,8118719a1cd35b8bac2f3933ca90094fc3fdbe4eaf8b653e88e4097514ae2f64
2025-01-09T09:00:00+00:00,2025-01-09T10:00:00+00:00,20250109,2025-01-09,2025,1,1,January,2,4,Thursday,false,10,10:00,60,false,0,10,fossil_gas,Fossil gas,conventional,false,10,14426.75,14426.75,reported,actual_generation_de_2024_2025,8118719a1cd35b8bac2f3933ca90094fc3fdbe4eaf8b653e88e4097514ae2f64
2025-01-09T09:00:00+00:00,2025-01-09T10:00:00+00:00,20250109,2025-01-09,2025,1,1,January,2,4,Thursday,false,10,10:00,60,false,0,11,hydro_pumped_storage,Hydro pumped storage,storage,false,11,2778.50,2778.50,reported,actual_generation_de_2024_2025,8118719a1cd35b8bac2f3933ca90094fc3fdbe4eaf8b653e88e4097514ae2f64
2025-01-09T09:00:00+00:00,2025-01-09T10:00:00+00:00,20250109,2025-01-09,2025,1,1,January,2,4,Thursday,false,10,10:00,60,false,0,12,other_conventional,Other conventional,conventional,false,12,1775.00,1775.00,reported,actual_generation_de_2024_2025,8118719a1cd35b8bac2f3933ca90094fc3fdbe4eaf8b653e88e4097514ae2f64
2025-01-09T10:00:00+00:00,2025-01-09T11:00:00+00:00,20250109,2025-01-09,2025,1,1,January,2,4,Thursday,false,11,11:00,60,false,0,1,biomass,Biomass,renewable,true,1,4529.00,4529.00,reported,actual_generation_de_2024_2025,8118719a1cd35b8bac2f3933ca90094fc3fdbe4eaf8b653e88e4097514ae2f64
2025-01-09T10:00:00+00:00,2025-01-09T11:00:00+00:00,20250109,2025-01-09,2025,1,1,January,2,4,Thursday,false,11,11:00,60,false,0,2,hydropower,Hydropower,renewable,true,2,2274.25,2274.25,reported,actual_generation_de_2024_2025,8118719a1cd35b8bac2f3933ca90094fc3fdbe4eaf8b653e88e4097514ae2f64
2025-01-09T10:00:00+00:00,2025-01-09T11:00:00+00:00,20250109,2025-01-09,2025,1,1,January,2,4,Thursday,false,11,11:00,60,false,0,3,wind_offshore,Wind offshore,renewable,true,3,1522.75,1522.75,reported,actual_generation_de_2024_2025,8118719a1cd35b8bac2f3933ca90094fc3fdbe4eaf8b653e88e4097514ae2f64
2025-01-09T10:00:00+00:00,2025-01-09T11:00:00+00:00,20250109,2025-01-09,2025,1,1,January,2,4,Thursday,false,11,11:00,60,false,0,4,wind_onshore,Wind onshore,renewable,true,4,10112.00,10112.00,reported,actual_generation_de_2024_2025,8118719a1cd35b8bac2f3933ca90094fc3fdbe4eaf8b653e88e4097514ae2f64
2025-01-09T10:00:00+00:00,2025-01-09T11:00:00+00:00,20250109,2025-01-09,2025,1,1,January,2,4,Thursday,false,11,11:00,60,false,0,5,solar_photovoltaic,Solar photovoltaic,renewable,true,5,6879.75,6879.75,reported,actual_generation_de_2024_2025,8118719a1cd35b8bac2f3933ca90094fc3fdbe4eaf8b653e88e4097514ae2f64
2025-01-09T10:00:00+00:00,2025-01-09T11:00:00+00:00,20250109,2025-01-09,2025,1,1,January,2,4,Thursday,false,11,11:00,60,false,0,6,other_renewable,Other renewable,renewable,true,6,126.80,126.80,reported,actual_generation_de_2024_2025,8118719a1cd35b8bac2f3933ca90094fc3fdbe4eaf8b653e88e4097514ae2f64
2025-01-09T10:00:00+00:00,2025-01-09T11:00:00+00:00,20250109,2025-01-09,2025,1,1,January,2,4,Thursday,false,11,11:00,60,false,0,7,nuclear,Nuclear,conventional,false,7,,,unavailable,actual_generation_de_2024_2025,8118719a1cd35b8bac2f3933ca90094fc3fdbe4eaf8b653e88e4097514ae2f64
2025-01-09T10:00:00+00:00,2025-01-09T11:00:00+00:00,20250109,2025-01-09,2025,1,1,January,2,4,Thursday,false,11,11:00,60,false,0,8,lignite,Lignite,conventional,false,8,11524.25,11524.25,reported,actual_generation_de_2024_2025,8118719a1cd35b8bac2f3933ca90094fc3fdbe4eaf8b653e88e4097514ae2f64
2025-01-09T10:00:00+00:00,2025-01-09T11:00:00+00:00,20250109,2025-01-09,2025,1,1,January,2,4,Thursday,false,11,11:00,60,false,0,9,hard_coal,Hard coal,conventional,false,9,7486.00,7486.00,reported,actual_generation_de_2024_2025,8118719a1cd35b8bac2f3933ca90094fc3fdbe4eaf8b653e88e4097514ae2f64
2025-01-09T10:00:00+00:00,2025-01-09T11:00:00+00:00,20250109,2025-01-09,2025,1,1,January,2,4,Thursday,false,11,11:00,60,false,0,10,fossil_gas,Fossil gas,conventional,false,10,14284.75,14284.75,reported,actual_generation_de_2024_2025,8118719a1cd35b8bac2f3933ca90094fc3fdbe4eaf8b653e88e4097514ae2f64
2025-01-09T10:00:00+00:00,2025-01-09T11:00:00+00:00,20250109,2025-01-09,2025,1,1,January,2,4,Thursday,false,11,11:00,60,false,0,11,hydro_pumped_storage,Hydro pumped storage,storage,false,11,2818.00,2818.00,reported,actual_generation_de_2024_2025,8118719a1cd35b8bac2f3933ca90094fc3fdbe4eaf8b653e88e4097514ae2f64
2025-01-09T10:00:00+00:00,2025-01-09T11:00:00+00:00,20250109,2025-01-09,2025,1,1,January,2,4,Thursday,false,11,11:00,60,false,0,12,other_conventional,Other conventional,conventional,false,12,1770.25,1770.25,reported,actual_generation_de_2024_2025,8118719a1cd35b8bac2f3933ca90094fc3fdbe4eaf8b653e88e4097514ae2f64
2025-01-09T11:00:00+00:00,2025-01-09T12:00:00+00:00,20250109,2025-01-09,2025,1,1,January,2,4,Thursday,false,12,12:00,60,false,0,1,biomass,Biomass,renewable,true,1,4343.75,4343.75,reported,actual_generation_de_2024_2025,8118719a1cd35b8bac2f3933ca90094fc3fdbe4eaf8b653e88e4097514ae2f64
2025-01-09T11:00:00+00:00,2025-01-09T12:00:00+00:00,20250109,2025-01-09,2025,1,1,January,2,4,Thursday,false,12,12:00,60,false,0,2,hydropower,Hydropower,renewable,true,2,2186.75,2186.75,reported,actual_generation_de_2024_2025,8118719a1cd35b8bac2f3933ca90094fc3fdbe4eaf8b653e88e4097514ae2f64
2025-01-09T11:00:00+00:00,2025-01-09T12:00:00+00:00,20250109,2025-01-09,2025,1,1,January,2,4,Thursday,false,12,12:00,60,false,0,3,wind_offshore,Wind offshore,renewable,true,3,1291.50,1291.50,reported,actual_generation_de_2024_2025,8118719a1cd35b8bac2f3933ca90094fc3fdbe4eaf8b653e88e4097514ae2f64
2025-01-09T11:00:00+00:00,2025-01-09T12:00:00+00:00,20250109,2025-01-09,2025,1,1,January,2,4,Thursday,false,12,12:00,60,false,0,4,wind_onshore,Wind onshore,renewable,true,4,10438.50,10438.50,reported,actual_generation_de_2024_2025,8118719a1cd35b8bac2f3933ca90094fc3fdbe4eaf8b653e88e4097514ae2f64
2025-01-09T11:00:00+00:00,2025-01-09T12:00:00+00:00,20250109,2025-01-09,2025,1,1,January,2,4,Thursday,false,12,12:00,60,false,0,5,solar_photovoltaic,Solar photovoltaic,renewable,true,5,6214.00,6214.00,reported,actual_generation_de_2024_2025,8118719a1cd35b8bac2f3933ca90094fc3fdbe4eaf8b653e88e4097514ae2f64
2025-01-09T11:00:00+00:00,2025-01-09T12:00:00+00:00,20250109,2025-01-09,2025,1,1,January,2,4,Thursday,false,12,12:00,60,false,0,6,other_renewable,Other renewable,renewable,true,6,127.60,127.60,reported,actual_generation_de_2024_2025,8118719a1cd35b8bac2f3933ca90094fc3fdbe4eaf8b653e88e4097514ae2f64
2025-01-09T11:00:00+00:00,2025-01-09T12:00:00+00:00,20250109,2025-01-09,2025,1,1,January,2,4,Thursday,false,12,12:00,60,false,0,7,nuclear,Nuclear,conventional,false,7,,,unavailable,actual_generation_de_2024_2025,8118719a1cd35b8bac2f3933ca90094fc3fdbe4eaf8b653e88e4097514ae2f64
2025-01-09T11:00:00+00:00,2025-01-09T12:00:00+00:00,20250109,2025-01-09,2025,1,1,January,2,4,Thursday,false,12,12:00,60,false,0,8,lignite,Lignite,conventional,false,8,11222.00,11222.00,reported,actual_generation_de_2024_2025,8118719a1cd35b8bac2f3933ca90094fc3fdbe4eaf8b653e88e4097514ae2f64
2025-01-09T11:00:00+00:00,2025-01-09T12:00:00+00:00,20250109,2025-01-09,2025,1,1,January,2,4,Thursday,false,12,12:00,60,false,0,9,hard_coal,Hard coal,conventional,false,9,7490.00,7490.00,reported,actual_generation_de_2024_2025,8118719a1cd35b8bac2f3933ca90094fc3fdbe4eaf8b653e88e4097514ae2f64
2025-01-09T11:00:00+00:00,2025-01-09T12:00:00+00:00,20250109,2025-01-09,2025,1,1,January,2,4,Thursday,false,12,12:00,60,false,0,10,fossil_gas,Fossil gas,conventional,false,10,13879.50,13879.50,reported,actual_generation_de_2024_2025,8118719a1cd35b8bac2f3933ca90094fc3fdbe4eaf8b653e88e4097514ae2f64
2025-01-09T11:00:00+00:00,2025-01-09T12:00:00+00:00,20250109,2025-01-09,2025,1,1,January,2,4,Thursday,false,12,12:00,60,false,0,11,hydro_pumped_storage,Hydro pumped storage,storage,false,11,1733.50,1733.50,reported,actual_generation_de_2024_2025,8118719a1cd35b8bac2f3933ca90094fc3fdbe4eaf8b653e88e4097514ae2f64
2025-01-09T11:00:00+00:00,2025-01-09T12:00:00+00:00,20250109,2025-01-09,2025,1,1,January,2,4,Thursday,false,12,12:00,60,false,0,12,other_conventional,Other conventional,conventional,false,12,1762.75,1762.75,reported,actual_generation_de_2024_2025,8118719a1cd35b8bac2f3933ca90094fc3fdbe4eaf8b653e88e4097514ae2f64
2025-01-09T12:00:00+00:00,2025-01-09T13:00:00+00:00,20250109,2025-01-09,2025,1,1,January,2,4,Thursday,false,13,13:00,60,false,0,1,biomass,Biomass,renewable,true,1,4295.25,4295.25,reported,actual_generation_de_2024_2025,8118719a1cd35b8bac2f3933ca90094fc3fdbe4eaf8b653e88e4097514ae2f64
2025-01-09T12:00:00+00:00,2025-01-09T13:00:00+00:00,20250109,2025-01-09,2025,1,1,January,2,4,Thursday,false,13,13:00,60,false,0,2,hydropower,Hydropower,renewable,true,2,2043.25,2043.25,reported,actual_generation_de_2024_2025,8118719a1cd35b8bac2f3933ca90094fc3fdbe4eaf8b653e88e4097514ae2f64
2025-01-09T12:00:00+00:00,2025-01-09T13:00:00+00:00,20250109,2025-01-09,2025,1,1,January,2,4,Thursday,false,13,13:00,60,false,0,3,wind_offshore,Wind offshore,renewable,true,3,2013.75,2013.75,reported,actual_generation_de_2024_2025,8118719a1cd35b8bac2f3933ca90094fc3fdbe4eaf8b653e88e4097514ae2f64
2025-01-09T12:00:00+00:00,2025-01-09T13:00:00+00:00,20250109,2025-01-09,2025,1,1,January,2,4,Thursday,false,13,13:00,60,false,0,4,wind_onshore,Wind onshore,renewable,true,4,11305.75,11305.75,reported,actual_generation_de_2024_2025,8118719a1cd35b8bac2f3933ca90094fc3fdbe4eaf8b653e88e4097514ae2f64
2025-01-09T12:00:00+00:00,2025-01-09T13:00:00+00:00,20250109,2025-01-09,2025,1,1,January,2,4,Thursday,false,13,13:00,60,false,0,5,solar_photovoltaic,Solar photovoltaic,renewable,true,5,4406.50,4406.50,reported,actual_generation_de_2024_2025,8118719a1cd35b8bac2f3933ca90094fc3fdbe4eaf8b653e88e4097514ae2f64
2025-01-09T12:00:00+00:00,2025-01-09T13:00:00+00:00,20250109,2025-01-09,2025,1,1,January,2,4,Thursday,false,13,13:00,60,false,0,6,other_renewable,Other renewable,renewable,true,6,129.67,129.67,reported,actual_generation_de_2024_2025,8118719a1cd35b8bac2f3933ca90094fc3fdbe4eaf8b653e88e4097514ae2f64
2025-01-09T12:00:00+00:00,2025-01-09T13:00:00+00:00,20250109,2025-01-09,2025,1,1,January,2,4,Thursday,false,13,13:00,60,false,0,7,nuclear,Nuclear,conventional,false,7,,,unavailable,actual_generation_de_2024_2025,8118719a1cd35b8bac2f3933ca90094fc3fdbe4eaf8b653e88e4097514ae2f64
2025-01-09T12:00:00+00:00,2025-01-09T13:00:00+00:00,20250109,2025-01-09,2025,1,1,January,2,4,Thursday,false,13,13:00,60,false,0,8,lignite,Lignite,conventional,false,8,11039.50,11039.50,reported,actual_generation_de_2024_2025,8118719a1cd35b8bac2f3933ca90094fc3fdbe4eaf8b653e88e4097514ae2f64
2025-01-09T12:00:00+00:00,2025-01-09T13:00:00+00:00,20250109,2025-01-09,2025,1,1,January,2,4,Thursday,false,13,13:00,60,false,0,9,hard_coal,Hard coal,conventional,false,9,7668.00,7668.00,reported,actual_generation_de_2024_2025,8118719a1cd35b8bac2f3933ca90094fc3fdbe4eaf8b653e88e4097514ae2f64
2025-01-09T12:00:00+00:00,2025-01-09T13:00:00+00:00,20250109,2025-01-09,2025,1,1,January,2,4,Thursday,false,13,13:00,60,false,0,10,fossil_gas,Fossil gas,conventional,false,10,13851.25,13851.25,reported,actual_generation_de_2024_2025,8118719a1cd35b8bac2f3933ca90094fc3fdbe4eaf8b653e88e4097514ae2f64
2025-01-09T12:00:00+00:00,2025-01-09T13:00:00+00:00,20250109,2025-01-09,2025,1,1,January,2,4,Thursday,false,13,13:00,60,false,0,11,hydro_pumped_storage,Hydro pumped storage,storage,false,11,960.75,960.75,reported,actual_generation_de_2024_2025,8118719a1cd35b8bac2f3933ca90094fc3fdbe4eaf8b653e88e4097514ae2f64
2025-01-09T12:00:00+00:00,2025-01-09T13:00:00+00:00,20250109,2025-01-09,2025,1,1,January,2,4,Thursday,false,13,13:00,60,false,0,12,other_conventional,Other conventional,conventional,false,12,1772.50,1772.50,reported,actual_generation_de_2024_2025,8118719a1cd35b8bac2f3933ca90094fc3fdbe4eaf8b653e88e4097514ae2f64
2025-01-09T13:00:00+00:00,2025-01-09T14:00:00+00:00,20250109,2025-01-09,2025,1,1,January,2,4,Thursday,false,14,14:00,60,false,0,1,biomass,Biomass,renewable,true,1,4243.75,4243.75,reported,actual_generation_de_2024_2025,8118719a1cd35b8bac2f3933ca90094fc3fdbe4eaf8b653e88e4097514ae2f64
2025-01-09T13:00:00+00:00,2025-01-09T14:00:00+00:00,20250109,2025-01-09,2025,1,1,January,2,4,Thursday,false,14,14:00,60,false,0,2,hydropower,Hydropower,renewable,true,2,2008.75,2008.75,reported,actual_generation_de_2024_2025,8118719a1cd35b8bac2f3933ca90094fc3fdbe4eaf8b653e88e4097514ae2f64
2025-01-09T13:00:00+00:00,2025-01-09T14:00:00+00:00,20250109,2025-01-09,2025,1,1,January,2,4,Thursday,false,14,14:00,60,false,0,3,wind_offshore,Wind offshore,renewable,true,3,2004.75,2004.75,reported,actual_generation_de_2024_2025,8118719a1cd35b8bac2f3933ca90094fc3fdbe4eaf8b653e88e4097514ae2f64
2025-01-09T13:00:00+00:00,2025-01-09T14:00:00+00:00,20250109,2025-01-09,2025,1,1,January,2,4,Thursday,false,14,14:00,60,false,0,4,wind_onshore,Wind onshore,renewable,true,4,12892.00,12892.00,reported,actual_generation_de_2024_2025,8118719a1cd35b8bac2f3933ca90094fc3fdbe4eaf8b653e88e4097514ae2f64
2025-01-09T13:00:00+00:00,2025-01-09T14:00:00+00:00,20250109,2025-01-09,2025,1,1,January,2,4,Thursday,false,14,14:00,60,false,0,5,solar_photovoltaic,Solar photovoltaic,renewable,true,5,2527.75,2527.75,reported,actual_generation_de_2024_2025,8118719a1cd35b8bac2f3933ca90094fc3fdbe4eaf8b653e88e4097514ae2f64
2025-01-09T13:00:00+00:00,2025-01-09T14:00:00+00:00,20250109,2025-01-09,2025,1,1,January,2,4,Thursday,false,14,14:00,60,false,0,6,other_renewable,Other renewable,renewable,true,6,132.49,132.49,reported,actual_generation_de_2024_2025,8118719a1cd35b8bac2f3933ca90094fc3fdbe4eaf8b653e88e4097514ae2f64
2025-01-09T13:00:00+00:00,2025-01-09T14:00:00+00:00,20250109,2025-01-09,2025,1,1,January,2,4,Thursday,false,14,14:00,60,false,0,7,nuclear,Nuclear,conventional,false,7,,,unavailable,actual_generation_de_2024_2025,8118719a1cd35b8bac2f3933ca90094fc3fdbe4eaf8b653e88e4097514ae2f64
2025-01-09T13:00:00+00:00,2025-01-09T14:00:00+00:00,20250109,2025-01-09,2025,1,1,January,2,4,Thursday,false,14,14:00,60,false,0,8,lignite,Lignite,conventional,false,8,10973.00,10973.00,reported,actual_generation_de_2024_2025,8118719a1cd35b8bac2f3933ca90094fc3fdbe4eaf8b653e88e4097514ae2f64
2025-01-09T13:00:00+00:00,2025-01-09T14:00:00+00:00,20250109,2025-01-09,2025,1,1,January,2,4,Thursday,false,14,14:00,60,false,0,9,hard_coal,Hard coal,conventional,false,9,7625.50,7625.50,reported,actual_generation_de_2024_2025,8118719a1cd35b8bac2f3933ca90094fc3fdbe4eaf8b653e88e4097514ae2f64
2025-01-09T13:00:00+00:00,2025-01-09T14:00:00+00:00,20250109,2025-01-09,2025,1,1,January,2,4,Thursday,false,14,14:00,60,false,0,10,fossil_gas,Fossil gas,conventional,false,10,13784.50,13784.50,reported,actual_generation_de_2024_2025,8118719a1cd35b8bac2f3933ca90094fc3fdbe4eaf8b653e88e4097514ae2f64
2025-01-09T13:00:00+00:00,2025-01-09T14:00:00+00:00,20250109,2025-01-09,2025,1,1,January,2,4,Thursday,false,14,14:00,60,false,0,11,hydro_pumped_storage,Hydro pumped storage,storage,false,11,891.50,891.50,reported,actual_generation_de_2024_2025,8118719a1cd35b8bac2f3933ca90094fc3fdbe4eaf8b653e88e4097514ae2f64
2025-01-09T13:00:00+00:00,2025-01-09T14:00:00+00:00,20250109,2025-01-09,2025,1,1,January,2,4,Thursday,false,14,14:00,60,false,0,12,other_conventional,Other conventional,conventional,false,12,1756.00,1756.00,reported,actual_generation_de_2024_2025,8118719a1cd35b8bac2f3933ca90094fc3fdbe4eaf8b653e88e4097514ae2f64
2025-01-09T14:00:00+00:00,2025-01-09T15:00:00+00:00,20250109,2025-01-09,2025,1,1,January,2,4,Thursday,false,15,15:00,60,false,0,1,biomass,Biomass,renewable,true,1,4349.25,4349.25,reported,actual_generation_de_2024_2025,8118719a1cd35b8bac2f3933ca90094fc3fdbe4eaf8b653e88e4097514ae2f64
2025-01-09T14:00:00+00:00,2025-01-09T15:00:00+00:00,20250109,2025-01-09,2025,1,1,January,2,4,Thursday,false,15,15:00,60,false,0,2,hydropower,Hydropower,renewable,true,2,2003.75,2003.75,reported,actual_generation_de_2024_2025,8118719a1cd35b8bac2f3933ca90094fc3fdbe4eaf8b653e88e4097514ae2f64
2025-01-09T14:00:00+00:00,2025-01-09T15:00:00+00:00,20250109,2025-01-09,2025,1,1,January,2,4,Thursday,false,15,15:00,60,false,0,3,wind_offshore,Wind offshore,renewable,true,3,1981.25,1981.25,reported,actual_generation_de_2024_2025,8118719a1cd35b8bac2f3933ca90094fc3fdbe4eaf8b653e88e4097514ae2f64
2025-01-09T14:00:00+00:00,2025-01-09T15:00:00+00:00,20250109,2025-01-09,2025,1,1,January,2,4,Thursday,false,15,15:00,60,false,0,4,wind_onshore,Wind onshore,renewable,true,4,15407.50,15407.50,reported,actual_generation_de_2024_2025,8118719a1cd35b8bac2f3933ca90094fc3fdbe4eaf8b653e88e4097514ae2f64
2025-01-09T14:00:00+00:00,2025-01-09T15:00:00+00:00,20250109,2025-01-09,2025,1,1,January,2,4,Thursday,false,15,15:00,60,false,0,5,solar_photovoltaic,Solar photovoltaic,renewable,true,5,968.50,968.50,reported,actual_generation_de_2024_2025,8118719a1cd35b8bac2f3933ca90094fc3fdbe4eaf8b653e88e4097514ae2f64
2025-01-09T14:00:00+00:00,2025-01-09T15:00:00+00:00,20250109,2025-01-09,2025,1,1,January,2,4,Thursday,false,15,15:00,60,false,0,6,other_renewable,Other renewable,renewable,true,6,131.12,131.12,reported,actual_generation_de_2024_2025,8118719a1cd35b8bac2f3933ca90094fc3fdbe4eaf8b653e88e4097514ae2f64
2025-01-09T14:00:00+00:00,2025-01-09T15:00:00+00:00,20250109,2025-01-09,2025,1,1,January,2,4,Thursday,false,15,15:00,60,false,0,7,nuclear,Nuclear,conventional,false,7,,,unavailable,actual_generation_de_2024_2025,8118719a1cd35b8bac2f3933ca90094fc3fdbe4eaf8b653e88e4097514ae2f64
2025-01-09T14:00:00+00:00,2025-01-09T15:00:00+00:00,20250109,2025-01-09,2025,1,1,January,2,4,Thursday,false,15,15:00,60,false,0,8,lignite,Lignite,conventional,false,8,10852.00,10852.00,reported,actual_generation_de_2024_2025,8118719a1cd35b8bac2f3933ca90094fc3fdbe4eaf8b653e88e4097514ae2f64
2025-01-09T14:00:00+00:00,2025-01-09T15:00:00+00:00,20250109,2025-01-09,2025,1,1,January,2,4,Thursday,false,15,15:00,60,false,0,9,hard_coal,Hard coal,conventional,false,9,7384.25,7384.25,reported,actual_generation_de_2024_2025,8118719a1cd35b8bac2f3933ca90094fc3fdbe4eaf8b653e88e4097514ae2f64
2025-01-09T14:00:00+00:00,2025-01-09T15:00:00+00:00,20250109,2025-01-09,2025,1,1,January,2,4,Thursday,false,15,15:00,60,false,0,10,fossil_gas,Fossil gas,conventional,false,10,13738.00,13738.00,reported,actual_generation_de_2024_2025,8118719a1cd35b8bac2f3933ca90094fc3fdbe4eaf8b653e88e4097514ae2f64
2025-01-09T14:00:00+00:00,2025-01-09T15:00:00+00:00,20250109,2025-01-09,2025,1,1,January,2,4,Thursday,false,15,15:00,60,false,0,11,hydro_pumped_storage,Hydro pumped storage,storage,false,11,951.75,951.75,reported,actual_generation_de_2024_2025,8118719a1cd35b8bac2f3933ca90094fc3fdbe4eaf8b653e88e4097514ae2f64
2025-01-09T14:00:00+00:00,2025-01-09T15:00:00+00:00,20250109,2025-01-09,2025,1,1,January,2,4,Thursday,false,15,15:00,60,false,0,12,other_conventional,Other conventional,conventional,false,12,1791.25,1791.25,reported,actual_generation_de_2024_2025,8118719a1cd35b8bac2f3933ca90094fc3fdbe4eaf8b653e88e4097514ae2f64
2025-01-09T15:00:00+00:00,2025-01-09T16:00:00+00:00,20250109,2025-01-09,2025,1,1,January,2,4,Thursday,false,16,16:00,60,false,0,1,biomass,Biomass,renewable,true,1,4549.00,4549.00,reported,actual_generation_de_2024_2025,8118719a1cd35b8bac2f3933ca90094fc3fdbe4eaf8b653e88e4097514ae2f64
2025-01-09T15:00:00+00:00,2025-01-09T16:00:00+00:00,20250109,2025-01-09,2025,1,1,January,2,4,Thursday,false,16,16:00,60,false,0,2,hydropower,Hydropower,renewable,true,2,1867.25,1867.25,reported,actual_generation_de_2024_2025,8118719a1cd35b8bac2f3933ca90094fc3fdbe4eaf8b653e88e4097514ae2f64
2025-01-09T15:00:00+00:00,2025-01-09T16:00:00+00:00,20250109,2025-01-09,2025,1,1,January,2,4,Thursday,false,16,16:00,60,false,0,3,wind_offshore,Wind offshore,renewable,true,3,2824.00,2824.00,reported,actual_generation_de_2024_2025,8118719a1cd35b8bac2f3933ca90094fc3fdbe4eaf8b653e88e4097514ae2f64
2025-01-09T15:00:00+00:00,2025-01-09T16:00:00+00:00,20250109,2025-01-09,2025,1,1,January,2,4,Thursday,false,16,16:00,60,false,0,4,wind_onshore,Wind onshore,renewable,true,4,18391.00,18391.00,reported,actual_generation_de_2024_2025,8118719a1cd35b8bac2f3933ca90094fc3fdbe4eaf8b653e88e4097514ae2f64
2025-01-09T15:00:00+00:00,2025-01-09T16:00:00+00:00,20250109,2025-01-09,2025,1,1,January,2,4,Thursday,false,16,16:00,60,false,0,5,solar_photovoltaic,Solar photovoltaic,renewable,true,5,100.25,100.25,reported,actual_generation_de_2024_2025,8118719a1cd35b8bac2f3933ca90094fc3fdbe4eaf8b653e88e4097514ae2f64
2025-01-09T15:00:00+00:00,2025-01-09T16:00:00+00:00,20250109,2025-01-09,2025,1,1,January,2,4,Thursday,false,16,16:00,60,false,0,6,other_renewable,Other renewable,renewable,true,6,130.99,130.99,reported,actual_generation_de_2024_2025,8118719a1cd35b8bac2f3933ca90094fc3fdbe4eaf8b653e88e4097514ae2f64
2025-01-09T15:00:00+00:00,2025-01-09T16:00:00+00:00,20250109,2025-01-09,2025,1,1,January,2,4,Thursday,false,16,16:00,60,false,0,7,nuclear,Nuclear,conventional,false,7,,,unavailable,actual_generation_de_2024_2025,8118719a1cd35b8bac2f3933ca90094fc3fdbe4eaf8b653e88e4097514ae2f64
2025-01-09T15:00:00+00:00,2025-01-09T16:00:00+00:00,20250109,2025-01-09,2025,1,1,January,2,4,Thursday,false,16,16:00,60,false,0,8,lignite,Lignite,conventional,false,8,10861.00,10861.00,reported,actual_generation_de_2024_2025,8118719a1cd35b8bac2f3933ca90094fc3fdbe4eaf8b653e88e4097514ae2f64
2025-01-09T15:00:00+00:00,2025-01-09T16:00:00+00:00,20250109,2025-01-09,2025,1,1,January,2,4,Thursday,false,16,16:00,60,false,0,9,hard_coal,Hard coal,conventional,false,9,7132.50,7132.50,reported,actual_generation_de_2024_2025,8118719a1cd35b8bac2f3933ca90094fc3fdbe4eaf8b653e88e4097514ae2f64
2025-01-09T15:00:00+00:00,2025-01-09T16:00:00+00:00,20250109,2025-01-09,2025,1,1,January,2,4,Thursday,false,16,16:00,60,false,0,10,fossil_gas,Fossil gas,conventional,false,10,13632.50,13632.50,reported,actual_generation_de_2024_2025,8118719a1cd35b8bac2f3933ca90094fc3fdbe4eaf8b653e88e4097514ae2f64
2025-01-09T15:00:00+00:00,2025-01-09T16:00:00+00:00,20250109,2025-01-09,2025,1,1,January,2,4,Thursday,false,16,16:00,60,false,0,11,hydro_pumped_storage,Hydro pumped storage,storage,false,11,1035.25,1035.25,reported,actual_generation_de_2024_2025,8118719a1cd35b8bac2f3933ca90094fc3fdbe4eaf8b653e88e4097514ae2f64
2025-01-09T15:00:00+00:00,2025-01-09T16:00:00+00:00,20250109,2025-01-09,2025,1,1,January,2,4,Thursday,false,16,16:00,60,false,0,12,other_conventional,Other conventional,conventional,false,12,1804.75,1804.75,reported,actual_generation_de_2024_2025,8118719a1cd35b8bac2f3933ca90094fc3fdbe4eaf8b653e88e4097514ae2f64
2025-01-09T16:00:00+00:00,2025-01-09T17:00:00+00:00,20250109,2025-01-09,2025,1,1,January,2,4,Thursday,false,17,17:00,60,false,0,1,biomass,Biomass,renewable,true,1,4675.25,4675.25,reported,actual_generation_de_2024_2025,8118719a1cd35b8bac2f3933ca90094fc3fdbe4eaf8b653e88e4097514ae2f64
2025-01-09T16:00:00+00:00,2025-01-09T17:00:00+00:00,20250109,2025-01-09,2025,1,1,January,2,4,Thursday,false,17,17:00,60,false,0,2,hydropower,Hydropower,renewable,true,2,1939.75,1939.75,reported,actual_generation_de_2024_2025,8118719a1cd35b8bac2f3933ca90094fc3fdbe4eaf8b653e88e4097514ae2f64
2025-01-09T16:00:00+00:00,2025-01-09T17:00:00+00:00,20250109,2025-01-09,2025,1,1,January,2,4,Thursday,false,17,17:00,60,false,0,3,wind_offshore,Wind offshore,renewable,true,3,3137.25,3137.25,reported,actual_generation_de_2024_2025,8118719a1cd35b8bac2f3933ca90094fc3fdbe4eaf8b653e88e4097514ae2f64
2025-01-09T16:00:00+00:00,2025-01-09T17:00:00+00:00,20250109,2025-01-09,2025,1,1,January,2,4,Thursday,false,17,17:00,60,false,0,4,wind_onshore,Wind onshore,renewable,true,4,20571.50,20571.50,reported,actual_generation_de_2024_2025,8118719a1cd35b8bac2f3933ca90094fc3fdbe4eaf8b653e88e4097514ae2f64
2025-01-09T16:00:00+00:00,2025-01-09T17:00:00+00:00,20250109,2025-01-09,2025,1,1,January,2,4,Thursday,false,17,17:00,60,false,0,5,solar_photovoltaic,Solar photovoltaic,renewable,true,5,12.00,12.00,reported,actual_generation_de_2024_2025,8118719a1cd35b8bac2f3933ca90094fc3fdbe4eaf8b653e88e4097514ae2f64
2025-01-09T16:00:00+00:00,2025-01-09T17:00:00+00:00,20250109,2025-01-09,2025,1,1,January,2,4,Thursday,false,17,17:00,60,false,0,6,other_renewable,Other renewable,renewable,true,6,131.92,131.92,reported,actual_generation_de_2024_2025,8118719a1cd35b8bac2f3933ca90094fc3fdbe4eaf8b653e88e4097514ae2f64
2025-01-09T16:00:00+00:00,2025-01-09T17:00:00+00:00,20250109,2025-01-09,2025,1,1,January,2,4,Thursday,false,17,17:00,60,false,0,7,nuclear,Nuclear,conventional,false,7,,,unavailable,actual_generation_de_2024_2025,8118719a1cd35b8bac2f3933ca90094fc3fdbe4eaf8b653e88e4097514ae2f64
2025-01-09T16:00:00+00:00,2025-01-09T17:00:00+00:00,20250109,2025-01-09,2025,1,1,January,2,4,Thursday,false,17,17:00,60,false,0,8,lignite,Lignite,conventional,false,8,10938.75,10938.75,reported,actual_generation_de_2024_2025,8118719a1cd35b8bac2f3933ca90094fc3fdbe4eaf8b653e88e4097514ae2f64
2025-01-09T16:00:00+00:00,2025-01-09T17:00:00+00:00,20250109,2025-01-09,2025,1,1,January,2,4,Thursday,false,17,17:00,60,false,0,9,hard_coal,Hard coal,conventional,false,9,7038.00,7038.00,reported,actual_generation_de_2024_2025,8118719a1cd35b8bac2f3933ca90094fc3fdbe4eaf8b653e88e4097514ae2f64
2025-01-09T16:00:00+00:00,2025-01-09T17:00:00+00:00,20250109,2025-01-09,2025,1,1,January,2,4,Thursday,false,17,17:00,60,false,0,10,fossil_gas,Fossil gas,conventional,false,10,13836.25,13836.25,reported,actual_generation_de_2024_2025,8118719a1cd35b8bac2f3933ca90094fc3fdbe4eaf8b653e88e4097514ae2f64
2025-01-09T16:00:00+00:00,2025-01-09T17:00:00+00:00,20250109,2025-01-09,2025,1,1,January,2,4,Thursday,false,17,17:00,60,false,0,11,hydro_pumped_storage,Hydro pumped storage,storage,false,11,2730.00,2730.00,reported,actual_generation_de_2024_2025,8118719a1cd35b8bac2f3933ca90094fc3fdbe4eaf8b653e88e4097514ae2f64
2025-01-09T16:00:00+00:00,2025-01-09T17:00:00+00:00,20250109,2025-01-09,2025,1,1,January,2,4,Thursday,false,17,17:00,60,false,0,12,other_conventional,Other conventional,conventional,false,12,1787.00,1787.00,reported,actual_generation_de_2024_2025,8118719a1cd35b8bac2f3933ca90094fc3fdbe4eaf8b653e88e4097514ae2f64
2025-01-09T17:00:00+00:00,2025-01-09T18:00:00+00:00,20250109,2025-01-09,2025,1,1,January,2,4,Thursday,false,18,18:00,60,false,0,1,biomass,Biomass,renewable,true,1,4738.25,4738.25,reported,actual_generation_de_2024_2025,8118719a1cd35b8bac2f3933ca90094fc3fdbe4eaf8b653e88e4097514ae2f64
2025-01-09T17:00:00+00:00,2025-01-09T18:00:00+00:00,20250109,2025-01-09,2025,1,1,January,2,4,Thursday,false,18,18:00,60,false,0,2,hydropower,Hydropower,renewable,true,2,1926.75,1926.75,reported,actual_generation_de_2024_2025,8118719a1cd35b8bac2f3933ca90094fc3fdbe4eaf8b653e88e4097514ae2f64
2025-01-09T17:00:00+00:00,2025-01-09T18:00:00+00:00,20250109,2025-01-09,2025,1,1,January,2,4,Thursday,false,18,18:00,60,false,0,3,wind_offshore,Wind offshore,renewable,true,3,3607.50,3607.50,reported,actual_generation_de_2024_2025,8118719a1cd35b8bac2f3933ca90094fc3fdbe4eaf8b653e88e4097514ae2f64
2025-01-09T17:00:00+00:00,2025-01-09T18:00:00+00:00,20250109,2025-01-09,2025,1,1,January,2,4,Thursday,false,18,18:00,60,false,0,4,wind_onshore,Wind onshore,renewable,true,4,22226.75,22226.75,reported,actual_generation_de_2024_2025,8118719a1cd35b8bac2f3933ca90094fc3fdbe4eaf8b653e88e4097514ae2f64
2025-01-09T17:00:00+00:00,2025-01-09T18:00:00+00:00,20250109,2025-01-09,2025,1,1,January,2,4,Thursday,false,18,18:00,60,false,0,5,solar_photovoltaic,Solar photovoltaic,renewable,true,5,9.00,9.00,reported,actual_generation_de_2024_2025,8118719a1cd35b8bac2f3933ca90094fc3fdbe4eaf8b653e88e4097514ae2f64
2025-01-09T17:00:00+00:00,2025-01-09T18:00:00+00:00,20250109,2025-01-09,2025,1,1,January,2,4,Thursday,false,18,18:00,60,false,0,6,other_renewable,Other renewable,renewable,true,6,131.11,131.11,reported,actual_generation_de_2024_2025,8118719a1cd35b8bac2f3933ca90094fc3fdbe4eaf8b653e88e4097514ae2f64
2025-01-09T17:00:00+00:00,2025-01-09T18:00:00+00:00,20250109,2025-01-09,2025,1,1,January,2,4,Thursday,false,18,18:00,60,false,0,7,nuclear,Nuclear,conventional,false,7,,,unavailable,actual_generation_de_2024_2025,8118719a1cd35b8bac2f3933ca90094fc3fdbe4eaf8b653e88e4097514ae2f64
2025-01-09T17:00:00+00:00,2025-01-09T18:00:00+00:00,20250109,2025-01-09,2025,1,1,January,2,4,Thursday,false,18,18:00,60,false,0,8,lignite,Lignite,conventional,false,8,11371.00,11371.00,reported,actual_generation_de_2024_2025,8118719a1cd35b8bac2f3933ca90094fc3fdbe4eaf8b653e88e4097514ae2f64
2025-01-09T17:00:00+00:00,2025-01-09T18:00:00+00:00,20250109,2025-01-09,2025,1,1,January,2,4,Thursday,false,18,18:00,60,false,0,9,hard_coal,Hard coal,conventional,false,9,6861.50,6861.50,reported,actual_generation_de_2024_2025,8118719a1cd35b8bac2f3933ca90094fc3fdbe4eaf8b653e88e4097514ae2f64
2025-01-09T17:00:00+00:00,2025-01-09T18:00:00+00:00,20250109,2025-01-09,2025,1,1,January,2,4,Thursday,false,18,18:00,60,false,0,10,fossil_gas,Fossil gas,conventional,false,10,13884.75,13884.75,reported,actual_generation_de_2024_2025,8118719a1cd35b8bac2f3933ca90094fc3fdbe4eaf8b653e88e4097514ae2f64
2025-01-09T17:00:00+00:00,2025-01-09T18:00:00+00:00,20250109,2025-01-09,2025,1,1,January,2,4,Thursday,false,18,18:00,60,false,0,11,hydro_pumped_storage,Hydro pumped storage,storage,false,11,2558.00,2558.00,reported,actual_generation_de_2024_2025,8118719a1cd35b8bac2f3933ca90094fc3fdbe4eaf8b653e88e4097514ae2f64
2025-01-09T17:00:00+00:00,2025-01-09T18:00:00+00:00,20250109,2025-01-09,2025,1,1,January,2,4,Thursday,false,18,18:00,60,false,0,12,other_conventional,Other conventional,conventional,false,12,1796.25,1796.25,reported,actual_generation_de_2024_2025,8118719a1cd35b8bac2f3933ca90094fc3fdbe4eaf8b653e88e4097514ae2f64
2025-01-09T18:00:00+00:00,2025-01-09T19:00:00+00:00,20250109,2025-01-09,2025,1,1,January,2,4,Thursday,false,19,19:00,60,false,0,1,biomass,Biomass,renewable,true,1,4634.25,4634.25,reported,actual_generation_de_2024_2025,8118719a1cd35b8bac2f3933ca90094fc3fdbe4eaf8b653e88e4097514ae2f64
2025-01-09T18:00:00+00:00,2025-01-09T19:00:00+00:00,20250109,2025-01-09,2025,1,1,January,2,4,Thursday,false,19,19:00,60,false,0,2,hydropower,Hydropower,renewable,true,2,1779.50,1779.50,reported,actual_generation_de_2024_2025,8118719a1cd35b8bac2f3933ca90094fc3fdbe4eaf8b653e88e4097514ae2f64
2025-01-09T18:00:00+00:00,2025-01-09T19:00:00+00:00,20250109,2025-01-09,2025,1,1,January,2,4,Thursday,false,19,19:00,60,false,0,3,wind_offshore,Wind offshore,renewable,true,3,3907.25,3907.25,reported,actual_generation_de_2024_2025,8118719a1cd35b8bac2f3933ca90094fc3fdbe4eaf8b653e88e4097514ae2f64
2025-01-09T18:00:00+00:00,2025-01-09T19:00:00+00:00,20250109,2025-01-09,2025,1,1,January,2,4,Thursday,false,19,19:00,60,false,0,4,wind_onshore,Wind onshore,renewable,true,4,23630.75,23630.75,reported,actual_generation_de_2024_2025,8118719a1cd35b8bac2f3933ca90094fc3fdbe4eaf8b653e88e4097514ae2f64
2025-01-09T18:00:00+00:00,2025-01-09T19:00:00+00:00,20250109,2025-01-09,2025,1,1,January,2,4,Thursday,false,19,19:00,60,false,0,5,solar_photovoltaic,Solar photovoltaic,renewable,true,5,8.00,8.00,reported,actual_generation_de_2024_2025,8118719a1cd35b8bac2f3933ca90094fc3fdbe4eaf8b653e88e4097514ae2f64
2025-01-09T18:00:00+00:00,2025-01-09T19:00:00+00:00,20250109,2025-01-09,2025,1,1,January,2,4,Thursday,false,19,19:00,60,false,0,6,other_renewable,Other renewable,renewable,true,6,130.71,130.71,reported,actual_generation_de_2024_2025,8118719a1cd35b8bac2f3933ca90094fc3fdbe4eaf8b653e88e4097514ae2f64
2025-01-09T18:00:00+00:00,2025-01-09T19:00:00+00:00,20250109,2025-01-09,2025,1,1,January,2,4,Thursday,false,19,19:00,60,false,0,7,nuclear,Nuclear,conventional,false,7,,,unavailable,actual_generation_de_2024_2025,8118719a1cd35b8bac2f3933ca90094fc3fdbe4eaf8b653e88e4097514ae2f64
2025-01-09T18:00:00+00:00,2025-01-09T19:00:00+00:00,20250109,2025-01-09,2025,1,1,January,2,4,Thursday,false,19,19:00,60,false,0,8,lignite,Lignite,conventional,false,8,11394.00,11394.00,reported,actual_generation_de_2024_2025,8118719a1cd35b8bac2f3933ca90094fc3fdbe4eaf8b653e88e4097514ae2f64
2025-01-09T18:00:00+00:00,2025-01-09T19:00:00+00:00,20250109,2025-01-09,2025,1,1,January,2,4,Thursday,false,19,19:00,60,false,0,9,hard_coal,Hard coal,conventional,false,9,6745.25,6745.25,reported,actual_generation_de_2024_2025,8118719a1cd35b8bac2f3933ca90094fc3fdbe4eaf8b653e88e4097514ae2f64
2025-01-09T18:00:00+00:00,2025-01-09T19:00:00+00:00,20250109,2025-01-09,2025,1,1,January,2,4,Thursday,false,19,19:00,60,false,0,10,fossil_gas,Fossil gas,conventional,false,10,13328.75,13328.75,reported,actual_generation_de_2024_2025,8118719a1cd35b8bac2f3933ca90094fc3fdbe4eaf8b653e88e4097514ae2f64
2025-01-09T18:00:00+00:00,2025-01-09T19:00:00+00:00,20250109,2025-01-09,2025,1,1,January,2,4,Thursday,false,19,19:00,60,false,0,11,hydro_pumped_storage,Hydro pumped storage,storage,false,11,1091.25,1091.25,reported,actual_generation_de_2024_2025,8118719a1cd35b8bac2f3933ca90094fc3fdbe4eaf8b653e88e4097514ae2f64
2025-01-09T18:00:00+00:00,2025-01-09T19:00:00+00:00,20250109,2025-01-09,2025,1,1,January,2,4,Thursday,false,19,19:00,60,false,0,12,other_conventional,Other conventional,conventional,false,12,1811.50,1811.50,reported,actual_generation_de_2024_2025,8118719a1cd35b8bac2f3933ca90094fc3fdbe4eaf8b653e88e4097514ae2f64
2025-01-09T19:00:00+00:00,2025-01-09T20:00:00+00:00,20250109,2025-01-09,2025,1,1,January,2,4,Thursday,false,20,20:00,60,false,0,1,biomass,Biomass,renewable,true,1,4418.25,4418.25,reported,actual_generation_de_2024_2025,8118719a1cd35b8bac2f3933ca90094fc3fdbe4eaf8b653e88e4097514ae2f64
2025-01-09T19:00:00+00:00,2025-01-09T20:00:00+00:00,20250109,2025-01-09,2025,1,1,January,2,4,Thursday,false,20,20:00,60,false,0,2,hydropower,Hydropower,renewable,true,2,1732.25,1732.25,reported,actual_generation_de_2024_2025,8118719a1cd35b8bac2f3933ca90094fc3fdbe4eaf8b653e88e4097514ae2f64
2025-01-09T19:00:00+00:00,2025-01-09T20:00:00+00:00,20250109,2025-01-09,2025,1,1,January,2,4,Thursday,false,20,20:00,60,false,0,3,wind_offshore,Wind offshore,renewable,true,3,3902.50,3902.50,reported,actual_generation_de_2024_2025,8118719a1cd35b8bac2f3933ca90094fc3fdbe4eaf8b653e88e4097514ae2f64
2025-01-09T19:00:00+00:00,2025-01-09T20:00:00+00:00,20250109,2025-01-09,2025,1,1,January,2,4,Thursday,false,20,20:00,60,false,0,4,wind_onshore,Wind onshore,renewable,true,4,24630.50,24630.50,reported,actual_generation_de_2024_2025,8118719a1cd35b8bac2f3933ca90094fc3fdbe4eaf8b653e88e4097514ae2f64
2025-01-09T19:00:00+00:00,2025-01-09T20:00:00+00:00,20250109,2025-01-09,2025,1,1,January,2,4,Thursday,false,20,20:00,60,false,0,5,solar_photovoltaic,Solar photovoltaic,renewable,true,5,7.00,7.00,reported,actual_generation_de_2024_2025,8118719a1cd35b8bac2f3933ca90094fc3fdbe4eaf8b653e88e4097514ae2f64
2025-01-09T19:00:00+00:00,2025-01-09T20:00:00+00:00,20250109,2025-01-09,2025,1,1,January,2,4,Thursday,false,20,20:00,60,false,0,6,other_renewable,Other renewable,renewable,true,6,131.09,131.09,reported,actual_generation_de_2024_2025,8118719a1cd35b8bac2f3933ca90094fc3fdbe4eaf8b653e88e4097514ae2f64
2025-01-09T19:00:00+00:00,2025-01-09T20:00:00+00:00,20250109,2025-01-09,2025,1,1,January,2,4,Thursday,false,20,20:00,60,false,0,7,nuclear,Nuclear,conventional,false,7,,,unavailable,actual_generation_de_2024_2025,8118719a1cd35b8bac2f3933ca90094fc3fdbe4eaf8b653e88e4097514ae2f64
2025-01-09T19:00:00+00:00,2025-01-09T20:00:00+00:00,20250109,2025-01-09,2025,1,1,January,2,4,Thursday,false,20,20:00,60,false,0,8,lignite,Lignite,conventional,false,8,10573.75,10573.75,reported,actual_generation_de_2024_2025,8118719a1cd35b8bac2f3933ca90094fc3fdbe4eaf8b653e88e4097514ae2f64
2025-01-09T19:00:00+00:00,2025-01-09T20:00:00+00:00,20250109,2025-01-09,2025,1,1,January,2,4,Thursday,false,20,20:00,60,false,0,9,hard_coal,Hard coal,conventional,false,9,6689.50,6689.50,reported,actual_generation_de_2024_2025,8118719a1cd35b8bac2f3933ca90094fc3fdbe4eaf8b653e88e4097514ae2f64
2025-01-09T19:00:00+00:00,2025-01-09T20:00:00+00:00,20250109,2025-01-09,2025,1,1,January,2,4,Thursday,false,20,20:00,60,false,0,10,fossil_gas,Fossil gas,conventional,false,10,11543.00,11543.00,reported,actual_generation_de_2024_2025,8118719a1cd35b8bac2f3933ca90094fc3fdbe4eaf8b653e88e4097514ae2f64
2025-01-09T19:00:00+00:00,2025-01-09T20:00:00+00:00,20250109,2025-01-09,2025,1,1,January,2,4,Thursday,false,20,20:00,60,false,0,11,hydro_pumped_storage,Hydro pumped storage,storage,false,11,622.25,622.25,reported,actual_generation_de_2024_2025,8118719a1cd35b8bac2f3933ca90094fc3fdbe4eaf8b653e88e4097514ae2f64
2025-01-09T19:00:00+00:00,2025-01-09T20:00:00+00:00,20250109,2025-01-09,2025,1,1,January,2,4,Thursday,false,20,20:00,60,false,0,12,other_conventional,Other conventional,conventional,false,12,1771.75,1771.75,reported,actual_generation_de_2024_2025,8118719a1cd35b8bac2f3933ca90094fc3fdbe4eaf8b653e88e4097514ae2f64
2025-01-09T20:00:00+00:00,2025-01-09T21:00:00+00:00,20250109,2025-01-09,2025,1,1,January,2,4,Thursday,false,21,21:00,60,false,0,1,biomass,Biomass,renewable,true,1,4293.25,4293.25,reported,actual_generation_de_2024_2025,8118719a1cd35b8bac2f3933ca90094fc3fdbe4eaf8b653e88e4097514ae2f64
2025-01-09T20:00:00+00:00,2025-01-09T21:00:00+00:00,20250109,2025-01-09,2025,1,1,January,2,4,Thursday,false,21,21:00,60,false,0,2,hydropower,Hydropower,renewable,true,2,1730.00,1730.00,reported,actual_generation_de_2024_2025,8118719a1cd35b8bac2f3933ca90094fc3fdbe4eaf8b653e88e4097514ae2f64
2025-01-09T20:00:00+00:00,2025-01-09T21:00:00+00:00,20250109,2025-01-09,2025,1,1,January,2,4,Thursday,false,21,21:00,60,false,0,3,wind_offshore,Wind offshore,renewable,true,3,3679.50,3679.50,reported,actual_generation_de_2024_2025,8118719a1cd35b8bac2f3933ca90094fc3fdbe4eaf8b653e88e4097514ae2f64
2025-01-09T20:00:00+00:00,2025-01-09T21:00:00+00:00,20250109,2025-01-09,2025,1,1,January,2,4,Thursday,false,21,21:00,60,false,0,4,wind_onshore,Wind onshore,renewable,true,4,25454.00,25454.00,reported,actual_generation_de_2024_2025,8118719a1cd35b8bac2f3933ca90094fc3fdbe4eaf8b653e88e4097514ae2f64
2025-01-09T20:00:00+00:00,2025-01-09T21:00:00+00:00,20250109,2025-01-09,2025,1,1,January,2,4,Thursday,false,21,21:00,60,false,0,5,solar_photovoltaic,Solar photovoltaic,renewable,true,5,7.25,7.25,reported,actual_generation_de_2024_2025,8118719a1cd35b8bac2f3933ca90094fc3fdbe4eaf8b653e88e4097514ae2f64
2025-01-09T20:00:00+00:00,2025-01-09T21:00:00+00:00,20250109,2025-01-09,2025,1,1,January,2,4,Thursday,false,21,21:00,60,false,0,6,other_renewable,Other renewable,renewable,true,6,131.35,131.35,reported,actual_generation_de_2024_2025,8118719a1cd35b8bac2f3933ca90094fc3fdbe4eaf8b653e88e4097514ae2f64
2025-01-09T20:00:00+00:00,2025-01-09T21:00:00+00:00,20250109,2025-01-09,2025,1,1,January,2,4,Thursday,false,21,21:00,60,false,0,7,nuclear,Nuclear,conventional,false,7,,,unavailable,actual_generation_de_2024_2025,8118719a1cd35b8bac2f3933ca90094fc3fdbe4eaf8b653e88e4097514ae2f64
2025-01-09T20:00:00+00:00,2025-01-09T21:00:00+00:00,20250109,2025-01-09,2025,1,1,January,2,4,Thursday,false,21,21:00,60,false,0,8,lignite,Lignite,conventional,false,8,10354.50,10354.50,reported,actual_generation_de_2024_2025,8118719a1cd35b8bac2f3933ca90094fc3fdbe4eaf8b653e88e4097514ae2f64
2025-01-09T20:00:00+00:00,2025-01-09T21:00:00+00:00,20250109,2025-01-09,2025,1,1,January,2,4,Thursday,false,21,21:00,60,false,0,9,hard_coal,Hard coal,conventional,false,9,6654.25,6654.25,reported,actual_generation_de_2024_2025,8118719a1cd35b8bac2f3933ca90094fc3fdbe4eaf8b653e88e4097514ae2f64
2025-01-09T20:00:00+00:00,2025-01-09T21:00:00+00:00,20250109,2025-01-09,2025,1,1,January,2,4,Thursday,false,21,21:00,60,false,0,10,fossil_gas,Fossil gas,conventional,false,10,9088.00,9088.00,reported,actual_generation_de_2024_2025,8118719a1cd35b8bac2f3933ca90094fc3fdbe4eaf8b653e88e4097514ae2f64
2025-01-09T20:00:00+00:00,2025-01-09T21:00:00+00:00,20250109,2025-01-09,2025,1,1,January,2,4,Thursday,false,21,21:00,60,false,0,11,hydro_pumped_storage,Hydro pumped storage,storage,false,11,484.00,484.00,reported,actual_generation_de_2024_2025,8118719a1cd35b8bac2f3933ca90094fc3fdbe4eaf8b653e88e4097514ae2f64
2025-01-09T20:00:00+00:00,2025-01-09T21:00:00+00:00,20250109,2025-01-09,2025,1,1,January,2,4,Thursday,false,21,21:00,60,false,0,12,other_conventional,Other conventional,conventional,false,12,1781.75,1781.75,reported,actual_generation_de_2024_2025,8118719a1cd35b8bac2f3933ca90094fc3fdbe4eaf8b653e88e4097514ae2f64
2025-01-09T21:00:00+00:00,2025-01-09T22:00:00+00:00,20250109,2025-01-09,2025,1,1,January,2,4,Thursday,false,22,22:00,60,false,0,1,biomass,Biomass,renewable,true,1,4234.75,4234.75,reported,actual_generation_de_2024_2025,8118719a1cd35b8bac2f3933ca90094fc3fdbe4eaf8b653e88e4097514ae2f64
2025-01-09T21:00:00+00:00,2025-01-09T22:00:00+00:00,20250109,2025-01-09,2025,1,1,January,2,4,Thursday,false,22,22:00,60,false,0,2,hydropower,Hydropower,renewable,true,2,1701.00,1701.00,reported,actual_generation_de_2024_2025,8118719a1cd35b8bac2f3933ca90094fc3fdbe4eaf8b653e88e4097514ae2f64
2025-01-09T21:00:00+00:00,2025-01-09T22:00:00+00:00,20250109,2025-01-09,2025,1,1,January,2,4,Thursday,false,22,22:00,60,false,0,3,wind_offshore,Wind offshore,renewable,true,3,3668.25,3668.25,reported,actual_generation_de_2024_2025,8118719a1cd35b8bac2f3933ca90094fc3fdbe4eaf8b653e88e4097514ae2f64
2025-01-09T21:00:00+00:00,2025-01-09T22:00:00+00:00,20250109,2025-01-09,2025,1,1,January,2,4,Thursday,false,22,22:00,60,false,0,4,wind_onshore,Wind onshore,renewable,true,4,25433.50,25433.50,reported,actual_generation_de_2024_2025,8118719a1cd35b8bac2f3933ca90094fc3fdbe4eaf8b653e88e4097514ae2f64
2025-01-09T21:00:00+00:00,2025-01-09T22:00:00+00:00,20250109,2025-01-09,2025,1,1,January,2,4,Thursday,false,22,22:00,60,false,0,5,solar_photovoltaic,Solar photovoltaic,renewable,true,5,7.25,7.25,reported,actual_generation_de_2024_2025,8118719a1cd35b8bac2f3933ca90094fc3fdbe4eaf8b653e88e4097514ae2f64
2025-01-09T21:00:00+00:00,2025-01-09T22:00:00+00:00,20250109,2025-01-09,2025,1,1,January,2,4,Thursday,false,22,22:00,60,false,0,6,other_renewable,Other renewable,renewable,true,6,131.40,131.40,reported,actual_generation_de_2024_2025,8118719a1cd35b8bac2f3933ca90094fc3fdbe4eaf8b653e88e4097514ae2f64
2025-01-09T21:00:00+00:00,2025-01-09T22:00:00+00:00,20250109,2025-01-09,2025,1,1,January,2,4,Thursday,false,22,22:00,60,false,0,7,nuclear,Nuclear,conventional,false,7,,,unavailable,actual_generation_de_2024_2025,8118719a1cd35b8bac2f3933ca90094fc3fdbe4eaf8b653e88e4097514ae2f64
2025-01-09T21:00:00+00:00,2025-01-09T22:00:00+00:00,20250109,2025-01-09,2025,1,1,January,2,4,Thursday,false,22,22:00,60,false,0,8,lignite,Lignite,conventional,false,8,10270.00,10270.00,reported,actual_generation_de_2024_2025,8118719a1cd35b8bac2f3933ca90094fc3fdbe4eaf8b653e88e4097514ae2f64
2025-01-09T21:00:00+00:00,2025-01-09T22:00:00+00:00,20250109,2025-01-09,2025,1,1,January,2,4,Thursday,false,22,22:00,60,false,0,9,hard_coal,Hard coal,conventional,false,9,6400.50,6400.50,reported,actual_generation_de_2024_2025,8118719a1cd35b8bac2f3933ca90094fc3fdbe4eaf8b653e88e4097514ae2f64
2025-01-09T21:00:00+00:00,2025-01-09T22:00:00+00:00,20250109,2025-01-09,2025,1,1,January,2,4,Thursday,false,22,22:00,60,false,0,10,fossil_gas,Fossil gas,conventional,false,10,8507.00,8507.00,reported,actual_generation_de_2024_2025,8118719a1cd35b8bac2f3933ca90094fc3fdbe4eaf8b653e88e4097514ae2f64
2025-01-09T21:00:00+00:00,2025-01-09T22:00:00+00:00,20250109,2025-01-09,2025,1,1,January,2,4,Thursday,false,22,22:00,60,false,0,11,hydro_pumped_storage,Hydro pumped storage,storage,false,11,249.50,249.50,reported,actual_generation_de_2024_2025,8118719a1cd35b8bac2f3933ca90094fc3fdbe4eaf8b653e88e4097514ae2f64
2025-01-09T21:00:00+00:00,2025-01-09T22:00:00+00:00,20250109,2025-01-09,2025,1,1,January,2,4,Thursday,false,22,22:00,60,false,0,12,other_conventional,Other conventional,conventional,false,12,1832.25,1832.25,reported,actual_generation_de_2024_2025,8118719a1cd35b8bac2f3933ca90094fc3fdbe4eaf8b653e88e4097514ae2f64
2025-01-09T22:00:00+00:00,2025-01-09T23:00:00+00:00,20250109,2025-01-09,2025,1,1,January,2,4,Thursday,false,23,23:00,60,false,0,1,biomass,Biomass,renewable,true,1,4126.50,4126.50,reported,actual_generation_de_2024_2025,8118719a1cd35b8bac2f3933ca90094fc3fdbe4eaf8b653e88e4097514ae2f64
2025-01-09T22:00:00+00:00,2025-01-09T23:00:00+00:00,20250109,2025-01-09,2025,1,1,January,2,4,Thursday,false,23,23:00,60,false,0,2,hydropower,Hydropower,renewable,true,2,1662.00,1662.00,reported,actual_generation_de_2024_2025,8118719a1cd35b8bac2f3933ca90094fc3fdbe4eaf8b653e88e4097514ae2f64
2025-01-09T22:00:00+00:00,2025-01-09T23:00:00+00:00,20250109,2025-01-09,2025,1,1,January,2,4,Thursday,false,23,23:00,60,false,0,3,wind_offshore,Wind offshore,renewable,true,3,3663.50,3663.50,reported,actual_generation_de_2024_2025,8118719a1cd35b8bac2f3933ca90094fc3fdbe4eaf8b653e88e4097514ae2f64
2025-01-09T22:00:00+00:00,2025-01-09T23:00:00+00:00,20250109,2025-01-09,2025,1,1,January,2,4,Thursday,false,23,23:00,60,false,0,4,wind_onshore,Wind onshore,renewable,true,4,26105.00,26105.00,reported,actual_generation_de_2024_2025,8118719a1cd35b8bac2f3933ca90094fc3fdbe4eaf8b653e88e4097514ae2f64
2025-01-09T22:00:00+00:00,2025-01-09T23:00:00+00:00,20250109,2025-01-09,2025,1,1,January,2,4,Thursday,false,23,23:00,60,false,0,5,solar_photovoltaic,Solar photovoltaic,renewable,true,5,7.50,7.50,reported,actual_generation_de_2024_2025,8118719a1cd35b8bac2f3933ca90094fc3fdbe4eaf8b653e88e4097514ae2f64
2025-01-09T22:00:00+00:00,2025-01-09T23:00:00+00:00,20250109,2025-01-09,2025,1,1,January,2,4,Thursday,false,23,23:00,60,false,0,6,other_renewable,Other renewable,renewable,true,6,133.01,133.01,reported,actual_generation_de_2024_2025,8118719a1cd35b8bac2f3933ca90094fc3fdbe4eaf8b653e88e4097514ae2f64
2025-01-09T22:00:00+00:00,2025-01-09T23:00:00+00:00,20250109,2025-01-09,2025,1,1,January,2,4,Thursday,false,23,23:00,60,false,0,7,nuclear,Nuclear,conventional,false,7,,,unavailable,actual_generation_de_2024_2025,8118719a1cd35b8bac2f3933ca90094fc3fdbe4eaf8b653e88e4097514ae2f64
2025-01-09T22:00:00+00:00,2025-01-09T23:00:00+00:00,20250109,2025-01-09,2025,1,1,January,2,4,Thursday,false,23,23:00,60,false,0,8,lignite,Lignite,conventional,false,8,10151.50,10151.50,reported,actual_generation_de_2024_2025,8118719a1cd35b8bac2f3933ca90094fc3fdbe4eaf8b653e88e4097514ae2f64
2025-01-09T22:00:00+00:00,2025-01-09T23:00:00+00:00,20250109,2025-01-09,2025,1,1,January,2,4,Thursday,false,23,23:00,60,false,0,9,hard_coal,Hard coal,conventional,false,9,5971.75,5971.75,reported,actual_generation_de_2024_2025,8118719a1cd35b8bac2f3933ca90094fc3fdbe4eaf8b653e88e4097514ae2f64
2025-01-09T22:00:00+00:00,2025-01-09T23:00:00+00:00,20250109,2025-01-09,2025,1,1,January,2,4,Thursday,false,23,23:00,60,false,0,10,fossil_gas,Fossil gas,conventional,false,10,7508.50,7508.50,reported,actual_generation_de_2024_2025,8118719a1cd35b8bac2f3933ca90094fc3fdbe4eaf8b653e88e4097514ae2f64
2025-01-09T22:00:00+00:00,2025-01-09T23:00:00+00:00,20250109,2025-01-09,2025,1,1,January,2,4,Thursday,false,23,23:00,60,false,0,11,hydro_pumped_storage,Hydro pumped storage,storage,false,11,175.25,175.25,reported,actual_generation_de_2024_2025,8118719a1cd35b8bac2f3933ca90094fc3fdbe4eaf8b653e88e4097514ae2f64
2025-01-09T22:00:00+00:00,2025-01-09T23:00:00+00:00,20250109,2025-01-09,2025,1,1,January,2,4,Thursday,false,23,23:00,60,false,0,12,other_conventional,Other conventional,conventional,false,12,1835.50,1835.50,reported,actual_generation_de_2024_2025,8118719a1cd35b8bac2f3933ca90094fc3fdbe4eaf8b653e88e4097514ae2f64
2025-01-09T23:00:00+00:00,2025-01-10T00:00:00+00:00,20250110,2025-01-10,2025,1,1,January,2,5,Friday,false,0,00:00,60,false,0,1,biomass,Biomass,renewable,true,1,4026.25,4026.25,reported,actual_generation_de_2024_2025,8118719a1cd35b8bac2f3933ca90094fc3fdbe4eaf8b653e88e4097514ae2f64
2025-01-09T23:00:00+00:00,2025-01-10T00:00:00+00:00,20250110,2025-01-10,2025,1,1,January,2,5,Friday,false,0,00:00,60,false,0,2,hydropower,Hydropower,renewable,true,2,1647.50,1647.50,reported,actual_generation_de_2024_2025,8118719a1cd35b8bac2f3933ca90094fc3fdbe4eaf8b653e88e4097514ae2f64
2025-01-09T23:00:00+00:00,2025-01-10T00:00:00+00:00,20250110,2025-01-10,2025,1,1,January,2,5,Friday,false,0,00:00,60,false,0,3,wind_offshore,Wind offshore,renewable,true,3,4198.75,4198.75,reported,actual_generation_de_2024_2025,8118719a1cd35b8bac2f3933ca90094fc3fdbe4eaf8b653e88e4097514ae2f64
2025-01-09T23:00:00+00:00,2025-01-10T00:00:00+00:00,20250110,2025-01-10,2025,1,1,January,2,5,Friday,false,0,00:00,60,false,0,4,wind_onshore,Wind onshore,renewable,true,4,26933.25,26933.25,reported,actual_generation_de_2024_2025,8118719a1cd35b8bac2f3933ca90094fc3fdbe4eaf8b653e88e4097514ae2f64
2025-01-09T23:00:00+00:00,2025-01-10T00:00:00+00:00,20250110,2025-01-10,2025,1,1,January,2,5,Friday,false,0,00:00,60,false,0,5,solar_photovoltaic,Solar photovoltaic,renewable,true,5,14.25,14.25,reported,actual_generation_de_2024_2025,8118719a1cd35b8bac2f3933ca90094fc3fdbe4eaf8b653e88e4097514ae2f64
2025-01-09T23:00:00+00:00,2025-01-10T00:00:00+00:00,20250110,2025-01-10,2025,1,1,January,2,5,Friday,false,0,00:00,60,false,0,6,other_renewable,Other renewable,renewable,true,6,132.45,132.45,reported,actual_generation_de_2024_2025,8118719a1cd35b8bac2f3933ca90094fc3fdbe4eaf8b653e88e4097514ae2f64
2025-01-09T23:00:00+00:00,2025-01-10T00:00:00+00:00,20250110,2025-01-10,2025,1,1,January,2,5,Friday,false,0,00:00,60,false,0,7,nuclear,Nuclear,conventional,false,7,,,unavailable,actual_generation_de_2024_2025,8118719a1cd35b8bac2f3933ca90094fc3fdbe4eaf8b653e88e4097514ae2f64
2025-01-09T23:00:00+00:00,2025-01-10T00:00:00+00:00,20250110,2025-01-10,2025,1,1,January,2,5,Friday,false,0,00:00,60,false,0,8,lignite,Lignite,conventional,false,8,9240.50,9240.50,reported,actual_generation_de_2024_2025,8118719a1cd35b8bac2f3933ca90094fc3fdbe4eaf8b653e88e4097514ae2f64
2025-01-09T23:00:00+00:00,2025-01-10T00:00:00+00:00,20250110,2025-01-10,2025,1,1,January,2,5,Friday,false,0,00:00,60,false,0,9,hard_coal,Hard coal,conventional,false,9,4865.00,4865.00,reported,actual_generation_de_2024_2025,8118719a1cd35b8bac2f3933ca90094fc3fdbe4eaf8b653e88e4097514ae2f64
2025-01-09T23:00:00+00:00,2025-01-10T00:00:00+00:00,20250110,2025-01-10,2025,1,1,January,2,5,Friday,false,0,00:00,60,false,0,10,fossil_gas,Fossil gas,conventional,false,10,6756.25,6756.25,reported,actual_generation_de_2024_2025,8118719a1cd35b8bac2f3933ca90094fc3fdbe4eaf8b653e88e4097514ae2f64
2025-01-09T23:00:00+00:00,2025-01-10T00:00:00+00:00,20250110,2025-01-10,2025,1,1,January,2,5,Friday,false,0,00:00,60,false,0,11,hydro_pumped_storage,Hydro pumped storage,storage,false,11,28.00,28.00,reported,actual_generation_de_2024_2025,8118719a1cd35b8bac2f3933ca90094fc3fdbe4eaf8b653e88e4097514ae2f64
2025-01-09T23:00:00+00:00,2025-01-10T00:00:00+00:00,20250110,2025-01-10,2025,1,1,January,2,5,Friday,false,0,00:00,60,false,0,12,other_conventional,Other conventional,conventional,false,12,1852.00,1852.00,reported,actual_generation_de_2024_2025,8118719a1cd35b8bac2f3933ca90094fc3fdbe4eaf8b653e88e4097514ae2f64
2025-01-10T00:00:00+00:00,2025-01-10T01:00:00+00:00,20250110,2025-01-10,2025,1,1,January,2,5,Friday,false,1,01:00,60,false,0,1,biomass,Biomass,renewable,true,1,3993.75,3993.75,reported,actual_generation_de_2024_2025,8118719a1cd35b8bac2f3933ca90094fc3fdbe4eaf8b653e88e4097514ae2f64
2025-01-10T00:00:00+00:00,2025-01-10T01:00:00+00:00,20250110,2025-01-10,2025,1,1,January,2,5,Friday,false,1,01:00,60,false,0,2,hydropower,Hydropower,renewable,true,2,1640.00,1640.00,reported,actual_generation_de_2024_2025,8118719a1cd35b8bac2f3933ca90094fc3fdbe4eaf8b653e88e4097514ae2f64
2025-01-10T00:00:00+00:00,2025-01-10T01:00:00+00:00,20250110,2025-01-10,2025,1,1,January,2,5,Friday,false,1,01:00,60,false,0,3,wind_offshore,Wind offshore,renewable,true,3,5083.25,5083.25,reported,actual_generation_de_2024_2025,8118719a1cd35b8bac2f3933ca90094fc3fdbe4eaf8b653e88e4097514ae2f64
2025-01-10T00:00:00+00:00,2025-01-10T01:00:00+00:00,20250110,2025-01-10,2025,1,1,January,2,5,Friday,false,1,01:00,60,false,0,4,wind_onshore,Wind onshore,renewable,true,4,27186.00,27186.00,reported,actual_generation_de_2024_2025,8118719a1cd35b8bac2f3933ca90094fc3fdbe4eaf8b653e88e4097514ae2f64
2025-01-10T00:00:00+00:00,2025-01-10T01:00:00+00:00,20250110,2025-01-10,2025,1,1,January,2,5,Friday,false,1,01:00,60,false,0,5,solar_photovoltaic,Solar photovoltaic,renewable,true,5,7.00,7.00,reported,actual_generation_de_2024_2025,8118719a1cd35b8bac2f3933ca90094fc3fdbe4eaf8b653e88e4097514ae2f64
2025-01-10T00:00:00+00:00,2025-01-10T01:00:00+00:00,20250110,2025-01-10,2025,1,1,January,2,5,Friday,false,1,01:00,60,false,0,6,other_renewable,Other renewable,renewable,true,6,132.88,132.88,reported,actual_generation_de_2024_2025,8118719a1cd35b8bac2f3933ca90094fc3fdbe4eaf8b653e88e4097514ae2f64
2025-01-10T00:00:00+00:00,2025-01-10T01:00:00+00:00,20250110,2025-01-10,2025,1,1,January,2,5,Friday,false,1,01:00,60,false,0,7,nuclear,Nuclear,conventional,false,7,,,unavailable,actual_generation_de_2024_2025,8118719a1cd35b8bac2f3933ca90094fc3fdbe4eaf8b653e88e4097514ae2f64
2025-01-10T00:00:00+00:00,2025-01-10T01:00:00+00:00,20250110,2025-01-10,2025,1,1,January,2,5,Friday,false,1,01:00,60,false,0,8,lignite,Lignite,conventional,false,8,8141.50,8141.50,reported,actual_generation_de_2024_2025,8118719a1cd35b8bac2f3933ca90094fc3fdbe4eaf8b653e88e4097514ae2f64
2025-01-10T00:00:00+00:00,2025-01-10T01:00:00+00:00,20250110,2025-01-10,2025,1,1,January,2,5,Friday,false,1,01:00,60,false,0,9,hard_coal,Hard coal,conventional,false,9,4761.75,4761.75,reported,actual_generation_de_2024_2025,8118719a1cd35b8bac2f3933ca90094fc3fdbe4eaf8b653e88e4097514ae2f64
2025-01-10T00:00:00+00:00,2025-01-10T01:00:00+00:00,20250110,2025-01-10,2025,1,1,January,2,5,Friday,false,1,01:00,60,false,0,10,fossil_gas,Fossil gas,conventional,false,10,6528.50,6528.50,reported,actual_generation_de_2024_2025,8118719a1cd35b8bac2f3933ca90094fc3fdbe4eaf8b653e88e4097514ae2f64
2025-01-10T00:00:00+00:00,2025-01-10T01:00:00+00:00,20250110,2025-01-10,2025,1,1,January,2,5,Friday,false,1,01:00,60,false,0,11,hydro_pumped_storage,Hydro pumped storage,storage,false,11,52.75,52.75,reported,actual_generation_de_2024_2025,8118719a1cd35b8bac2f3933ca90094fc3fdbe4eaf8b653e88e4097514ae2f64
2025-01-10T00:00:00+00:00,2025-01-10T01:00:00+00:00,20250110,2025-01-10,2025,1,1,January,2,5,Friday,false,1,01:00,60,false,0,12,other_conventional,Other conventional,conventional,false,12,1737.50,1737.50,reported,actual_generation_de_2024_2025,8118719a1cd35b8bac2f3933ca90094fc3fdbe4eaf8b653e88e4097514ae2f64
2025-01-10T01:00:00+00:00,2025-01-10T02:00:00+00:00,20250110,2025-01-10,2025,1,1,January,2,5,Friday,false,2,02:00,60,false,0,1,biomass,Biomass,renewable,true,1,3998.75,3998.75,reported,actual_generation_de_2024_2025,8118719a1cd35b8bac2f3933ca90094fc3fdbe4eaf8b653e88e4097514ae2f64
2025-01-10T01:00:00+00:00,2025-01-10T02:00:00+00:00,20250110,2025-01-10,2025,1,1,January,2,5,Friday,false,2,02:00,60,false,0,2,hydropower,Hydropower,renewable,true,2,1657.00,1657.00,reported,actual_generation_de_2024_2025,8118719a1cd35b8bac2f3933ca90094fc3fdbe4eaf8b653e88e4097514ae2f64
2025-01-10T01:00:00+00:00,2025-01-10T02:00:00+00:00,20250110,2025-01-10,2025,1,1,January,2,5,Friday,false,2,02:00,60,false,0,3,wind_offshore,Wind offshore,renewable,true,3,5523.00,5523.00,reported,actual_generation_de_2024_2025,8118719a1cd35b8bac2f3933ca90094fc3fdbe4eaf8b653e88e4097514ae2f64
2025-01-10T01:00:00+00:00,2025-01-10T02:00:00+00:00,20250110,2025-01-10,2025,1,1,January,2,5,Friday,false,2,02:00,60,false,0,4,wind_onshore,Wind onshore,renewable,true,4,27141.75,27141.75,reported,actual_generation_de_2024_2025,8118719a1cd35b8bac2f3933ca90094fc3fdbe4eaf8b653e88e4097514ae2f64
2025-01-10T01:00:00+00:00,2025-01-10T02:00:00+00:00,20250110,2025-01-10,2025,1,1,January,2,5,Friday,false,2,02:00,60,false,0,5,solar_photovoltaic,Solar photovoltaic,renewable,true,5,6.75,6.75,reported,actual_generation_de_2024_2025,8118719a1cd35b8bac2f3933ca90094fc3fdbe4eaf8b653e88e4097514ae2f64
2025-01-10T01:00:00+00:00,2025-01-10T02:00:00+00:00,20250110,2025-01-10,2025,1,1,January,2,5,Friday,false,2,02:00,60,false,0,6,other_renewable,Other renewable,renewable,true,6,133.50,133.50,reported,actual_generation_de_2024_2025,8118719a1cd35b8bac2f3933ca90094fc3fdbe4eaf8b653e88e4097514ae2f64
2025-01-10T01:00:00+00:00,2025-01-10T02:00:00+00:00,20250110,2025-01-10,2025,1,1,January,2,5,Friday,false,2,02:00,60,false,0,7,nuclear,Nuclear,conventional,false,7,,,unavailable,actual_generation_de_2024_2025,8118719a1cd35b8bac2f3933ca90094fc3fdbe4eaf8b653e88e4097514ae2f64
2025-01-10T01:00:00+00:00,2025-01-10T02:00:00+00:00,20250110,2025-01-10,2025,1,1,January,2,5,Friday,false,2,02:00,60,false,0,8,lignite,Lignite,conventional,false,8,7561.00,7561.00,reported,actual_generation_de_2024_2025,8118719a1cd35b8bac2f3933ca90094fc3fdbe4eaf8b653e88e4097514ae2f64
2025-01-10T01:00:00+00:00,2025-01-10T02:00:00+00:00,20250110,2025-01-10,2025,1,1,January,2,5,Friday,false,2,02:00,60,false,0,9,hard_coal,Hard coal,conventional,false,9,4402.25,4402.25,reported,actual_generation_de_2024_2025,8118719a1cd35b8bac2f3933ca90094fc3fdbe4eaf8b653e88e4097514ae2f64
2025-01-10T01:00:00+00:00,2025-01-10T02:00:00+00:00,20250110,2025-01-10,2025,1,1,January,2,5,Friday,false,2,02:00,60,false,0,10,fossil_gas,Fossil gas,conventional,false,10,6336.75,6336.75,reported,actual_generation_de_2024_2025,8118719a1cd35b8bac2f3933ca90094fc3fdbe4eaf8b653e88e4097514ae2f64
2025-01-10T01:00:00+00:00,2025-01-10T02:00:00+00:00,20250110,2025-01-10,2025,1,1,January,2,5,Friday,false,2,02:00,60,false,0,11,hydro_pumped_storage,Hydro pumped storage,storage,false,11,0.25,0.25,reported,actual_generation_de_2024_2025,8118719a1cd35b8bac2f3933ca90094fc3fdbe4eaf8b653e88e4097514ae2f64
2025-01-10T01:00:00+00:00,2025-01-10T02:00:00+00:00,20250110,2025-01-10,2025,1,1,January,2,5,Friday,false,2,02:00,60,false,0,12,other_conventional,Other conventional,conventional,false,12,1712.25,1712.25,reported,actual_generation_de_2024_2025,8118719a1cd35b8bac2f3933ca90094fc3fdbe4eaf8b653e88e4097514ae2f64
2025-01-10T02:00:00+00:00,2025-01-10T03:00:00+00:00,20250110,2025-01-10,2025,1,1,January,2,5,Friday,false,3,03:00,60,false,0,1,biomass,Biomass,renewable,true,1,3966.75,3966.75,reported,actual_generation_de_2024_2025,8118719a1cd35b8bac2f3933ca90094fc3fdbe4eaf8b653e88e4097514ae2f64
2025-01-10T02:00:00+00:00,2025-01-10T03:00:00+00:00,20250110,2025-01-10,2025,1,1,January,2,5,Friday,false,3,03:00,60,false,0,2,hydropower,Hydropower,renewable,true,2,1664.75,1664.75,reported,actual_generation_de_2024_2025,8118719a1cd35b8bac2f3933ca90094fc3fdbe4eaf8b653e88e4097514ae2f64
2025-01-10T02:00:00+00:00,2025-01-10T03:00:00+00:00,20250110,2025-01-10,2025,1,1,January,2,5,Friday,false,3,03:00,60,false,0,3,wind_offshore,Wind offshore,renewable,true,3,5363.50,5363.50,reported,actual_generation_de_2024_2025,8118719a1cd35b8bac2f3933ca90094fc3fdbe4eaf8b653e88e4097514ae2f64
2025-01-10T02:00:00+00:00,2025-01-10T03:00:00+00:00,20250110,2025-01-10,2025,1,1,January,2,5,Friday,false,3,03:00,60,false,0,4,wind_onshore,Wind onshore,renewable,true,4,26763.25,26763.25,reported,actual_generation_de_2024_2025,8118719a1cd35b8bac2f3933ca90094fc3fdbe4eaf8b653e88e4097514ae2f64
2025-01-10T02:00:00+00:00,2025-01-10T03:00:00+00:00,20250110,2025-01-10,2025,1,1,January,2,5,Friday,false,3,03:00,60,false,0,5,solar_photovoltaic,Solar photovoltaic,renewable,true,5,6.25,6.25,reported,actual_generation_de_2024_2025,8118719a1cd35b8bac2f3933ca90094fc3fdbe4eaf8b653e88e4097514ae2f64
2025-01-10T02:00:00+00:00,2025-01-10T03:00:00+00:00,20250110,2025-01-10,2025,1,1,January,2,5,Friday,false,3,03:00,60,false,0,6,other_renewable,Other renewable,renewable,true,6,133.98,133.98,reported,actual_generation_de_2024_2025,8118719a1cd35b8bac2f3933ca90094fc3fdbe4eaf8b653e88e4097514ae2f64
2025-01-10T02:00:00+00:00,2025-01-10T03:00:00+00:00,20250110,2025-01-10,2025,1,1,January,2,5,Friday,false,3,03:00,60,false,0,7,nuclear,Nuclear,conventional,false,7,,,unavailable,actual_generation_de_2024_2025,8118719a1cd35b8bac2f3933ca90094fc3fdbe4eaf8b653e88e4097514ae2f64
2025-01-10T02:00:00+00:00,2025-01-10T03:00:00+00:00,20250110,2025-01-10,2025,1,1,January,2,5,Friday,false,3,03:00,60,false,0,8,lignite,Lignite,conventional,false,8,6886.50,6886.50,reported,actual_generation_de_2024_2025,8118719a1cd35b8bac2f3933ca90094fc3fdbe4eaf8b653e88e4097514ae2f64
2025-01-10T02:00:00+00:00,2025-01-10T03:00:00+00:00,20250110,2025-01-10,2025,1,1,January,2,5,Friday,false,3,03:00,60,false,0,9,hard_coal,Hard coal,conventional,false,9,4237.75,4237.75,reported,actual_generation_de_2024_2025,8118719a1cd35b8bac2f3933ca90094fc3fdbe4eaf8b653e88e4097514ae2f64
2025-01-10T02:00:00+00:00,2025-01-10T03:00:00+00:00,20250110,2025-01-10,2025,1,1,January,2,5,Friday,false,3,03:00,60,false,0,10,fossil_gas,Fossil gas,conventional,false,10,6434.75,6434.75,reported,actual_generation_de_2024_2025,8118719a1cd35b8bac2f3933ca90094fc3fdbe4eaf8b653e88e4097514ae2f64
2025-01-10T02:00:00+00:00,2025-01-10T03:00:00+00:00,20250110,2025-01-10,2025,1,1,January,2,5,Friday,false,3,03:00,60,false,0,11,hydro_pumped_storage,Hydro pumped storage,storage,false,11,3.25,3.25,reported,actual_generation_de_2024_2025,8118719a1cd35b8bac2f3933ca90094fc3fdbe4eaf8b653e88e4097514ae2f64
2025-01-10T02:00:00+00:00,2025-01-10T03:00:00+00:00,20250110,2025-01-10,2025,1,1,January,2,5,Friday,false,3,03:00,60,false,0,12,other_conventional,Other conventional,conventional,false,12,1722.00,1722.00,reported,actual_generation_de_2024_2025,8118719a1cd35b8bac2f3933ca90094fc3fdbe4eaf8b653e88e4097514ae2f64
2025-01-10T03:00:00+00:00,2025-01-10T04:00:00+00:00,20250110,2025-01-10,2025,1,1,January,2,5,Friday,false,4,04:00,60,false,0,1,biomass,Biomass,renewable,true,1,4020.25,4020.25,reported,actual_generation_de_2024_2025,8118719a1cd35b8bac2f3933ca90094fc3fdbe4eaf8b653e88e4097514ae2f64
2025-01-10T03:00:00+00:00,2025-01-10T04:00:00+00:00,20250110,2025-01-10,2025,1,1,January,2,5,Friday,false,4,04:00,60,false,0,2,hydropower,Hydropower,renewable,true,2,1692.75,1692.75,reported,actual_generation_de_2024_2025,8118719a1cd35b8bac2f3933ca90094fc3fdbe4eaf8b653e88e4097514ae2f64
2025-01-10T03:00:00+00:00,2025-01-10T04:00:00+00:00,20250110,2025-01-10,2025,1,1,January,2,5,Friday,false,4,04:00,60,false,0,3,wind_offshore,Wind offshore,renewable,true,3,5295.25,5295.25,reported,actual_generation_de_2024_2025,8118719a1cd35b8bac2f3933ca90094fc3fdbe4eaf8b653e88e4097514ae2f64
2025-01-10T03:00:00+00:00,2025-01-10T04:00:00+00:00,20250110,2025-01-10,2025,1,1,January,2,5,Friday,false,4,04:00,60,false,0,4,wind_onshore,Wind onshore,renewable,true,4,25887.00,25887.00,reported,actual_generation_de_2024_2025,8118719a1cd35b8bac2f3933ca90094fc3fdbe4eaf8b653e88e4097514ae2f64
2025-01-10T03:00:00+00:00,2025-01-10T04:00:00+00:00,20250110,2025-01-10,2025,1,1,January,2,5,Friday,false,4,04:00,60,false,0,5,solar_photovoltaic,Solar photovoltaic,renewable,true,5,6.50,6.50,reported,actual_generation_de_2024_2025,8118719a1cd35b8bac2f3933ca90094fc3fdbe4eaf8b653e88e4097514ae2f64
2025-01-10T03:00:00+00:00,2025-01-10T04:00:00+00:00,20250110,2025-01-10,2025,1,1,January,2,5,Friday,false,4,04:00,60,false,0,6,other_renewable,Other renewable,renewable,true,6,133.77,133.77,reported,actual_generation_de_2024_2025,8118719a1cd35b8bac2f3933ca90094fc3fdbe4eaf8b653e88e4097514ae2f64
2025-01-10T03:00:00+00:00,2025-01-10T04:00:00+00:00,20250110,2025-01-10,2025,1,1,January,2,5,Friday,false,4,04:00,60,false,0,7,nuclear,Nuclear,conventional,false,7,,,unavailable,actual_generation_de_2024_2025,8118719a1cd35b8bac2f3933ca90094fc3fdbe4eaf8b653e88e4097514ae2f64
2025-01-10T03:00:00+00:00,2025-01-10T04:00:00+00:00,20250110,2025-01-10,2025,1,1,January,2,5,Friday,false,4,04:00,60,false,0,8,lignite,Lignite,conventional,false,8,7614.00,7614.00,reported,actual_generation_de_2024_2025,8118719a1cd35b8bac2f3933ca90094fc3fdbe4eaf8b653e88e4097514ae2f64
2025-01-10T03:00:00+00:00,2025-01-10T04:00:00+00:00,20250110,2025-01-10,2025,1,1,January,2,5,Friday,false,4,04:00,60,false,0,9,hard_coal,Hard coal,conventional,false,9,4816.00,4816.00,reported,actual_generation_de_2024_2025,8118719a1cd35b8bac2f3933ca90094fc3fdbe4eaf8b653e88e4097514ae2f64
2025-01-10T03:00:00+00:00,2025-01-10T04:00:00+00:00,20250110,2025-01-10,2025,1,1,January,2,5,Friday,false,4,04:00,60,false,0,10,fossil_gas,Fossil gas,conventional,false,10,6788.50,6788.50,reported,actual_generation_de_2024_2025,8118719a1cd35b8bac2f3933ca90094fc3fdbe4eaf8b653e88e4097514ae2f64
2025-01-10T03:00:00+00:00,2025-01-10T04:00:00+00:00,20250110,2025-01-10,2025,1,1,January,2,5,Friday,false,4,04:00,60,false,0,11,hydro_pumped_storage,Hydro pumped storage,storage,false,11,10.75,10.75,reported,actual_generation_de_2024_2025,8118719a1cd35b8bac2f3933ca90094fc3fdbe4eaf8b653e88e4097514ae2f64
2025-01-10T03:00:00+00:00,2025-01-10T04:00:00+00:00,20250110,2025-01-10,2025,1,1,January,2,5,Friday,false,4,04:00,60,false,0,12,other_conventional,Other conventional,conventional,false,12,1725.50,1725.50,reported,actual_generation_de_2024_2025,8118719a1cd35b8bac2f3933ca90094fc3fdbe4eaf8b653e88e4097514ae2f64
2025-01-10T04:00:00+00:00,2025-01-10T05:00:00+00:00,20250110,2025-01-10,2025,1,1,January,2,5,Friday,false,5,05:00,60,false,0,1,biomass,Biomass,renewable,true,1,4078.00,4078.00,reported,actual_generation_de_2024_2025,8118719a1cd35b8bac2f3933ca90094fc3fdbe4eaf8b653e88e4097514ae2f64
2025-01-10T04:00:00+00:00,2025-01-10T05:00:00+00:00,20250110,2025-01-10,2025,1,1,January,2,5,Friday,false,5,05:00,60,false,0,2,hydropower,Hydropower,renewable,true,2,1682.75,1682.75,reported,actual_generation_de_2024_2025,8118719a1cd35b8bac2f3933ca90094fc3fdbe4eaf8b653e88e4097514ae2f64
2025-01-10T04:00:00+00:00,2025-01-10T05:00:00+00:00,20250110,2025-01-10,2025,1,1,January,2,5,Friday,false,5,05:00,60,false,0,3,wind_offshore,Wind offshore,renewable,true,3,5014.25,5014.25,reported,actual_generation_de_2024_2025,8118719a1cd35b8bac2f3933ca90094fc3fdbe4eaf8b653e88e4097514ae2f64
2025-01-10T04:00:00+00:00,2025-01-10T05:00:00+00:00,20250110,2025-01-10,2025,1,1,January,2,5,Friday,false,5,05:00,60,false,0,4,wind_onshore,Wind onshore,renewable,true,4,25314.00,25314.00,reported,actual_generation_de_2024_2025,8118719a1cd35b8bac2f3933ca90094fc3fdbe4eaf8b653e88e4097514ae2f64
2025-01-10T04:00:00+00:00,2025-01-10T05:00:00+00:00,20250110,2025-01-10,2025,1,1,January,2,5,Friday,false,5,05:00,60,false,0,5,solar_photovoltaic,Solar photovoltaic,renewable,true,5,6.50,6.50,reported,actual_generation_de_2024_2025,8118719a1cd35b8bac2f3933ca90094fc3fdbe4eaf8b653e88e4097514ae2f64
2025-01-10T04:00:00+00:00,2025-01-10T05:00:00+00:00,20250110,2025-01-10,2025,1,1,January,2,5,Friday,false,5,05:00,60,false,0,6,other_renewable,Other renewable,renewable,true,6,132.95,132.95,reported,actual_generation_de_2024_2025,8118719a1cd35b8bac2f3933ca90094fc3fdbe4eaf8b653e88e4097514ae2f64
2025-01-10T04:00:00+00:00,2025-01-10T05:00:00+00:00,20250110,2025-01-10,2025,1,1,January,2,5,Friday,false,5,05:00,60,false,0,7,nuclear,Nuclear,conventional,false,7,,,unavailable,actual_generation_de_2024_2025,8118719a1cd35b8bac2f3933ca90094fc3fdbe4eaf8b653e88e4097514ae2f64
2025-01-10T04:00:00+00:00,2025-01-10T05:00:00+00:00,20250110,2025-01-10,2025,1,1,January,2,5,Friday,false,5,05:00,60,false,0,8,lignite,Lignite,conventional,false,8,8590.00,8590.00,reported,actual_generation_de_2024_2025,8118719a1cd35b8bac2f3933ca90094fc3fdbe4eaf8b653e88e4097514ae2f64
2025-01-10T04:00:00+00:00,2025-01-10T05:00:00+00:00,20250110,2025-01-10,2025,1,1,January,2,5,Friday,false,5,05:00,60,false,0,9,hard_coal,Hard coal,conventional,false,9,5464.50,5464.50,reported,actual_generation_de_2024_2025,8118719a1cd35b8bac2f3933ca90094fc3fdbe4eaf8b653e88e4097514ae2f64
2025-01-10T04:00:00+00:00,2025-01-10T05:00:00+00:00,20250110,2025-01-10,2025,1,1,January,2,5,Friday,false,5,05:00,60,false,0,10,fossil_gas,Fossil gas,conventional,false,10,7280.25,7280.25,reported,actual_generation_de_2024_2025,8118719a1cd35b8bac2f3933ca90094fc3fdbe4eaf8b653e88e4097514ae2f64
2025-01-10T04:00:00+00:00,2025-01-10T05:00:00+00:00,20250110,2025-01-10,2025,1,1,January,2,5,Friday,false,5,05:00,60,false,0,11,hydro_pumped_storage,Hydro pumped storage,storage,false,11,2.50,2.50,reported,actual_generation_de_2024_2025,8118719a1cd35b8bac2f3933ca90094fc3fdbe4eaf8b653e88e4097514ae2f64
2025-01-10T04:00:00+00:00,2025-01-10T05:00:00+00:00,20250110,2025-01-10,2025,1,1,January,2,5,Friday,false,5,05:00,60,false,0,12,other_conventional,Other conventional,conventional,false,12,1709.00,1709.00,reported,actual_generation_de_2024_2025,8118719a1cd35b8bac2f3933ca90094fc3fdbe4eaf8b653e88e4097514ae2f64
2025-01-10T05:00:00+00:00,2025-01-10T06:00:00+00:00,20250110,2025-01-10,2025,1,1,January,2,5,Friday,false,6,06:00,60,false,0,1,biomass,Biomass,renewable,true,1,4235.50,4235.50,reported,actual_generation_de_2024_2025,8118719a1cd35b8bac2f3933ca90094fc3fdbe4eaf8b653e88e4097514ae2f64
2025-01-10T05:00:00+00:00,2025-01-10T06:00:00+00:00,20250110,2025-01-10,2025,1,1,January,2,5,Friday,false,6,06:00,60,false,0,2,hydropower,Hydropower,renewable,true,2,1892.50,1892.50,reported,actual_generation_de_2024_2025,8118719a1cd35b8bac2f3933ca90094fc3fdbe4eaf8b653e88e4097514ae2f64
2025-01-10T05:00:00+00:00,2025-01-10T06:00:00+00:00,20250110,2025-01-10,2025,1,1,January,2,5,Friday,false,6,06:00,60,false,0,3,wind_offshore,Wind offshore,renewable,true,3,5172.75,5172.75,reported,actual_generation_de_2024_2025,8118719a1cd35b8bac2f3933ca90094fc3fdbe4eaf8b653e88e4097514ae2f64
2025-01-10T05:00:00+00:00,2025-01-10T06:00:00+00:00,20250110,2025-01-10,2025,1,1,January,2,5,Friday,false,6,06:00,60,false,0,4,wind_onshore,Wind onshore,renewable,true,4,25554.00,25554.00,reported,actual_generation_de_2024_2025,8118719a1cd35b8bac2f3933ca90094fc3fdbe4eaf8b653e88e4097514ae2f64
2025-01-10T05:00:00+00:00,2025-01-10T06:00:00+00:00,20250110,2025-01-10,2025,1,1,January,2,5,Friday,false,6,06:00,60,false,0,5,solar_photovoltaic,Solar photovoltaic,renewable,true,5,6.75,6.75,reported,actual_generation_de_2024_2025,8118719a1cd35b8bac2f3933ca90094fc3fdbe4eaf8b653e88e4097514ae2f64
2025-01-10T05:00:00+00:00,2025-01-10T06:00:00+00:00,20250110,2025-01-10,2025,1,1,January,2,5,Friday,false,6,06:00,60,false,0,6,other_renewable,Other renewable,renewable,true,6,133.52,133.52,reported,actual_generation_de_2024_2025,8118719a1cd35b8bac2f3933ca90094fc3fdbe4eaf8b653e88e4097514ae2f64
2025-01-10T05:00:00+00:00,2025-01-10T06:00:00+00:00,20250110,2025-01-10,2025,1,1,January,2,5,Friday,false,6,06:00,60,false,0,7,nuclear,Nuclear,conventional,false,7,,,unavailable,actual_generation_de_2024_2025,8118719a1cd35b8bac2f3933ca90094fc3fdbe4eaf8b653e88e4097514ae2f64
2025-01-10T05:00:00+00:00,2025-01-10T06:00:00+00:00,20250110,2025-01-10,2025,1,1,January,2,5,Friday,false,6,06:00,60,false,0,8,lignite,Lignite,conventional,false,8,10600.00,10600.00,reported,actual_generation_de_2024_2025,8118719a1cd35b8bac2f3933ca90094fc3fdbe4eaf8b653e88e4097514ae2f64
2025-01-10T05:00:00+00:00,2025-01-10T06:00:00+00:00,20250110,2025-01-10,2025,1,1,January,2,5,Friday,false,6,06:00,60,false,0,9,hard_coal,Hard coal,conventional,false,9,5755.00,5755.00,reported,actual_generation_de_2024_2025,8118719a1cd35b8bac2f3933ca90094fc3fdbe4eaf8b653e88e4097514ae2f64
2025-01-10T05:00:00+00:00,2025-01-10T06:00:00+00:00,20250110,2025-01-10,2025,1,1,January,2,5,Friday,false,6,06:00,60,false,0,10,fossil_gas,Fossil gas,conventional,false,10,8914.25,8914.25,reported,actual_generation_de_2024_2025,8118719a1cd35b8bac2f3933ca90094fc3fdbe4eaf8b653e88e4097514ae2f64
2025-01-10T05:00:00+00:00,2025-01-10T06:00:00+00:00,20250110,2025-01-10,2025,1,1,January,2,5,Friday,false,6,06:00,60,false,0,11,hydro_pumped_storage,Hydro pumped storage,storage,false,11,439.25,439.25,reported,actual_generation_de_2024_2025,8118719a1cd35b8bac2f3933ca90094fc3fdbe4eaf8b653e88e4097514ae2f64
2025-01-10T05:00:00+00:00,2025-01-10T06:00:00+00:00,20250110,2025-01-10,2025,1,1,January,2,5,Friday,false,6,06:00,60,false,0,12,other_conventional,Other conventional,conventional,false,12,1705.50,1705.50,reported,actual_generation_de_2024_2025,8118719a1cd35b8bac2f3933ca90094fc3fdbe4eaf8b653e88e4097514ae2f64
2025-01-10T06:00:00+00:00,2025-01-10T07:00:00+00:00,20250110,2025-01-10,2025,1,1,January,2,5,Friday,false,7,07:00,60,false,0,1,biomass,Biomass,renewable,true,1,4509.50,4509.50,reported,actual_generation_de_2024_2025,8118719a1cd35b8bac2f3933ca90094fc3fdbe4eaf8b653e88e4097514ae2f64
2025-01-10T06:00:00+00:00,2025-01-10T07:00:00+00:00,20250110,2025-01-10,2025,1,1,January,2,5,Friday,false,7,07:00,60,false,0,2,hydropower,Hydropower,renewable,true,2,1973.00,1973.00,reported,actual_generation_de_2024_2025,8118719a1cd35b8bac2f3933ca90094fc3fdbe4eaf8b653e88e4097514ae2f64
2025-01-10T06:00:00+00:00,2025-01-10T07:00:00+00:00,20250110,2025-01-10,2025,1,1,January,2,5,Friday,false,7,07:00,60,false,0,3,wind_offshore,Wind offshore,renewable,true,3,4977.50,4977.50,reported,actual_generation_de_2024_2025,8118719a1cd35b8bac2f3933ca90094fc3fdbe4eaf8b653e88e4097514ae2f64
2025-01-10T06:00:00+00:00,2025-01-10T07:00:00+00:00,20250110,2025-01-10,2025,1,1,January,2,5,Friday,false,7,07:00,60,false,0,4,wind_onshore,Wind onshore,renewable,true,4,24416.25,24416.25,reported,actual_generation_de_2024_2025,8118719a1cd35b8bac2f3933ca90094fc3fdbe4eaf8b653e88e4097514ae2f64
2025-01-10T06:00:00+00:00,2025-01-10T07:00:00+00:00,20250110,2025-01-10,2025,1,1,January,2,5,Friday,false,7,07:00,60,false,0,5,solar_photovoltaic,Solar photovoltaic,renewable,true,5,8.25,8.25,reported,actual_generation_de_2024_2025,8118719a1cd35b8bac2f3933ca90094fc3fdbe4eaf8b653e88e4097514ae2f64
2025-01-10T06:00:00+00:00,2025-01-10T07:00:00+00:00,20250110,2025-01-10,2025,1,1,January,2,5,Friday,false,7,07:00,60,false,0,6,other_renewable,Other renewable,renewable,true,6,133.72,133.72,reported,actual_generation_de_2024_2025,8118719a1cd35b8bac2f3933ca90094fc3fdbe4eaf8b653e88e4097514ae2f64
2025-01-10T06:00:00+00:00,2025-01-10T07:00:00+00:00,20250110,2025-01-10,2025,1,1,January,2,5,Friday,false,7,07:00,60,false,0,7,nuclear,Nuclear,conventional,false,7,,,unavailable,actual_generation_de_2024_2025,8118719a1cd35b8bac2f3933ca90094fc3fdbe4eaf8b653e88e4097514ae2f64
2025-01-10T06:00:00+00:00,2025-01-10T07:00:00+00:00,20250110,2025-01-10,2025,1,1,January,2,5,Friday,false,7,07:00,60,false,0,8,lignite,Lignite,conventional,false,8,11601.25,11601.25,reported,actual_generation_de_2024_2025,8118719a1cd35b8bac2f3933ca90094fc3fdbe4eaf8b653e88e4097514ae2f64
2025-01-10T06:00:00+00:00,2025-01-10T07:00:00+00:00,20250110,2025-01-10,2025,1,1,January,2,5,Friday,false,7,07:00,60,false,0,9,hard_coal,Hard coal,conventional,false,9,5928.75,5928.75,reported,actual_generation_de_2024_2025,8118719a1cd35b8bac2f3933ca90094fc3fdbe4eaf8b653e88e4097514ae2f64
2025-01-10T06:00:00+00:00,2025-01-10T07:00:00+00:00,20250110,2025-01-10,2025,1,1,January,2,5,Friday,false,7,07:00,60,false,0,10,fossil_gas,Fossil gas,conventional,false,10,10434.75,10434.75,reported,actual_generation_de_2024_2025,8118719a1cd35b8bac2f3933ca90094fc3fdbe4eaf8b653e88e4097514ae2f64
2025-01-10T06:00:00+00:00,2025-01-10T07:00:00+00:00,20250110,2025-01-10,2025,1,1,January,2,5,Friday,false,7,07:00,60,false,0,11,hydro_pumped_storage,Hydro pumped storage,storage,false,11,844.50,844.50,reported,actual_generation_de_2024_2025,8118719a1cd35b8bac2f3933ca90094fc3fdbe4eaf8b653e88e4097514ae2f64
2025-01-10T06:00:00+00:00,2025-01-10T07:00:00+00:00,20250110,2025-01-10,2025,1,1,January,2,5,Friday,false,7,07:00,60,false,0,12,other_conventional,Other conventional,conventional,false,12,1777.50,1777.50,reported,actual_generation_de_2024_2025,8118719a1cd35b8bac2f3933ca90094fc3fdbe4eaf8b653e88e4097514ae2f64
2025-01-10T07:00:00+00:00,2025-01-10T08:00:00+00:00,20250110,2025-01-10,2025,1,1,January,2,5,Friday,false,8,08:00,60,false,0,1,biomass,Biomass,renewable,true,1,4694.25,4694.25,reported,actual_generation_de_2024_2025,8118719a1cd35b8bac2f3933ca90094fc3fdbe4eaf8b653e88e4097514ae2f64
2025-01-10T07:00:00+00:00,2025-01-10T08:00:00+00:00,20250110,2025-01-10,2025,1,1,January,2,5,Friday,false,8,08:00,60,false,0,2,hydropower,Hydropower,renewable,true,2,2206.25,2206.25,reported,actual_generation_de_2024_2025,8118719a1cd35b8bac2f3933ca90094fc3fdbe4eaf8b653e88e4097514ae2f64
2025-01-10T07:00:00+00:00,2025-01-10T08:00:00+00:00,20250110,2025-01-10,2025,1,1,January,2,5,Friday,false,8,08:00,60,false,0,3,wind_offshore,Wind offshore,renewable,true,3,5140.50,5140.50,reported,actual_generation_de_2024_2025,8118719a1cd35b8bac2f3933ca90094fc3fdbe4eaf8b653e88e4097514ae2f64
2025-01-10T07:00:00+00:00,2025-01-10T08:00:00+00:00,20250110,2025-01-10,2025,1,1,January,2,5,Friday,false,8,08:00,60,false,0,4,wind_onshore,Wind onshore,renewable,true,4,23164.75,23164.75,reported,actual_generation_de_2024_2025,8118719a1cd35b8bac2f3933ca90094fc3fdbe4eaf8b653e88e4097514ae2f64
2025-01-10T07:00:00+00:00,2025-01-10T08:00:00+00:00,20250110,2025-01-10,2025,1,1,January,2,5,Friday,false,8,08:00,60,false,0,5,solar_photovoltaic,Solar photovoltaic,renewable,true,5,341.75,341.75,reported,actual_generation_de_2024_2025,8118719a1cd35b8bac2f3933ca90094fc3fdbe4eaf8b653e88e4097514ae2f64
2025-01-10T07:00:00+00:00,2025-01-10T08:00:00+00:00,20250110,2025-01-10,2025,1,1,January,2,5,Friday,false,8,08:00,60,false,0,6,other_renewable,Other renewable,renewable,true,6,133.64,133.64,reported,actual_generation_de_2024_2025,8118719a1cd35b8bac2f3933ca90094fc3fdbe4eaf8b653e88e4097514ae2f64
2025-01-10T07:00:00+00:00,2025-01-10T08:00:00+00:00,20250110,2025-01-10,2025,1,1,January,2,5,Friday,false,8,08:00,60,false,0,7,nuclear,Nuclear,conventional,false,7,,,unavailable,actual_generation_de_2024_2025,8118719a1cd35b8bac2f3933ca90094fc3fdbe4eaf8b653e88e4097514ae2f64
2025-01-10T07:00:00+00:00,2025-01-10T08:00:00+00:00,20250110,2025-01-10,2025,1,1,January,2,5,Friday,false,8,08:00,60,false,0,8,lignite,Lignite,conventional,false,8,11566.75,11566.75,reported,actual_generation_de_2024_2025,8118719a1cd35b8bac2f3933ca90094fc3fdbe4eaf8b653e88e4097514ae2f64
2025-01-10T07:00:00+00:00,2025-01-10T08:00:00+00:00,20250110,2025-01-10,2025,1,1,January,2,5,Friday,false,8,08:00,60,false,0,9,hard_coal,Hard coal,conventional,false,9,6000.00,6000.00,reported,actual_generation_de_2024_2025,8118719a1cd35b8bac2f3933ca90094fc3fdbe4eaf8b653e88e4097514ae2f64
2025-01-10T07:00:00+00:00,2025-01-10T08:00:00+00:00,20250110,2025-01-10,2025,1,1,January,2,5,Friday,false,8,08:00,60,false,0,10,fossil_gas,Fossil gas,conventional,false,10,11148.50,11148.50,reported,actual_generation_de_2024_2025,8118719a1cd35b8bac2f3933ca90094fc3fdbe4eaf8b653e88e4097514ae2f64
2025-01-10T07:00:00+00:00,2025-01-10T08:00:00+00:00,20250110,2025-01-10,2025,1,1,January,2,5,Friday,false,8,08:00,60,false,0,11,hydro_pumped_storage,Hydro pumped storage,storage,false,11,3625.75,3625.75,reported,actual_generation_de_2024_2025,8118719a1cd35b8bac2f3933ca90094fc3fdbe4eaf8b653e88e4097514ae2f64
2025-01-10T07:00:00+00:00,2025-01-10T08:00:00+00:00,20250110,2025-01-10,2025,1,1,January,2,5,Friday,false,8,08:00,60,false,0,12,other_conventional,Other conventional,conventional,false,12,1787.00,1787.00,reported,actual_generation_de_2024_2025,8118719a1cd35b8bac2f3933ca90094fc3fdbe4eaf8b653e88e4097514ae2f64
2025-01-10T08:00:00+00:00,2025-01-10T09:00:00+00:00,20250110,2025-01-10,2025,1,1,January,2,5,Friday,false,9,09:00,60,false,0,1,biomass,Biomass,renewable,true,1,4667.25,4667.25,reported,actual_generation_de_2024_2025,8118719a1cd35b8bac2f3933ca90094fc3fdbe4eaf8b653e88e4097514ae2f64
2025-01-10T08:00:00+00:00,2025-01-10T09:00:00+00:00,20250110,2025-01-10,2025,1,1,January,2,5,Friday,false,9,09:00,60,false,0,2,hydropower,Hydropower,renewable,true,2,2181.50,2181.50,reported,actual_generation_de_2024_2025,8118719a1cd35b8bac2f3933ca90094fc3fdbe4eaf8b653e88e4097514ae2f64
2025-01-10T08:00:00+00:00,2025-01-10T09:00:00+00:00,20250110,2025-01-10,2025,1,1,January,2,5,Friday,false,9,09:00,60,false,0,3,wind_offshore,Wind offshore,renewable,true,3,4586.00,4586.00,reported,actual_generation_de_2024_2025,8118719a1cd35b8bac2f3933ca90094fc3fdbe4eaf8b653e88e4097514ae2f64
2025-01-10T08:00:00+00:00,2025-01-10T09:00:00+00:00,20250110,2025-01-10,2025,1,1,January,2,5,Friday,false,9,09:00,60,false,0,4,wind_onshore,Wind onshore,renewable,true,4,22270.00,22270.00,reported,actual_generation_de_2024_2025,8118719a1cd35b8bac2f3933ca90094fc3fdbe4eaf8b653e88e4097514ae2f64
2025-01-10T08:00:00+00:00,2025-01-10T09:00:00+00:00,20250110,2025-01-10,2025,1,1,January,2,5,Friday,false,9,09:00,60,false,0,5,solar_photovoltaic,Solar photovoltaic,renewable,true,5,2382.25,2382.25,reported,actual_generation_de_2024_2025,8118719a1cd35b8bac2f3933ca90094fc3fdbe4eaf8b653e88e4097514ae2f64
2025-01-10T08:00:00+00:00,2025-01-10T09:00:00+00:00,20250110,2025-01-10,2025,1,1,January,2,5,Friday,false,9,09:00,60,false,0,6,other_renewable,Other renewable,renewable,true,6,134.58,134.58,reported,actual_generation_de_2024_2025,8118719a1cd35b8bac2f3933ca90094fc3fdbe4eaf8b653e88e4097514ae2f64
2025-01-10T08:00:00+00:00,2025-01-10T09:00:00+00:00,20250110,2025-01-10,2025,1,1,January,2,5,Friday,false,9,09:00,60,false,0,7,nuclear,Nuclear,conventional,false,7,,,unavailable,actual_generation_de_2024_2025,8118719a1cd35b8bac2f3933ca90094fc3fdbe4eaf8b653e88e4097514ae2f64
2025-01-10T08:00:00+00:00,2025-01-10T09:00:00+00:00,20250110,2025-01-10,2025,1,1,January,2,5,Friday,false,9,09:00,60,false,0,8,lignite,Lignite,conventional,false,8,11455.25,11455.25,reported,actual_generation_de_2024_2025,8118719a1cd35b8bac2f3933ca90094fc3fdbe4eaf8b653e88e4097514ae2f64
2025-01-10T08:00:00+00:00,2025-01-10T09:00:00+00:00,20250110,2025-01-10,2025,1,1,January,2,5,Friday,false,9,09:00,60,false,0,9,hard_coal,Hard coal,conventional,false,9,6186.75,6186.75,reported,actual_generation_de_2024_2025,8118719a1cd35b8bac2f3933ca90094fc3fdbe4eaf8b653e88e4097514ae2f64
2025-01-10T08:00:00+00:00,2025-01-10T09:00:00+00:00,20250110,2025-01-10,2025,1,1,January,2,5,Friday,false,9,09:00,60,false,0,10,fossil_gas,Fossil gas,conventional,false,10,11273.00,11273.00,reported,actual_generation_de_2024_2025,8118719a1cd35b8bac2f3933ca90094fc3fdbe4eaf8b653e88e4097514ae2f64
2025-01-10T08:00:00+00:00,2025-01-10T09:00:00+00:00,20250110,2025-01-10,2025,1,1,January,2,5,Friday,false,9,09:00,60,false,0,11,hydro_pumped_storage,Hydro pumped storage,storage,false,11,3314.50,3314.50,reported,actual_generation_de_2024_2025,8118719a1cd35b8bac2f3933ca90094fc3fdbe4eaf8b653e88e4097514ae2f64
2025-01-10T08:00:00+00:00,2025-01-10T09:00:00+00:00,20250110,2025-01-10,2025,1,1,January,2,5,Friday,false,9,09:00,60,false,0,12,other_conventional,Other conventional,conventional,false,12,1748.50,1748.50,reported,actual_generation_de_2024_2025,8118719a1cd35b8bac2f3933ca90094fc3fdbe4eaf8b653e88e4097514ae2f64
2025-01-10T09:00:00+00:00,2025-01-10T10:00:00+00:00,20250110,2025-01-10,2025,1,1,January,2,5,Friday,false,10,10:00,60,false,0,1,biomass,Biomass,renewable,true,1,4516.50,4516.50,reported,actual_generation_de_2024_2025,8118719a1cd35b8bac2f3933ca90094fc3fdbe4eaf8b653e88e4097514ae2f64
2025-01-10T09:00:00+00:00,2025-01-10T10:00:00+00:00,20250110,2025-01-10,2025,1,1,January,2,5,Friday,false,10,10:00,60,false,0,2,hydropower,Hydropower,renewable,true,2,1838.25,1838.25,reported,actual_generation_de_2024_2025,8118719a1cd35b8bac2f3933ca90094fc3fdbe4eaf8b653e88e4097514ae2f64
2025-01-10T09:00:00+00:00,2025-01-10T10:00:00+00:00,20250110,2025-01-10,2025,1,1,January,2,5,Friday,false,10,10:00,60,false,0,3,wind_offshore,Wind offshore,renewable,true,3,4388.50,4388.50,reported,actual_generation_de_2024_2025,8118719a1cd35b8bac2f3933ca90094fc3fdbe4eaf8b653e88e4097514ae2f64
2025-01-10T09:00:00+00:00,2025-01-10T10:00:00+00:00,20250110,2025-01-10,2025,1,1,January,2,5,Friday,false,10,10:00,60,false,0,4,wind_onshore,Wind onshore,renewable,true,4,21584.25,21584.25,reported,actual_generation_de_2024_2025,8118719a1cd35b8bac2f3933ca90094fc3fdbe4eaf8b653e88e4097514ae2f64
2025-01-10T09:00:00+00:00,2025-01-10T10:00:00+00:00,20250110,2025-01-10,2025,1,1,January,2,5,Friday,false,10,10:00,60,false,0,5,solar_photovoltaic,Solar photovoltaic,renewable,true,5,5140.25,5140.25,reported,actual_generation_de_2024_2025,8118719a1cd35b8bac2f3933ca90094fc3fdbe4eaf8b653e88e4097514ae2f64
2025-01-10T09:00:00+00:00,2025-01-10T10:00:00+00:00,20250110,2025-01-10,2025,1,1,January,2,5,Friday,false,10,10:00,60,false,0,6,other_renewable,Other renewable,renewable,true,6,131.47,131.47,reported,actual_generation_de_2024_2025,8118719a1cd35b8bac2f3933ca90094fc3fdbe4eaf8b653e88e4097514ae2f64
2025-01-10T09:00:00+00:00,2025-01-10T10:00:00+00:00,20250110,2025-01-10,2025,1,1,January,2,5,Friday,false,10,10:00,60,false,0,7,nuclear,Nuclear,conventional,false,7,,,unavailable,actual_generation_de_2024_2025,8118719a1cd35b8bac2f3933ca90094fc3fdbe4eaf8b653e88e4097514ae2f64
2025-01-10T09:00:00+00:00,2025-01-10T10:00:00+00:00,20250110,2025-01-10,2025,1,1,January,2,5,Friday,false,10,10:00,60,false,0,8,lignite,Lignite,conventional,false,8,11397.75,11397.75,reported,actual_generation_de_2024_2025,8118719a1cd35b8bac2f3933ca90094fc3fdbe4eaf8b653e88e4097514ae2f64
2025-01-10T09:00:00+00:00,2025-01-10T10:00:00+00:00,20250110,2025-01-10,2025,1,1,January,2,5,Friday,false,10,10:00,60,false,0,9,hard_coal,Hard coal,conventional,false,9,6228.25,6228.25,reported,actual_generation_de_2024_2025,8118719a1cd35b8bac2f3933ca90094fc3fdbe4eaf8b653e88e4097514ae2f64
2025-01-10T09:00:00+00:00,2025-01-10T10:00:00+00:00,20250110,2025-01-10,2025,1,1,January,2,5,Friday,false,10,10:00,60,false,0,10,fossil_gas,Fossil gas,conventional,false,10,10930.50,10930.50,reported,actual_generation_de_2024_2025,8118719a1cd35b8bac2f3933ca90094fc3fdbe4eaf8b653e88e4097514ae2f64
2025-01-10T09:00:00+00:00,2025-01-10T10:00:00+00:00,20250110,2025-01-10,2025,1,1,January,2,5,Friday,false,10,10:00,60,false,0,11,hydro_pumped_storage,Hydro pumped storage,storage,false,11,803.25,803.25,reported,actual_generation_de_2024_2025,8118719a1cd35b8bac2f3933ca90094fc3fdbe4eaf8b653e88e4097514ae2f64
2025-01-10T09:00:00+00:00,2025-01-10T10:00:00+00:00,20250110,2025-01-10,2025,1,1,January,2,5,Friday,false,10,10:00,60,false,0,12,other_conventional,Other conventional,conventional,false,12,1782.75,1782.75,reported,actual_generation_de_2024_2025,8118719a1cd35b8bac2f3933ca90094fc3fdbe4eaf8b653e88e4097514ae2f64
2025-01-10T10:00:00+00:00,2025-01-10T11:00:00+00:00,20250110,2025-01-10,2025,1,1,January,2,5,Friday,false,11,11:00,60,false,0,1,biomass,Biomass,renewable,true,1,4399.75,4399.75,reported,actual_generation_de_2024_2025,8118719a1cd35b8bac2f3933ca90094fc3fdbe4eaf8b653e88e4097514ae2f64
2025-01-10T10:00:00+00:00,2025-01-10T11:00:00+00:00,20250110,2025-01-10,2025,1,1,January,2,5,Friday,false,11,11:00,60,false,0,2,hydropower,Hydropower,renewable,true,2,1781.75,1781.75,reported,actual_generation_de_2024_2025,8118719a1cd35b8bac2f3933ca90094fc3fdbe4eaf8b653e88e4097514ae2f64
2025-01-10T10:00:00+00:00,2025-01-10T11:00:00+00:00,20250110,2025-01-10,2025,1,1,January,2,5,Friday,false,11,11:00,60,false,0,3,wind_offshore,Wind offshore,renewable,true,3,3095.50,3095.50,reported,actual_generation_de_2024_2025,8118719a1cd35b8bac2f3933ca90094fc3fdbe4eaf8b653e88e4097514ae2f64
2025-01-10T10:00:00+00:00,2025-01-10T11:00:00+00:00,20250110,2025-01-10,2025,1,1,January,2,5,Friday,false,11,11:00,60,false,0,4,wind_onshore,Wind onshore,renewable,true,4,21303.50,21303.50,reported,actual_generation_de_2024_2025,8118719a1cd35b8bac2f3933ca90094fc3fdbe4eaf8b653e88e4097514ae2f64
2025-01-10T10:00:00+00:00,2025-01-10T11:00:00+00:00,20250110,2025-01-10,2025,1,1,January,2,5,Friday,false,11,11:00,60,false,0,5,solar_photovoltaic,Solar photovoltaic,renewable,true,5,7394.50,7394.50,reported,actual_generation_de_2024_2025,8118719a1cd35b8bac2f3933ca90094fc3fdbe4eaf8b653e88e4097514ae2f64
2025-01-10T10:00:00+00:00,2025-01-10T11:00:00+00:00,20250110,2025-01-10,2025,1,1,January,2,5,Friday,false,11,11:00,60,false,0,6,other_renewable,Other renewable,renewable,true,6,129.31,129.31,reported,actual_generation_de_2024_2025,8118719a1cd35b8bac2f3933ca90094fc3fdbe4eaf8b653e88e4097514ae2f64
2025-01-10T10:00:00+00:00,2025-01-10T11:00:00+00:00,20250110,2025-01-10,2025,1,1,January,2,5,Friday,false,11,11:00,60,false,0,7,nuclear,Nuclear,conventional,false,7,,,unavailable,actual_generation_de_2024_2025,8118719a1cd35b8bac2f3933ca90094fc3fdbe4eaf8b653e88e4097514ae2f64
2025-01-10T10:00:00+00:00,2025-01-10T11:00:00+00:00,20250110,2025-01-10,2025,1,1,January,2,5,Friday,false,11,11:00,60,false,0,8,lignite,Lignite,conventional,false,8,11415.00,11415.00,reported,actual_generation_de_2024_2025,8118719a1cd35b8bac2f3933ca90094fc3fdbe4eaf8b653e88e4097514ae2f64
2025-01-10T10:00:00+00:00,2025-01-10T11:00:00+00:00,20250110,2025-01-10,2025,1,1,January,2,5,Friday,false,11,11:00,60,false,0,9,hard_coal,Hard coal,conventional,false,9,6371.25,6371.25,reported,actual_generation_de_2024_2025,8118719a1cd35b8bac2f3933ca90094fc3fdbe4eaf8b653e88e4097514ae2f64
2025-01-10T10:00:00+00:00,2025-01-10T11:00:00+00:00,20250110,2025-01-10,2025,1,1,January,2,5,Friday,false,11,11:00,60,false,0,10,fossil_gas,Fossil gas,conventional,false,10,10546.75,10546.75,reported,actual_generation_de_2024_2025,8118719a1cd35b8bac2f3933ca90094fc3fdbe4eaf8b653e88e4097514ae2f64
2025-01-10T10:00:00+00:00,2025-01-10T11:00:00+00:00,20250110,2025-01-10,2025,1,1,January,2,5,Friday,false,11,11:00,60,false,0,11,hydro_pumped_storage,Hydro pumped storage,storage,false,11,495.75,495.75,reported,actual_generation_de_2024_2025,8118719a1cd35b8bac2f3933ca90094fc3fdbe4eaf8b653e88e4097514ae2f64
2025-01-10T10:00:00+00:00,2025-01-10T11:00:00+00:00,20250110,2025-01-10,2025,1,1,January,2,5,Friday,false,11,11:00,60,false,0,12,other_conventional,Other conventional,conventional,false,12,1788.75,1788.75,reported,actual_generation_de_2024_2025,8118719a1cd35b8bac2f3933ca90094fc3fdbe4eaf8b653e88e4097514ae2f64
2025-01-10T11:00:00+00:00,2025-01-10T12:00:00+00:00,20250110,2025-01-10,2025,1,1,January,2,5,Friday,false,12,12:00,60,false,0,1,biomass,Biomass,renewable,true,1,4303.75,4303.75,reported,actual_generation_de_2024_2025,8118719a1cd35b8bac2f3933ca90094fc3fdbe4eaf8b653e88e4097514ae2f64
2025-01-10T11:00:00+00:00,2025-01-10T12:00:00+00:00,20250110,2025-01-10,2025,1,1,January,2,5,Friday,false,12,12:00,60,false,0,2,hydropower,Hydropower,renewable,true,2,1762.50,1762.50,reported,actual_generation_de_2024_2025,8118719a1cd35b8bac2f3933ca90094fc3fdbe4eaf8b653e88e4097514ae2f64
2025-01-10T11:00:00+00:00,2025-01-10T12:00:00+00:00,20250110,2025-01-10,2025,1,1,January,2,5,Friday,false,12,12:00,60,false,0,3,wind_offshore,Wind offshore,renewable,true,3,2534.00,2534.00,reported,actual_generation_de_2024_2025,8118719a1cd35b8bac2f3933ca90094fc3fdbe4eaf8b653e88e4097514ae2f64
2025-01-10T11:00:00+00:00,2025-01-10T12:00:00+00:00,20250110,2025-01-10,2025,1,1,January,2,5,Friday,false,12,12:00,60,false,0,4,wind_onshore,Wind onshore,renewable,true,4,20807.50,20807.50,reported,actual_generation_de_2024_2025,8118719a1cd35b8bac2f3933ca90094fc3fdbe4eaf8b653e88e4097514ae2f64
2025-01-10T11:00:00+00:00,2025-01-10T12:00:00+00:00,20250110,2025-01-10,2025,1,1,January,2,5,Friday,false,12,12:00,60,false,0,5,solar_photovoltaic,Solar photovoltaic,renewable,true,5,8688.00,8688.00,reported,actual_generation_de_2024_2025,8118719a1cd35b8bac2f3933ca90094fc3fdbe4eaf8b653e88e4097514ae2f64
2025-01-10T11:00:00+00:00,2025-01-10T12:00:00+00:00,20250110,2025-01-10,2025,1,1,January,2,5,Friday,false,12,12:00,60,false,0,6,other_renewable,Other renewable,renewable,true,6,132.92,132.92,reported,actual_generation_de_2024_2025,8118719a1cd35b8bac2f3933ca90094fc3fdbe4eaf8b653e88e4097514ae2f64
2025-01-10T11:00:00+00:00,2025-01-10T12:00:00+00:00,20250110,2025-01-10,2025,1,1,January,2,5,Friday,false,12,12:00,60,false,0,7,nuclear,Nuclear,conventional,false,7,,,unavailable,actual_generation_de_2024_2025,8118719a1cd35b8bac2f3933ca90094fc3fdbe4eaf8b653e88e4097514ae2f64
2025-01-10T11:00:00+00:00,2025-01-10T12:00:00+00:00,20250110,2025-01-10,2025,1,1,January,2,5,Friday,false,12,12:00,60,false,0,8,lignite,Lignite,conventional,false,8,11280.50,11280.50,reported,actual_generation_de_2024_2025,8118719a1cd35b8bac2f3933ca90094fc3fdbe4eaf8b653e88e4097514ae2f64
2025-01-10T11:00:00+00:00,2025-01-10T12:00:00+00:00,20250110,2025-01-10,2025,1,1,January,2,5,Friday,false,12,12:00,60,false,0,9,hard_coal,Hard coal,conventional,false,9,6454.50,6454.50,reported,actual_generation_de_2024_2025,8118719a1cd35b8bac2f3933ca90094fc3fdbe4eaf8b653e88e4097514ae2f64
2025-01-10T11:00:00+00:00,2025-01-10T12:00:00+00:00,20250110,2025-01-10,2025,1,1,January,2,5,Friday,false,12,12:00,60,false,0,10,fossil_gas,Fossil gas,conventional,false,10,10076.75,10076.75,reported,actual_generation_de_2024_2025,8118719a1cd35b8bac2f3933ca90094fc3fdbe4eaf8b653e88e4097514ae2f64
2025-01-10T11:00:00+00:00,2025-01-10T12:00:00+00:00,20250110,2025-01-10,2025,1,1,January,2,5,Friday,false,12,12:00,60,false,0,11,hydro_pumped_storage,Hydro pumped storage,storage,false,11,187.00,187.00,reported,actual_generation_de_2024_2025,8118719a1cd35b8bac2f3933ca90094fc3fdbe4eaf8b653e88e4097514ae2f64
2025-01-10T11:00:00+00:00,2025-01-10T12:00:00+00:00,20250110,2025-01-10,2025,1,1,January,2,5,Friday,false,12,12:00,60,false,0,12,other_conventional,Other conventional,conventional,false,12,1803.50,1803.50,reported,actual_generation_de_2024_2025,8118719a1cd35b8bac2f3933ca90094fc3fdbe4eaf8b653e88e4097514ae2f64
2025-01-10T12:00:00+00:00,2025-01-10T13:00:00+00:00,20250110,2025-01-10,2025,1,1,January,2,5,Friday,false,13,13:00,60,false,0,1,biomass,Biomass,renewable,true,1,4305.75,4305.75,reported,actual_generation_de_2024_2025,8118719a1cd35b8bac2f3933ca90094fc3fdbe4eaf8b653e88e4097514ae2f64
2025-01-10T12:00:00+00:00,2025-01-10T13:00:00+00:00,20250110,2025-01-10,2025,1,1,January,2,5,Friday,false,13,13:00,60,false,0,2,hydropower,Hydropower,renewable,true,2,1788.00,1788.00,reported,actual_generation_de_2024_2025,8118719a1cd35b8bac2f3933ca90094fc3fdbe4eaf8b653e88e4097514ae2f64
2025-01-10T12:00:00+00:00,2025-01-10T13:00:00+00:00,20250110,2025-01-10,2025,1,1,January,2,5,Friday,false,13,13:00,60,false,0,3,wind_offshore,Wind offshore,renewable,true,3,2792.50,2792.50,reported,actual_generation_de_2024_2025,8118719a1cd35b8bac2f3933ca90094fc3fdbe4eaf8b653e88e4097514ae2f64
2025-01-10T12:00:00+00:00,2025-01-10T13:00:00+00:00,20250110,2025-01-10,2025,1,1,January,2,5,Friday,false,13,13:00,60,false,0,4,wind_onshore,Wind onshore,renewable,true,4,20712.25,20712.25,reported,actual_generation_de_2024_2025,8118719a1cd35b8bac2f3933ca90094fc3fdbe4eaf8b653e88e4097514ae2f64
2025-01-10T12:00:00+00:00,2025-01-10T13:00:00+00:00,20250110,2025-01-10,2025,1,1,January,2,5,Friday,false,13,13:00,60,false,0,5,solar_photovoltaic,Solar photovoltaic,renewable,true,5,8008.25,8008.25,reported,actual_generation_de_2024_2025,8118719a1cd35b8bac2f3933ca90094fc3fdbe4eaf8b653e88e4097514ae2f64
2025-01-10T12:00:00+00:00,2025-01-10T13:00:00+00:00,20250110,2025-01-10,2025,1,1,January,2,5,Friday,false,13,13:00,60,false,0,6,other_renewable,Other renewable,renewable,true,6,134.44,134.44,reported,actual_generation_de_2024_2025,8118719a1cd35b8bac2f3933ca90094fc3fdbe4eaf8b653e88e4097514ae2f64
2025-01-10T12:00:00+00:00,2025-01-10T13:00:00+00:00,20250110,2025-01-10,2025,1,1,January,2,5,Friday,false,13,13:00,60,false,0,7,nuclear,Nuclear,conventional,false,7,,,unavailable,actual_generation_de_2024_2025,8118719a1cd35b8bac2f3933ca90094fc3fdbe4eaf8b653e88e4097514ae2f64
2025-01-10T12:00:00+00:00,2025-01-10T13:00:00+00:00,20250110,2025-01-10,2025,1,1,January,2,5,Friday,false,13,13:00,60,false,0,8,lignite,Lignite,conventional,false,8,11401.50,11401.50,reported,actual_generation_de_2024_2025,8118719a1cd35b8bac2f3933ca90094fc3fdbe4eaf8b653e88e4097514ae2f64
2025-01-10T12:00:00+00:00,2025-01-10T13:00:00+00:00,20250110,2025-01-10,2025,1,1,January,2,5,Friday,false,13,13:00,60,false,0,9,hard_coal,Hard coal,conventional,false,9,5902.75,5902.75,reported,actual_generation_de_2024_2025,8118719a1cd35b8bac2f3933ca90094fc3fdbe4eaf8b653e88e4097514ae2f64
2025-01-10T12:00:00+00:00,2025-01-10T13:00:00+00:00,20250110,2025-01-10,2025,1,1,January,2,5,Friday,false,13,13:00,60,false,0,10,fossil_gas,Fossil gas,conventional,false,10,9596.00,9596.00,reported,actual_generation_de_2024_2025,8118719a1cd35b8bac2f3933ca90094fc3fdbe4eaf8b653e88e4097514ae2f64
2025-01-10T12:00:00+00:00,2025-01-10T13:00:00+00:00,20250110,2025-01-10,2025,1,1,January,2,5,Friday,false,13,13:00,60,false,0,11,hydro_pumped_storage,Hydro pumped storage,storage,false,11,100.00,100.00,reported,actual_generation_de_2024_2025,8118719a1cd35b8bac2f3933ca90094fc3fdbe4eaf8b653e88e4097514ae2f64
2025-01-10T12:00:00+00:00,2025-01-10T13:00:00+00:00,20250110,2025-01-10,2025,1,1,January,2,5,Friday,false,13,13:00,60,false,0,12,other_conventional,Other conventional,conventional,false,12,1801.25,1801.25,reported,actual_generation_de_2024_2025,8118719a1cd35b8bac2f3933ca90094fc3fdbe4eaf8b653e88e4097514ae2f64
2025-01-10T13:00:00+00:00,2025-01-10T14:00:00+00:00,20250110,2025-01-10,2025,1,1,January,2,5,Friday,false,14,14:00,60,false,0,1,biomass,Biomass,renewable,true,1,4356.75,4356.75,reported,actual_generation_de_2024_2025,8118719a1cd35b8bac2f3933ca90094fc3fdbe4eaf8b653e88e4097514ae2f64
2025-01-10T13:00:00+00:00,2025-01-10T14:00:00+00:00,20250110,2025-01-10,2025,1,1,January,2,5,Friday,false,14,14:00,60,false,0,2,hydropower,Hydropower,renewable,true,2,1744.75,1744.75,reported,actual_generation_de_2024_2025,8118719a1cd35b8bac2f3933ca90094fc3fdbe4eaf8b653e88e4097514ae2f64
2025-01-10T13:00:00+00:00,2025-01-10T14:00:00+00:00,20250110,2025-01-10,2025,1,1,January,2,5,Friday,false,14,14:00,60,false,0,3,wind_offshore,Wind offshore,renewable,true,3,3141.50,3141.50,reported,actual_generation_de_2024_2025,8118719a1cd35b8bac2f3933ca90094fc3fdbe4eaf8b653e88e4097514ae2f64
2025-01-10T13:00:00+00:00,2025-01-10T14:00:00+00:00,20250110,2025-01-10,2025,1,1,January,2,5,Friday,false,14,14:00,60,false,0,4,wind_onshore,Wind onshore,renewable,true,4,20047.00,20047.00,reported,actual_generation_de_2024_2025,8118719a1cd35b8bac2f3933ca90094fc3fdbe4eaf8b653e88e4097514ae2f64
2025-01-10T13:00:00+00:00,2025-01-10T14:00:00+00:00,20250110,2025-01-10,2025,1,1,January,2,5,Friday,false,14,14:00,60,false,0,5,solar_photovoltaic,Solar photovoltaic,renewable,true,5,5583.25,5583.25,reported,actual_generation_de_2024_2025,8118719a1cd35b8bac2f3933ca90094fc3fdbe4eaf8b653e88e4097514ae2f64
2025-01-10T13:00:00+00:00,2025-01-10T14:00:00+00:00,20250110,2025-01-10,2025,1,1,January,2,5,Friday,false,14,14:00,60,false,0,6,other_renewable,Other renewable,renewable,true,6,133.46,133.46,reported,actual_generation_de_2024_2025,8118719a1cd35b8bac2f3933ca90094fc3fdbe4eaf8b653e88e4097514ae2f64
2025-01-10T13:00:00+00:00,2025-01-10T14:00:00+00:00,20250110,2025-01-10,2025,1,1,January,2,5,Friday,false,14,14:00,60,false,0,7,nuclear,Nuclear,conventional,false,7,,,unavailable,actual_generation_de_2024_2025,8118719a1cd35b8bac2f3933ca90094fc3fdbe4eaf8b653e88e4097514ae2f64
2025-01-10T13:00:00+00:00,2025-01-10T14:00:00+00:00,20250110,2025-01-10,2025,1,1,January,2,5,Friday,false,14,14:00,60,false,0,8,lignite,Lignite,conventional,false,8,11274.50,11274.50,reported,actual_generation_de_2024_2025,8118719a1cd35b8bac2f3933ca90094fc3fdbe4eaf8b653e88e4097514ae2f64
2025-01-10T13:00:00+00:00,2025-01-10T14:00:00+00:00,20250110,2025-01-10,2025,1,1,January,2,5,Friday,false,14,14:00,60,false,0,9,hard_coal,Hard coal,conventional,false,9,5803.50,5803.50,reported,actual_generation_de_2024_2025,8118719a1cd35b8bac2f3933ca90094fc3fdbe4eaf8b653e88e4097514ae2f64
2025-01-10T13:00:00+00:00,2025-01-10T14:00:00+00:00,20250110,2025-01-10,2025,1,1,January,2,5,Friday,false,14,14:00,60,false,0,10,fossil_gas,Fossil gas,conventional,false,10,10283.50,10283.50,reported,actual_generation_de_2024_2025,8118719a1cd35b8bac2f3933ca90094fc3fdbe4eaf8b653e88e4097514ae2f64
2025-01-10T13:00:00+00:00,2025-01-10T14:00:00+00:00,20250110,2025-01-10,2025,1,1,January,2,5,Friday,false,14,14:00,60,false,0,11,hydro_pumped_storage,Hydro pumped storage,storage,false,11,262.75,262.75,reported,actual_generation_de_2024_2025,8118719a1cd35b8bac2f3933ca90094fc3fdbe4eaf8b653e88e4097514ae2f64
2025-01-10T13:00:00+00:00,2025-01-10T14:00:00+00:00,20250110,2025-01-10,2025,1,1,January,2,5,Friday,false,14,14:00,60,false,0,12,other_conventional,Other conventional,conventional,false,12,1794.50,1794.50,reported,actual_generation_de_2024_2025,8118719a1cd35b8bac2f3933ca90094fc3fdbe4eaf8b653e88e4097514ae2f64
2025-01-10T14:00:00+00:00,2025-01-10T15:00:00+00:00,20250110,2025-01-10,2025,1,1,January,2,5,Friday,false,15,15:00,60,false,0,1,biomass,Biomass,renewable,true,1,4563.00,4563.00,reported,actual_generation_de_2024_2025,8118719a1cd35b8bac2f3933ca90094fc3fdbe4eaf8b653e88e4097514ae2f64
2025-01-10T14:00:00+00:00,2025-01-10T15:00:00+00:00,20250110,2025-01-10,2025,1,1,January,2,5,Friday,false,15,15:00,60,false,0,2,hydropower,Hydropower,renewable,true,2,1902.25,1902.25,reported,actual_generation_de_2024_2025,8118719a1cd35b8bac2f3933ca90094fc3fdbe4eaf8b653e88e4097514ae2f64
2025-01-10T14:00:00+00:00,2025-01-10T15:00:00+00:00,20250110,2025-01-10,2025,1,1,January,2,5,Friday,false,15,15:00,60,false,0,3,wind_offshore,Wind offshore,renewable,true,3,3152.50,3152.50,reported,actual_generation_de_2024_2025,8118719a1cd35b8bac2f3933ca90094fc3fdbe4eaf8b653e88e4097514ae2f64
2025-01-10T14:00:00+00:00,2025-01-10T15:00:00+00:00,20250110,2025-01-10,2025,1,1,January,2,5,Friday,false,15,15:00,60,false,0,4,wind_onshore,Wind onshore,renewable,true,4,19063.25,19063.25,reported,actual_generation_de_2024_2025,8118719a1cd35b8bac2f3933ca90094fc3fdbe4eaf8b653e88e4097514ae2f64
2025-01-10T14:00:00+00:00,2025-01-10T15:00:00+00:00,20250110,2025-01-10,2025,1,1,January,2,5,Friday,false,15,15:00,60,false,0,5,solar_photovoltaic,Solar photovoltaic,renewable,true,5,2398.50,2398.50,reported,actual_generation_de_2024_2025,8118719a1cd35b8bac2f3933ca90094fc3fdbe4eaf8b653e88e4097514ae2f64
2025-01-10T14:00:00+00:00,2025-01-10T15:00:00+00:00,20250110,2025-01-10,2025,1,1,January,2,5,Friday,false,15,15:00,60,false,0,6,other_renewable,Other renewable,renewable,true,6,136.59,136.59,reported,actual_generation_de_2024_2025,8118719a1cd35b8bac2f3933ca90094fc3fdbe4eaf8b653e88e4097514ae2f64
2025-01-10T14:00:00+00:00,2025-01-10T15:00:00+00:00,20250110,2025-01-10,2025,1,1,January,2,5,Friday,false,15,15:00,60,false,0,7,nuclear,Nuclear,conventional,false,7,,,unavailable,actual_generation_de_2024_2025,8118719a1cd35b8bac2f3933ca90094fc3fdbe4eaf8b653e88e4097514ae2f64
2025-01-10T14:00:00+00:00,2025-01-10T15:00:00+00:00,20250110,2025-01-10,2025,1,1,January,2,5,Friday,false,15,15:00,60,false,0,8,lignite,Lignite,conventional,false,8,10809.50,10809.50,reported,actual_generation_de_2024_2025,8118719a1cd35b8bac2f3933ca90094fc3fdbe4eaf8b653e88e4097514ae2f64
2025-01-10T14:00:00+00:00,2025-01-10T15:00:00+00:00,20250110,2025-01-10,2025,1,1,January,2,5,Friday,false,15,15:00,60,false,0,9,hard_coal,Hard coal,conventional,false,9,6188.50,6188.50,reported,actual_generation_de_2024_2025,8118719a1cd35b8bac2f3933ca90094fc3fdbe4eaf8b653e88e4097514ae2f64
2025-01-10T14:00:00+00:00,2025-01-10T15:00:00+00:00,20250110,2025-01-10,2025,1,1,January,2,5,Friday,false,15,15:00,60,false,0,10,fossil_gas,Fossil gas,conventional,false,10,11519.75,11519.75,reported,actual_generation_de_2024_2025,8118719a1cd35b8bac2f3933ca90094fc3fdbe4eaf8b653e88e4097514ae2f64
2025-01-10T14:00:00+00:00,2025-01-10T15:00:00+00:00,20250110,2025-01-10,2025,1,1,January,2,5,Friday,false,15,15:00,60,false,0,11,hydro_pumped_storage,Hydro pumped storage,storage,false,11,656.50,656.50,reported,actual_generation_de_2024_2025,8118719a1cd35b8bac2f3933ca90094fc3fdbe4eaf8b653e88e4097514ae2f64
2025-01-10T14:00:00+00:00,2025-01-10T15:00:00+00:00,20250110,2025-01-10,2025,1,1,January,2,5,Friday,false,15,15:00,60,false,0,12,other_conventional,Other conventional,conventional,false,12,1790.75,1790.75,reported,actual_generation_de_2024_2025,8118719a1cd35b8bac2f3933ca90094fc3fdbe4eaf8b653e88e4097514ae2f64
2025-01-10T15:00:00+00:00,2025-01-10T16:00:00+00:00,20250110,2025-01-10,2025,1,1,January,2,5,Friday,false,16,16:00,60,false,0,1,biomass,Biomass,renewable,true,1,4809.75,4809.75,reported,actual_generation_de_2024_2025,8118719a1cd35b8bac2f3933ca90094fc3fdbe4eaf8b653e88e4097514ae2f64
2025-01-10T15:00:00+00:00,2025-01-10T16:00:00+00:00,20250110,2025-01-10,2025,1,1,January,2,5,Friday,false,16,16:00,60,false,0,2,hydropower,Hydropower,renewable,true,2,1956.50,1956.50,reported,actual_generation_de_2024_2025,8118719a1cd35b8bac2f3933ca90094fc3fdbe4eaf8b653e88e4097514ae2f64
2025-01-10T15:00:00+00:00,2025-01-10T16:00:00+00:00,20250110,2025-01-10,2025,1,1,January,2,5,Friday,false,16,16:00,60,false,0,3,wind_offshore,Wind offshore,renewable,true,3,3421.75,3421.75,reported,actual_generation_de_2024_2025,8118719a1cd35b8bac2f3933ca90094fc3fdbe4eaf8b653e88e4097514ae2f64
2025-01-10T15:00:00+00:00,2025-01-10T16:00:00+00:00,20250110,2025-01-10,2025,1,1,January,2,5,Friday,false,16,16:00,60,false,0,4,wind_onshore,Wind onshore,renewable,true,4,18757.25,18757.25,reported,actual_generation_de_2024_2025,8118719a1cd35b8bac2f3933ca90094fc3fdbe4eaf8b653e88e4097514ae2f64
2025-01-10T15:00:00+00:00,2025-01-10T16:00:00+00:00,20250110,2025-01-10,2025,1,1,January,2,5,Friday,false,16,16:00,60,false,0,5,solar_photovoltaic,Solar photovoltaic,renewable,true,5,248.25,248.25,reported,actual_generation_de_2024_2025,8118719a1cd35b8bac2f3933ca90094fc3fdbe4eaf8b653e88e4097514ae2f64
2025-01-10T15:00:00+00:00,2025-01-10T16:00:00+00:00,20250110,2025-01-10,2025,1,1,January,2,5,Friday,false,16,16:00,60,false,0,6,other_renewable,Other renewable,renewable,true,6,138.30,138.30,reported,actual_generation_de_2024_2025,8118719a1cd35b8bac2f3933ca90094fc3fdbe4eaf8b653e88e4097514ae2f64
2025-01-10T15:00:00+00:00,2025-01-10T16:00:00+00:00,20250110,2025-01-10,2025,1,1,January,2,5,Friday,false,16,16:00,60,false,0,7,nuclear,Nuclear,conventional,false,7,,,unavailable,actual_generation_de_2024_2025,8118719a1cd35b8bac2f3933ca90094fc3fdbe4eaf8b653e88e4097514ae2f64
2025-01-10T15:00:00+00:00,2025-01-10T16:00:00+00:00,20250110,2025-01-10,2025,1,1,January,2,5,Friday,false,16,16:00,60,false,0,8,lignite,Lignite,conventional,false,8,10785.00,10785.00,reported,actual_generation_de_2024_2025,8118719a1cd35b8bac2f3933ca90094fc3fdbe4eaf8b653e88e4097514ae2f64
2025-01-10T15:00:00+00:00,2025-01-10T16:00:00+00:00,20250110,2025-01-10,2025,1,1,January,2,5,Friday,false,16,16:00,60,false,0,9,hard_coal,Hard coal,conventional,false,9,6364.00,6364.00,reported,actual_generation_de_2024_2025,8118719a1cd35b8bac2f3933ca90094fc3fdbe4eaf8b653e88e4097514ae2f64
2025-01-10T15:00:00+00:00,2025-01-10T16:00:00+00:00,20250110,2025-01-10,2025,1,1,January,2,5,Friday,false,16,16:00,60,false,0,10,fossil_gas,Fossil gas,conventional,false,10,12106.25,12106.25,reported,actual_generation_de_2024_2025,8118719a1cd35b8bac2f3933ca90094fc3fdbe4eaf8b653e88e4097514ae2f64
2025-01-10T15:00:00+00:00,2025-01-10T16:00:00+00:00,20250110,2025-01-10,2025,1,1,January,2,5,Friday,false,16,16:00,60,false,0,11,hydro_pumped_storage,Hydro pumped storage,storage,false,11,2923.00,2923.00,reported,actual_generation_de_2024_2025,8118719a1cd35b8bac2f3933ca90094fc3fdbe4eaf8b653e88e4097514ae2f64
2025-01-10T15:00:00+00:00,2025-01-10T16:00:00+00:00,20250110,2025-01-10,2025,1,1,January,2,5,Friday,false,16,16:00,60,false,0,12,other_conventional,Other conventional,conventional,false,12,1799.50,1799.50,reported,actual_generation_de_2024_2025,8118719a1cd35b8bac2f3933ca90094fc3fdbe4eaf8b653e88e4097514ae2f64
2025-01-10T16:00:00+00:00,2025-01-10T17:00:00+00:00,20250110,2025-01-10,2025,1,1,January,2,5,Friday,false,17,17:00,60,false,0,1,biomass,Biomass,renewable,true,1,4907.75,4907.75,reported,actual_generation_de_2024_2025,8118719a1cd35b8bac2f3933ca90094fc3fdbe4eaf8b653e88e4097514ae2f64
2025-01-10T16:00:00+00:00,2025-01-10T17:00:00+00:00,20250110,2025-01-10,2025,1,1,January,2,5,Friday,false,17,17:00,60,false,0,2,hydropower,Hydropower,renewable,true,2,2064.75,2064.75,reported,actual_generation_de_2024_2025,8118719a1cd35b8bac2f3933ca90094fc3fdbe4eaf8b653e88e4097514ae2f64
2025-01-10T16:00:00+00:00,2025-01-10T17:00:00+00:00,20250110,2025-01-10,2025,1,1,January,2,5,Friday,false,17,17:00,60,false,0,3,wind_offshore,Wind offshore,renewable,true,3,3316.50,3316.50,reported,actual_generation_de_2024_2025,8118719a1cd35b8bac2f3933ca90094fc3fdbe4eaf8b653e88e4097514ae2f64
2025-01-10T16:00:00+00:00,2025-01-10T17:00:00+00:00,20250110,2025-01-10,2025,1,1,January,2,5,Friday,false,17,17:00,60,false,0,4,wind_onshore,Wind onshore,renewable,true,4,18832.00,18832.00,reported,actual_generation_de_2024_2025,8118719a1cd35b8bac2f3933ca90094fc3fdbe4eaf8b653e88e4097514ae2f64
2025-01-10T16:00:00+00:00,2025-01-10T17:00:00+00:00,20250110,2025-01-10,2025,1,1,January,2,5,Friday,false,17,17:00,60,false,0,5,solar_photovoltaic,Solar photovoltaic,renewable,true,5,14.00,14.00,reported,actual_generation_de_2024_2025,8118719a1cd35b8bac2f3933ca90094fc3fdbe4eaf8b653e88e4097514ae2f64
2025-01-10T16:00:00+00:00,2025-01-10T17:00:00+00:00,20250110,2025-01-10,2025,1,1,January,2,5,Friday,false,17,17:00,60,false,0,6,other_renewable,Other renewable,renewable,true,6,139.10,139.10,reported,actual_generation_de_2024_2025,8118719a1cd35b8bac2f3933ca90094fc3fdbe4eaf8b653e88e4097514ae2f64
2025-01-10T16:00:00+00:00,2025-01-10T17:00:00+00:00,20250110,2025-01-10,2025,1,1,January,2,5,Friday,false,17,17:00,60,false,0,7,nuclear,Nuclear,conventional,false,7,,,unavailable,actual_generation_de_2024_2025,8118719a1cd35b8bac2f3933ca90094fc3fdbe4eaf8b653e88e4097514ae2f64
2025-01-10T16:00:00+00:00,2025-01-10T17:00:00+00:00,20250110,2025-01-10,2025,1,1,January,2,5,Friday,false,17,17:00,60,false,0,8,lignite,Lignite,conventional,false,8,10609.75,10609.75,reported,actual_generation_de_2024_2025,8118719a1cd35b8bac2f3933ca90094fc3fdbe4eaf8b653e88e4097514ae2f64
2025-01-10T16:00:00+00:00,2025-01-10T17:00:00+00:00,20250110,2025-01-10,2025,1,1,January,2,5,Friday,false,17,17:00,60,false,0,9,hard_coal,Hard coal,conventional,false,9,6447.75,6447.75,reported,actual_generation_de_2024_2025,8118719a1cd35b8bac2f3933ca90094fc3fdbe4eaf8b653e88e4097514ae2f64
2025-01-10T16:00:00+00:00,2025-01-10T17:00:00+00:00,20250110,2025-01-10,2025,1,1,January,2,5,Friday,false,17,17:00,60,false,0,10,fossil_gas,Fossil gas,conventional,false,10,12320.00,12320.00,reported,actual_generation_de_2024_2025,8118719a1cd35b8bac2f3933ca90094fc3fdbe4eaf8b653e88e4097514ae2f64
2025-01-10T16:00:00+00:00,2025-01-10T17:00:00+00:00,20250110,2025-01-10,2025,1,1,January,2,5,Friday,false,17,17:00,60,false,0,11,hydro_pumped_storage,Hydro pumped storage,storage,false,11,4303.00,4303.00,reported,actual_generation_de_2024_2025,8118719a1cd35b8bac2f3933ca90094fc3fdbe4eaf8b653e88e4097514ae2f64
2025-01-10T16:00:00+00:00,2025-01-10T17:00:00+00:00,20250110,2025-01-10,2025,1,1,January,2,5,Friday,false,17,17:00,60,false,0,12,other_conventional,Other conventional,conventional,false,12,1800.25,1800.25,reported,actual_generation_de_2024_2025,8118719a1cd35b8bac2f3933ca90094fc3fdbe4eaf8b653e88e4097514ae2f64
2025-01-10T17:00:00+00:00,2025-01-10T18:00:00+00:00,20250110,2025-01-10,2025,1,1,January,2,5,Friday,false,18,18:00,60,false,0,1,biomass,Biomass,renewable,true,1,4905.25,4905.25,reported,actual_generation_de_2024_2025,8118719a1cd35b8bac2f3933ca90094fc3fdbe4eaf8b653e88e4097514ae2f64
2025-01-10T17:00:00+00:00,2025-01-10T18:00:00+00:00,20250110,2025-01-10,2025,1,1,January,2,5,Friday,false,18,18:00,60,false,0,2,hydropower,Hydropower,renewable,true,2,2012.00,2012.00,reported,actual_generation_de_2024_2025,8118719a1cd35b8bac2f3933ca90094fc3fdbe4eaf8b653e88e4097514ae2f64
2025-01-10T17:00:00+00:00,2025-01-10T18:00:00+00:00,20250110,2025-01-10,2025,1,1,January,2,5,Friday,false,18,18:00,60,false,0,3,wind_offshore,Wind offshore,renewable,true,3,3717.00,3717.00,reported,actual_generation_de_2024_2025,8118719a1cd35b8bac2f3933ca90094fc3fdbe4eaf8b653e88e4097514ae2f64
2025-01-10T17:00:00+00:00,2025-01-10T18:00:00+00:00,20250110,2025-01-10,2025,1,1,January,2,5,Friday,false,18,18:00,60,false,0,4,wind_onshore,Wind onshore,renewable,true,4,18862.25,18862.25,reported,actual_generation_de_2024_2025,8118719a1cd35b8bac2f3933ca90094fc3fdbe4eaf8b653e88e4097514ae2f64
2025-01-10T17:00:00+00:00,2025-01-10T18:00:00+00:00,20250110,2025-01-10,2025,1,1,January,2,5,Friday,false,18,18:00,60,false,0,5,solar_photovoltaic,Solar photovoltaic,renewable,true,5,14.50,14.50,reported,actual_generation_de_2024_2025,8118719a1cd35b8bac2f3933ca90094fc3fdbe4eaf8b653e88e4097514ae2f64
2025-01-10T17:00:00+00:00,2025-01-10T18:00:00+00:00,20250110,2025-01-10,2025,1,1,January,2,5,Friday,false,18,18:00,60,false,0,6,other_renewable,Other renewable,renewable,true,6,139.92,139.92,reported,actual_generation_de_2024_2025,8118719a1cd35b8bac2f3933ca90094fc3fdbe4eaf8b653e88e4097514ae2f64
2025-01-10T17:00:00+00:00,2025-01-10T18:00:00+00:00,20250110,2025-01-10,2025,1,1,January,2,5,Friday,false,18,18:00,60,false,0,7,nuclear,Nuclear,conventional,false,7,,,unavailable,actual_generation_de_2024_2025,8118719a1cd35b8bac2f3933ca90094fc3fdbe4eaf8b653e88e4097514ae2f64
2025-01-10T17:00:00+00:00,2025-01-10T18:00:00+00:00,20250110,2025-01-10,2025,1,1,January,2,5,Friday,false,18,18:00,60,false,0,8,lignite,Lignite,conventional,false,8,10620.00,10620.00,reported,actual_generation_de_2024_2025,8118719a1cd35b8bac2f3933ca90094fc3fdbe4eaf8b653e88e4097514ae2f64
2025-01-10T17:00:00+00:00,2025-01-10T18:00:00+00:00,20250110,2025-01-10,2025,1,1,January,2,5,Friday,false,18,18:00,60,false,0,9,hard_coal,Hard coal,conventional,false,9,6525.75,6525.75,reported,actual_generation_de_2024_2025,8118719a1cd35b8bac2f3933ca90094fc3fdbe4eaf8b653e88e4097514ae2f64
2025-01-10T17:00:00+00:00,2025-01-10T18:00:00+00:00,20250110,2025-01-10,2025,1,1,January,2,5,Friday,false,18,18:00,60,false,0,10,fossil_gas,Fossil gas,conventional,false,10,12189.25,12189.25,reported,actual_generation_de_2024_2025,8118719a1cd35b8bac2f3933ca90094fc3fdbe4eaf8b653e88e4097514ae2f64
2025-01-10T17:00:00+00:00,2025-01-10T18:00:00+00:00,20250110,2025-01-10,2025,1,1,January,2,5,Friday,false,18,18:00,60,false,0,11,hydro_pumped_storage,Hydro pumped storage,storage,false,11,4368.25,4368.25,reported,actual_generation_de_2024_2025,8118719a1cd35b8bac2f3933ca90094fc3fdbe4eaf8b653e88e4097514ae2f64
2025-01-10T17:00:00+00:00,2025-01-10T18:00:00+00:00,20250110,2025-01-10,2025,1,1,January,2,5,Friday,false,18,18:00,60,false,0,12,other_conventional,Other conventional,conventional,false,12,1832.00,1832.00,reported,actual_generation_de_2024_2025,8118719a1cd35b8bac2f3933ca90094fc3fdbe4eaf8b653e88e4097514ae2f64
2025-01-10T18:00:00+00:00,2025-01-10T19:00:00+00:00,20250110,2025-01-10,2025,1,1,January,2,5,Friday,false,19,19:00,60,false,0,1,biomass,Biomass,renewable,true,1,4693.50,4693.50,reported,actual_generation_de_2024_2025,8118719a1cd35b8bac2f3933ca90094fc3fdbe4eaf8b653e88e4097514ae2f64
2025-01-10T18:00:00+00:00,2025-01-10T19:00:00+00:00,20250110,2025-01-10,2025,1,1,January,2,5,Friday,false,19,19:00,60,false,0,2,hydropower,Hydropower,renewable,true,2,1935.00,1935.00,reported,actual_generation_de_2024_2025,8118719a1cd35b8bac2f3933ca90094fc3fdbe4eaf8b653e88e4097514ae2f64
2025-01-10T18:00:00+00:00,2025-01-10T19:00:00+00:00,20250110,2025-01-10,2025,1,1,January,2,5,Friday,false,19,19:00,60,false,0,3,wind_offshore,Wind offshore,renewable,true,3,3432.75,3432.75,reported,actual_generation_de_2024_2025,8118719a1cd35b8bac2f3933ca90094fc3fdbe4eaf8b653e88e4097514ae2f64
2025-01-10T18:00:00+00:00,2025-01-10T19:00:00+00:00,20250110,2025-01-10,2025,1,1,January,2,5,Friday,false,19,19:00,60,false,0,4,wind_onshore,Wind onshore,renewable,true,4,18387.50,18387.50,reported,actual_generation_de_2024_2025,8118719a1cd35b8bac2f3933ca90094fc3fdbe4eaf8b653e88e4097514ae2f64
2025-01-10T18:00:00+00:00,2025-01-10T19:00:00+00:00,20250110,2025-01-10,2025,1,1,January,2,5,Friday,false,19,19:00,60,false,0,5,solar_photovoltaic,Solar photovoltaic,renewable,true,5,9.25,9.25,reported,actual_generation_de_2024_2025,8118719a1cd35b8bac2f3933ca90094fc3fdbe4eaf8b653e88e4097514ae2f64
2025-01-10T18:00:00+00:00,2025-01-10T19:00:00+00:00,20250110,2025-01-10,2025,1,1,January,2,5,Friday,false,19,19:00,60,false,0,6,other_renewable,Other renewable,renewable,true,6,139.82,139.82,reported,actual_generation_de_2024_2025,8118719a1cd35b8bac2f3933ca90094fc3fdbe4eaf8b653e88e4097514ae2f64
2025-01-10T18:00:00+00:00,2025-01-10T19:00:00+00:00,20250110,2025-01-10,2025,1,1,January,2,5,Friday,false,19,19:00,60,false,0,7,nuclear,Nuclear,conventional,false,7,,,unavailable,actual_generation_de_2024_2025,8118719a1cd35b8bac2f3933ca90094fc3fdbe4eaf8b653e88e4097514ae2f64
2025-01-10T18:00:00+00:00,2025-01-10T19:00:00+00:00,20250110,2025-01-10,2025,1,1,January,2,5,Friday,false,19,19:00,60,false,0,8,lignite,Lignite,conventional,false,8,10659.00,10659.00,reported,actual_generation_de_2024_2025,8118719a1cd35b8bac2f3933ca90094fc3fdbe4eaf8b653e88e4097514ae2f64
2025-01-10T18:00:00+00:00,2025-01-10T19:00:00+00:00,20250110,2025-01-10,2025,1,1,January,2,5,Friday,false,19,19:00,60,false,0,9,hard_coal,Hard coal,conventional,false,9,6520.25,6520.25,reported,actual_generation_de_2024_2025,8118719a1cd35b8bac2f3933ca90094fc3fdbe4eaf8b653e88e4097514ae2f64
2025-01-10T18:00:00+00:00,2025-01-10T19:00:00+00:00,20250110,2025-01-10,2025,1,1,January,2,5,Friday,false,19,19:00,60,false,0,10,fossil_gas,Fossil gas,conventional,false,10,11689.50,11689.50,reported,actual_generation_de_2024_2025,8118719a1cd35b8bac2f3933ca90094fc3fdbe4eaf8b653e88e4097514ae2f64
2025-01-10T18:00:00+00:00,2025-01-10T19:00:00+00:00,20250110,2025-01-10,2025,1,1,January,2,5,Friday,false,19,19:00,60,false,0,11,hydro_pumped_storage,Hydro pumped storage,storage,false,11,3466.25,3466.25,reported,actual_generation_de_2024_2025,8118719a1cd35b8bac2f3933ca90094fc3fdbe4eaf8b653e88e4097514ae2f64
2025-01-10T18:00:00+00:00,2025-01-10T19:00:00+00:00,20250110,2025-01-10,2025,1,1,January,2,5,Friday,false,19,19:00,60,false,0,12,other_conventional,Other conventional,conventional,false,12,1877.75,1877.75,reported,actual_generation_de_2024_2025,8118719a1cd35b8bac2f3933ca90094fc3fdbe4eaf8b653e88e4097514ae2f64
2025-01-10T19:00:00+00:00,2025-01-10T20:00:00+00:00,20250110,2025-01-10,2025,1,1,January,2,5,Friday,false,20,20:00,60,false,0,1,biomass,Biomass,renewable,true,1,4491.00,4491.00,reported,actual_generation_de_2024_2025,8118719a1cd35b8bac2f3933ca90094fc3fdbe4eaf8b653e88e4097514ae2f64
2025-01-10T19:00:00+00:00,2025-01-10T20:00:00+00:00,20250110,2025-01-10,2025,1,1,January,2,5,Friday,false,20,20:00,60,false,0,2,hydropower,Hydropower,renewable,true,2,1824.75,1824.75,reported,actual_generation_de_2024_2025,8118719a1cd35b8bac2f3933ca90094fc3fdbe4eaf8b653e88e4097514ae2f64
2025-01-10T19:00:00+00:00,2025-01-10T20:00:00+00:00,20250110,2025-01-10,2025,1,1,January,2,5,Friday,false,20,20:00,60,false,0,3,wind_offshore,Wind offshore,renewable,true,3,3301.25,3301.25,reported,actual_generation_de_2024_2025,8118719a1cd35b8bac2f3933ca90094fc3fdbe4eaf8b653e88e4097514ae2f64
2025-01-10T19:00:00+00:00,2025-01-10T20:00:00+00:00,20250110,2025-01-10,2025,1,1,January,2,5,Friday,false,20,20:00,60,false,0,4,wind_onshore,Wind onshore,renewable,true,4,17659.25,17659.25,reported,actual_generation_de_2024_2025,8118719a1cd35b8bac2f3933ca90094fc3fdbe4eaf8b653e88e4097514ae2f64
2025-01-10T19:00:00+00:00,2025-01-10T20:00:00+00:00,20250110,2025-01-10,2025,1,1,January,2,5,Friday,false,20,20:00,60,false,0,5,solar_photovoltaic,Solar photovoltaic,renewable,true,5,7.75,7.75,reported,actual_generation_de_2024_2025,8118719a1cd35b8bac2f3933ca90094fc3fdbe4eaf8b653e88e4097514ae2f64
2025-01-10T19:00:00+00:00,2025-01-10T20:00:00+00:00,20250110,2025-01-10,2025,1,1,January,2,5,Friday,false,20,20:00,60,false,0,6,other_renewable,Other renewable,renewable,true,6,139.49,139.49,reported,actual_generation_de_2024_2025,8118719a1cd35b8bac2f3933ca90094fc3fdbe4eaf8b653e88e4097514ae2f64
2025-01-10T19:00:00+00:00,2025-01-10T20:00:00+00:00,20250110,2025-01-10,2025,1,1,January,2,5,Friday,false,20,20:00,60,false,0,7,nuclear,Nuclear,conventional,false,7,,,unavailable,actual_generation_de_2024_2025,8118719a1cd35b8bac2f3933ca90094fc3fdbe4eaf8b653e88e4097514ae2f64
2025-01-10T19:00:00+00:00,2025-01-10T20:00:00+00:00,20250110,2025-01-10,2025,1,1,January,2,5,Friday,false,20,20:00,60,false,0,8,lignite,Lignite,conventional,false,8,10803.75,10803.75,reported,actual_generation_de_2024_2025,8118719a1cd35b8bac2f3933ca90094fc3fdbe4eaf8b653e88e4097514ae2f64
2025-01-10T19:00:00+00:00,2025-01-10T20:00:00+00:00,20250110,2025-01-10,2025,1,1,January,2,5,Friday,false,20,20:00,60,false,0,9,hard_coal,Hard coal,conventional,false,9,6509.75,6509.75,reported,actual_generation_de_2024_2025,8118719a1cd35b8bac2f3933ca90094fc3fdbe4eaf8b653e88e4097514ae2f64
2025-01-10T19:00:00+00:00,2025-01-10T20:00:00+00:00,20250110,2025-01-10,2025,1,1,January,2,5,Friday,false,20,20:00,60,false,0,10,fossil_gas,Fossil gas,conventional,false,10,11282.25,11282.25,reported,actual_generation_de_2024_2025,8118719a1cd35b8bac2f3933ca90094fc3fdbe4eaf8b653e88e4097514ae2f64
2025-01-10T19:00:00+00:00,2025-01-10T20:00:00+00:00,20250110,2025-01-10,2025,1,1,January,2,5,Friday,false,20,20:00,60,false,0,11,hydro_pumped_storage,Hydro pumped storage,storage,false,11,1259.00,1259.00,reported,actual_generation_de_2024_2025,8118719a1cd35b8bac2f3933ca90094fc3fdbe4eaf8b653e88e4097514ae2f64
2025-01-10T19:00:00+00:00,2025-01-10T20:00:00+00:00,20250110,2025-01-10,2025,1,1,January,2,5,Friday,false,20,20:00,60,false,0,12,other_conventional,Other conventional,conventional,false,12,1855.50,1855.50,reported,actual_generation_de_2024_2025,8118719a1cd35b8bac2f3933ca90094fc3fdbe4eaf8b653e88e4097514ae2f64
2025-01-10T20:00:00+00:00,2025-01-10T21:00:00+00:00,20250110,2025-01-10,2025,1,1,January,2,5,Friday,false,21,21:00,60,false,0,1,biomass,Biomass,renewable,true,1,4367.25,4367.25,reported,actual_generation_de_2024_2025,8118719a1cd35b8bac2f3933ca90094fc3fdbe4eaf8b653e88e4097514ae2f64
2025-01-10T20:00:00+00:00,2025-01-10T21:00:00+00:00,20250110,2025-01-10,2025,1,1,January,2,5,Friday,false,21,21:00,60,false,0,2,hydropower,Hydropower,renewable,true,2,1763.25,1763.25,reported,actual_generation_de_2024_2025,8118719a1cd35b8bac2f3933ca90094fc3fdbe4eaf8b653e88e4097514ae2f64
2025-01-10T20:00:00+00:00,2025-01-10T21:00:00+00:00,20250110,2025-01-10,2025,1,1,January,2,5,Friday,false,21,21:00,60,false,0,3,wind_offshore,Wind offshore,renewable,true,3,3018.75,3018.75,reported,actual_generation_de_2024_2025,8118719a1cd35b8bac2f3933ca90094fc3fdbe4eaf8b653e88e4097514ae2f64
2025-01-10T20:00:00+00:00,2025-01-10T21:00:00+00:00,20250110,2025-01-10,2025,1,1,January,2,5,Friday,false,21,21:00,60,false,0,4,wind_onshore,Wind onshore,renewable,true,4,17486.25,17486.25,reported,actual_generation_de_2024_2025,8118719a1cd35b8bac2f3933ca90094fc3fdbe4eaf8b653e88e4097514ae2f64
2025-01-10T20:00:00+00:00,2025-01-10T21:00:00+00:00,20250110,2025-01-10,2025,1,1,January,2,5,Friday,false,21,21:00,60,false,0,5,solar_photovoltaic,Solar photovoltaic,renewable,true,5,9.25,9.25,reported,actual_generation_de_2024_2025,8118719a1cd35b8bac2f3933ca90094fc3fdbe4eaf8b653e88e4097514ae2f64
2025-01-10T20:00:00+00:00,2025-01-10T21:00:00+00:00,20250110,2025-01-10,2025,1,1,January,2,5,Friday,false,21,21:00,60,false,0,6,other_renewable,Other renewable,renewable,true,6,138.54,138.54,reported,actual_generation_de_2024_2025,8118719a1cd35b8bac2f3933ca90094fc3fdbe4eaf8b653e88e4097514ae2f64
2025-01-10T20:00:00+00:00,2025-01-10T21:00:00+00:00,20250110,2025-01-10,2025,1,1,January,2,5,Friday,false,21,21:00,60,false,0,7,nuclear,Nuclear,conventional,false,7,,,unavailable,actual_generation_de_2024_2025,8118719a1cd35b8bac2f3933ca90094fc3fdbe4eaf8b653e88e4097514ae2f64
2025-01-10T20:00:00+00:00,2025-01-10T21:00:00+00:00,20250110,2025-01-10,2025,1,1,January,2,5,Friday,false,21,21:00,60,false,0,8,lignite,Lignite,conventional,false,8,10619.00,10619.00,reported,actual_generation_de_2024_2025,8118719a1cd35b8bac2f3933ca90094fc3fdbe4eaf8b653e88e4097514ae2f64
2025-01-10T20:00:00+00:00,2025-01-10T21:00:00+00:00,20250110,2025-01-10,2025,1,1,January,2,5,Friday,false,21,21:00,60,false,0,9,hard_coal,Hard coal,conventional,false,9,6404.75,6404.75,reported,actual_generation_de_2024_2025,8118719a1cd35b8bac2f3933ca90094fc3fdbe4eaf8b653e88e4097514ae2f64
2025-01-10T20:00:00+00:00,2025-01-10T21:00:00+00:00,20250110,2025-01-10,2025,1,1,January,2,5,Friday,false,21,21:00,60,false,0,10,fossil_gas,Fossil gas,conventional,false,10,11278.75,11278.75,reported,actual_generation_de_2024_2025,8118719a1cd35b8bac2f3933ca90094fc3fdbe4eaf8b653e88e4097514ae2f64
2025-01-10T20:00:00+00:00,2025-01-10T21:00:00+00:00,20250110,2025-01-10,2025,1,1,January,2,5,Friday,false,21,21:00,60,false,0,11,hydro_pumped_storage,Hydro pumped storage,storage,false,11,1220.50,1220.50,reported,actual_generation_de_2024_2025,8118719a1cd35b8bac2f3933ca90094fc3fdbe4eaf8b653e88e4097514ae2f64
2025-01-10T20:00:00+00:00,2025-01-10T21:00:00+00:00,20250110,2025-01-10,2025,1,1,January,2,5,Friday,false,21,21:00,60,false,0,12,other_conventional,Other conventional,conventional,false,12,1805.50,1805.50,reported,actual_generation_de_2024_2025,8118719a1cd35b8bac2f3933ca90094fc3fdbe4eaf8b653e88e4097514ae2f64
2025-01-10T21:00:00+00:00,2025-01-10T22:00:00+00:00,20250110,2025-01-10,2025,1,1,January,2,5,Friday,false,22,22:00,60,false,0,1,biomass,Biomass,renewable,true,1,4193.00,4193.00,reported,actual_generation_de_2024_2025,8118719a1cd35b8bac2f3933ca90094fc3fdbe4eaf8b653e88e4097514ae2f64
2025-01-10T21:00:00+00:00,2025-01-10T22:00:00+00:00,20250110,2025-01-10,2025,1,1,January,2,5,Friday,false,22,22:00,60,false,0,2,hydropower,Hydropower,renewable,true,2,1740.75,1740.75,reported,actual_generation_de_2024_2025,8118719a1cd35b8bac2f3933ca90094fc3fdbe4eaf8b653e88e4097514ae2f64
2025-01-10T21:00:00+00:00,2025-01-10T22:00:00+00:00,20250110,2025-01-10,2025,1,1,January,2,5,Friday,false,22,22:00,60,false,0,3,wind_offshore,Wind offshore,renewable,true,3,2623.00,2623.00,reported,actual_generation_de_2024_2025,8118719a1cd35b8bac2f3933ca90094fc3fdbe4eaf8b653e88e4097514ae2f64
2025-01-10T21:00:00+00:00,2025-01-10T22:00:00+00:00,20250110,2025-01-10,2025,1,1,January,2,5,Friday,false,22,22:00,60,false,0,4,wind_onshore,Wind onshore,renewable,true,4,16748.50,16748.50,reported,actual_generation_de_2024_2025,8118719a1cd35b8bac2f3933ca90094fc3fdbe4eaf8b653e88e4097514ae2f64
2025-01-10T21:00:00+00:00,2025-01-10T22:00:00+00:00,20250110,2025-01-10,2025,1,1,January,2,5,Friday,false,22,22:00,60,false,0,5,solar_photovoltaic,Solar photovoltaic,renewable,true,5,8.25,8.25,reported,actual_generation_de_2024_2025,8118719a1cd35b8bac2f3933ca90094fc3fdbe4eaf8b653e88e4097514ae2f64
2025-01-10T21:00:00+00:00,2025-01-10T22:00:00+00:00,20250110,2025-01-10,2025,1,1,January,2,5,Friday,false,22,22:00,60,false,0,6,other_renewable,Other renewable,renewable,true,6,136.20,136.20,reported,actual_generation_de_2024_2025,8118719a1cd35b8bac2f3933ca90094fc3fdbe4eaf8b653e88e4097514ae2f64
2025-01-10T21:00:00+00:00,2025-01-10T22:00:00+00:00,20250110,2025-01-10,2025,1,1,January,2,5,Friday,false,22,22:00,60,false,0,7,nuclear,Nuclear,conventional,false,7,,,unavailable,actual_generation_de_2024_2025,8118719a1cd35b8bac2f3933ca90094fc3fdbe4eaf8b653e88e4097514ae2f64
2025-01-10T21:00:00+00:00,2025-01-10T22:00:00+00:00,20250110,2025-01-10,2025,1,1,January,2,5,Friday,false,22,22:00,60,false,0,8,lignite,Lignite,conventional,false,8,9770.50,9770.50,reported,actual_generation_de_2024_2025,8118719a1cd35b8bac2f3933ca90094fc3fdbe4eaf8b653e88e4097514ae2f64
2025-01-10T21:00:00+00:00,2025-01-10T22:00:00+00:00,20250110,2025-01-10,2025,1,1,January,2,5,Friday,false,22,22:00,60,false,0,9,hard_coal,Hard coal,conventional,false,9,6278.75,6278.75,reported,actual_generation_de_2024_2025,8118719a1cd35b8bac2f3933ca90094fc3fdbe4eaf8b653e88e4097514ae2f64
2025-01-10T21:00:00+00:00,2025-01-10T22:00:00+00:00,20250110,2025-01-10,2025,1,1,January,2,5,Friday,false,22,22:00,60,false,0,10,fossil_gas,Fossil gas,conventional,false,10,10922.25,10922.25,reported,actual_generation_de_2024_2025,8118719a1cd35b8bac2f3933ca90094fc3fdbe4eaf8b653e88e4097514ae2f64
2025-01-10T21:00:00+00:00,2025-01-10T22:00:00+00:00,20250110,2025-01-10,2025,1,1,January,2,5,Friday,false,22,22:00,60,false,0,11,hydro_pumped_storage,Hydro pumped storage,storage,false,11,308.50,308.50,reported,actual_generation_de_2024_2025,8118719a1cd35b8bac2f3933ca90094fc3fdbe4eaf8b653e88e4097514ae2f64
2025-01-10T21:00:00+00:00,2025-01-10T22:00:00+00:00,20250110,2025-01-10,2025,1,1,January,2,5,Friday,false,22,22:00,60,false,0,12,other_conventional,Other conventional,conventional,false,12,1815.00,1815.00,reported,actual_generation_de_2024_2025,8118719a1cd35b8bac2f3933ca90094fc3fdbe4eaf8b653e88e4097514ae2f64
2025-01-10T22:00:00+00:00,2025-01-10T23:00:00+00:00,20250110,2025-01-10,2025,1,1,January,2,5,Friday,false,23,23:00,60,false,0,1,biomass,Biomass,renewable,true,1,4105.75,4105.75,reported,actual_generation_de_2024_2025,8118719a1cd35b8bac2f3933ca90094fc3fdbe4eaf8b653e88e4097514ae2f64
2025-01-10T22:00:00+00:00,2025-01-10T23:00:00+00:00,20250110,2025-01-10,2025,1,1,January,2,5,Friday,false,23,23:00,60,false,0,2,hydropower,Hydropower,renewable,true,2,1673.25,1673.25,reported,actual_generation_de_2024_2025,8118719a1cd35b8bac2f3933ca90094fc3fdbe4eaf8b653e88e4097514ae2f64
2025-01-10T22:00:00+00:00,2025-01-10T23:00:00+00:00,20250110,2025-01-10,2025,1,1,January,2,5,Friday,false,23,23:00,60,false,0,3,wind_offshore,Wind offshore,renewable,true,3,2244.75,2244.75,reported,actual_generation_de_2024_2025,8118719a1cd35b8bac2f3933ca90094fc3fdbe4eaf8b653e88e4097514ae2f64
2025-01-10T22:00:00+00:00,2025-01-10T23:00:00+00:00,20250110,2025-01-10,2025,1,1,January,2,5,Friday,false,23,23:00,60,false,0,4,wind_onshore,Wind onshore,renewable,true,4,16397.50,16397.50,reported,actual_generation_de_2024_2025,8118719a1cd35b8bac2f3933ca90094fc3fdbe4eaf8b653e88e4097514ae2f64
2025-01-10T22:00:00+00:00,2025-01-10T23:00:00+00:00,20250110,2025-01-10,2025,1,1,January,2,5,Friday,false,23,23:00,60,false,0,5,solar_photovoltaic,Solar photovoltaic,renewable,true,5,8.00,8.00,reported,actual_generation_de_2024_2025,8118719a1cd35b8bac2f3933ca90094fc3fdbe4eaf8b653e88e4097514ae2f64
2025-01-10T22:00:00+00:00,2025-01-10T23:00:00+00:00,20250110,2025-01-10,2025,1,1,January,2,5,Friday,false,23,23:00,60,false,0,6,other_renewable,Other renewable,renewable,true,6,136.61,136.61,reported,actual_generation_de_2024_2025,8118719a1cd35b8bac2f3933ca90094fc3fdbe4eaf8b653e88e4097514ae2f64
2025-01-10T22:00:00+00:00,2025-01-10T23:00:00+00:00,20250110,2025-01-10,2025,1,1,January,2,5,Friday,false,23,23:00,60,false,0,7,nuclear,Nuclear,conventional,false,7,,,unavailable,actual_generation_de_2024_2025,8118719a1cd35b8bac2f3933ca90094fc3fdbe4eaf8b653e88e4097514ae2f64
2025-01-10T22:00:00+00:00,2025-01-10T23:00:00+00:00,20250110,2025-01-10,2025,1,1,January,2,5,Friday,false,23,23:00,60,false,0,8,lignite,Lignite,conventional,false,8,8686.25,8686.25,reported,actual_generation_de_2024_2025,8118719a1cd35b8bac2f3933ca90094fc3fdbe4eaf8b653e88e4097514ae2f64
2025-01-10T22:00:00+00:00,2025-01-10T23:00:00+00:00,20250110,2025-01-10,2025,1,1,January,2,5,Friday,false,23,23:00,60,false,0,9,hard_coal,Hard coal,conventional,false,9,6132.75,6132.75,reported,actual_generation_de_2024_2025,8118719a1cd35b8bac2f3933ca90094fc3fdbe4eaf8b653e88e4097514ae2f64
2025-01-10T22:00:00+00:00,2025-01-10T23:00:00+00:00,20250110,2025-01-10,2025,1,1,January,2,5,Friday,false,23,23:00,60,false,0,10,fossil_gas,Fossil gas,conventional,false,10,10485.25,10485.25,reported,actual_generation_de_2024_2025,8118719a1cd35b8bac2f3933ca90094fc3fdbe4eaf8b653e88e4097514ae2f64
2025-01-10T22:00:00+00:00,2025-01-10T23:00:00+00:00,20250110,2025-01-10,2025,1,1,January,2,5,Friday,false,23,23:00,60,false,0,11,hydro_pumped_storage,Hydro pumped storage,storage,false,11,177.00,177.00,reported,actual_generation_de_2024_2025,8118719a1cd35b8bac2f3933ca90094fc3fdbe4eaf8b653e88e4097514ae2f64
2025-01-10T22:00:00+00:00,2025-01-10T23:00:00+00:00,20250110,2025-01-10,2025,1,1,January,2,5,Friday,false,23,23:00,60,false,0,12,other_conventional,Other conventional,conventional,false,12,1797.25,1797.25,reported,actual_generation_de_2024_2025,8118719a1cd35b8bac2f3933ca90094fc3fdbe4eaf8b653e88e4097514ae2f64
2025-01-10T23:00:00+00:00,2025-01-11T00:00:00+00:00,20250111,2025-01-11,2025,1,1,January,2,6,Saturday,true,0,00:00,60,false,0,1,biomass,Biomass,renewable,true,1,4017.50,4017.50,reported,actual_generation_de_2024_2025,8118719a1cd35b8bac2f3933ca90094fc3fdbe4eaf8b653e88e4097514ae2f64
2025-01-10T23:00:00+00:00,2025-01-11T00:00:00+00:00,20250111,2025-01-11,2025,1,1,January,2,6,Saturday,true,0,00:00,60,false,0,2,hydropower,Hydropower,renewable,true,2,1686.50,1686.50,reported,actual_generation_de_2024_2025,8118719a1cd35b8bac2f3933ca90094fc3fdbe4eaf8b653e88e4097514ae2f64
2025-01-10T23:00:00+00:00,2025-01-11T00:00:00+00:00,20250111,2025-01-11,2025,1,1,January,2,6,Saturday,true,0,00:00,60,false,0,3,wind_offshore,Wind offshore,renewable,true,3,1796.25,1796.25,reported,actual_generation_de_2024_2025,8118719a1cd35b8bac2f3933ca90094fc3fdbe4eaf8b653e88e4097514ae2f64
2025-01-10T23:00:00+00:00,2025-01-11T00:00:00+00:00,20250111,2025-01-11,2025,1,1,January,2,6,Saturday,true,0,00:00,60,false,0,4,wind_onshore,Wind onshore,renewable,true,4,16114.50,16114.50,reported,actual_generation_de_2024_2025,8118719a1cd35b8bac2f3933ca90094fc3fdbe4eaf8b653e88e4097514ae2f64
2025-01-10T23:00:00+00:00,2025-01-11T00:00:00+00:00,20250111,2025-01-11,2025,1,1,January,2,6,Saturday,true,0,00:00,60,false,0,5,solar_photovoltaic,Solar photovoltaic,renewable,true,5,8.25,8.25,reported,actual_generation_de_2024_2025,8118719a1cd35b8bac2f3933ca90094fc3fdbe4eaf8b653e88e4097514ae2f64
2025-01-10T23:00:00+00:00,2025-01-11T00:00:00+00:00,20250111,2025-01-11,2025,1,1,January,2,6,Saturday,true,0,00:00,60,false,0,6,other_renewable,Other renewable,renewable,true,6,137.51,137.51,reported,actual_generation_de_2024_2025,8118719a1cd35b8bac2f3933ca90094fc3fdbe4eaf8b653e88e4097514ae2f64
2025-01-10T23:00:00+00:00,2025-01-11T00:00:00+00:00,20250111,2025-01-11,2025,1,1,January,2,6,Saturday,true,0,00:00,60,false,0,7,nuclear,Nuclear,conventional,false,7,,,unavailable,actual_generation_de_2024_2025,8118719a1cd35b8bac2f3933ca90094fc3fdbe4eaf8b653e88e4097514ae2f64
2025-01-10T23:00:00+00:00,2025-01-11T00:00:00+00:00,20250111,2025-01-11,2025,1,1,January,2,6,Saturday,true,0,00:00,60,false,0,8,lignite,Lignite,conventional,false,8,8209.00,8209.00,reported,actual_generation_de_2024_2025,8118719a1cd35b8bac2f3933ca90094fc3fdbe4eaf8b653e88e4097514ae2f64
2025-01-10T23:00:00+00:00,2025-01-11T00:00:00+00:00,20250111,2025-01-11,2025,1,1,January,2,6,Saturday,true,0,00:00,60,false,0,9,hard_coal,Hard coal,conventional,false,9,5784.00,5784.00,reported,actual_generation_de_2024_2025,8118719a1cd35b8bac2f3933ca90094fc3fdbe4eaf8b653e88e4097514ae2f64
2025-01-10T23:00:00+00:00,2025-01-11T00:00:00+00:00,20250111,2025-01-11,2025,1,1,January,2,6,Saturday,true,0,00:00,60,false,0,10,fossil_gas,Fossil gas,conventional,false,10,9418.50,9418.50,reported,actual_generation_de_2024_2025,8118719a1cd35b8bac2f3933ca90094fc3fdbe4eaf8b653e88e4097514ae2f64
2025-01-10T23:00:00+00:00,2025-01-11T00:00:00+00:00,20250111,2025-01-11,2025,1,1,January,2,6,Saturday,true,0,00:00,60,false,0,11,hydro_pumped_storage,Hydro pumped storage,storage,false,11,735.00,735.00,reported,actual_generation_de_2024_2025,8118719a1cd35b8bac2f3933ca90094fc3fdbe4eaf8b653e88e4097514ae2f64
2025-01-10T23:00:00+00:00,2025-01-11T00:00:00+00:00,20250111,2025-01-11,2025,1,1,January,2,6,Saturday,true,0,00:00,60,false,0,12,other_conventional,Other conventional,conventional,false,12,1710.75,1710.75,reported,actual_generation_de_2024_2025,8118719a1cd35b8bac2f3933ca90094fc3fdbe4eaf8b653e88e4097514ae2f64
2025-01-11T00:00:00+00:00,2025-01-11T01:00:00+00:00,20250111,2025-01-11,2025,1,1,January,2,6,Saturday,true,1,01:00,60,false,0,1,biomass,Biomass,renewable,true,1,4020.25,4020.25,reported,actual_generation_de_2024_2025,8118719a1cd35b8bac2f3933ca90094fc3fdbe4eaf8b653e88e4097514ae2f64
2025-01-11T00:00:00+00:00,2025-01-11T01:00:00+00:00,20250111,2025-01-11,2025,1,1,January,2,6,Saturday,true,1,01:00,60,false,0,2,hydropower,Hydropower,renewable,true,2,1720.00,1720.00,reported,actual_generation_de_2024_2025,8118719a1cd35b8bac2f3933ca90094fc3fdbe4eaf8b653e88e4097514ae2f64
2025-01-11T00:00:00+00:00,2025-01-11T01:00:00+00:00,20250111,2025-01-11,2025,1,1,January,2,6,Saturday,true,1,01:00,60,false,0,3,wind_offshore,Wind offshore,renewable,true,3,1950.00,1950.00,reported,actual_generation_de_2024_2025,8118719a1cd35b8bac2f3933ca90094fc3fdbe4eaf8b653e88e4097514ae2f64
2025-01-11T00:00:00+00:00,2025-01-11T01:00:00+00:00,20250111,2025-01-11,2025,1,1,January,2,6,Saturday,true,1,01:00,60,false,0,4,wind_onshore,Wind onshore,renewable,true,4,16241.25,16241.25,reported,actual_generation_de_2024_2025,8118719a1cd35b8bac2f3933ca90094fc3fdbe4eaf8b653e88e4097514ae2f64
2025-01-11T00:00:00+00:00,2025-01-11T01:00:00+00:00,20250111,2025-01-11,2025,1,1,January,2,6,Saturday,true,1,01:00,60,false,0,5,solar_photovoltaic,Solar photovoltaic,renewable,true,5,7.50,7.50,reported,actual_generation_de_2024_2025,8118719a1cd35b8bac2f3933ca90094fc3fdbe4eaf8b653e88e4097514ae2f64
2025-01-11T00:00:00+00:00,2025-01-11T01:00:00+00:00,20250111,2025-01-11,2025,1,1,January,2,6,Saturday,true,1,01:00,60,false,0,6,other_renewable,Other renewable,renewable,true,6,137.40,137.40,reported,actual_generation_de_2024_2025,8118719a1cd35b8bac2f3933ca90094fc3fdbe4eaf8b653e88e4097514ae2f64
2025-01-11T00:00:00+00:00,2025-01-11T01:00:00+00:00,20250111,2025-01-11,2025,1,1,January,2,6,Saturday,true,1,01:00,60,false,0,7,nuclear,Nuclear,conventional,false,7,,,unavailable,actual_generation_de_2024_2025,8118719a1cd35b8bac2f3933ca90094fc3fdbe4eaf8b653e88e4097514ae2f64
2025-01-11T00:00:00+00:00,2025-01-11T01:00:00+00:00,20250111,2025-01-11,2025,1,1,January,2,6,Saturday,true,1,01:00,60,false,0,8,lignite,Lignite,conventional,false,8,7922.00,7922.00,reported,actual_generation_de_2024_2025,8118719a1cd35b8bac2f3933ca90094fc3fdbe4eaf8b653e88e4097514ae2f64
2025-01-11T00:00:00+00:00,2025-01-11T01:00:00+00:00,20250111,2025-01-11,2025,1,1,January,2,6,Saturday,true,1,01:00,60,false,0,9,hard_coal,Hard coal,conventional,false,9,5842.75,5842.75,reported,actual_generation_de_2024_2025,8118719a1cd35b8bac2f3933ca90094fc3fdbe4eaf8b653e88e4097514ae2f64
2025-01-11T00:00:00+00:00,2025-01-11T01:00:00+00:00,20250111,2025-01-11,2025,1,1,January,2,6,Saturday,true,1,01:00,60,false,0,10,fossil_gas,Fossil gas,conventional,false,10,9356.00,9356.00,reported,actual_generation_de_2024_2025,8118719a1cd35b8bac2f3933ca90094fc3fdbe4eaf8b653e88e4097514ae2f64
2025-01-11T00:00:00+00:00,2025-01-11T01:00:00+00:00,20250111,2025-01-11,2025,1,1,January,2,6,Saturday,true,1,01:00,60,false,0,11,hydro_pumped_storage,Hydro pumped storage,storage,false,11,232.00,232.00,reported,actual_generation_de_2024_2025,8118719a1cd35b8bac2f3933ca90094fc3fdbe4eaf8b653e88e4097514ae2f64
2025-01-11T00:00:00+00:00,2025-01-11T01:00:00+00:00,20250111,2025-01-11,2025,1,1,January,2,6,Saturday,true,1,01:00,60,false,0,12,other_conventional,Other conventional,conventional,false,12,1777.00,1777.00,reported,actual_generation_de_2024_2025,8118719a1cd35b8bac2f3933ca90094fc3fdbe4eaf8b653e88e4097514ae2f64
2025-01-11T01:00:00+00:00,2025-01-11T02:00:00+00:00,20250111,2025-01-11,2025,1,1,January,2,6,Saturday,true,2,02:00,60,false,0,1,biomass,Biomass,renewable,true,1,3963.25,3963.25,reported,actual_generation_de_2024_2025,8118719a1cd35b8bac2f3933ca90094fc3fdbe4eaf8b653e88e4097514ae2f64
2025-01-11T01:00:00+00:00,2025-01-11T02:00:00+00:00,20250111,2025-01-11,2025,1,1,January,2,6,Saturday,true,2,02:00,60,false,0,2,hydropower,Hydropower,renewable,true,2,1789.00,1789.00,reported,actual_generation_de_2024_2025,8118719a1cd35b8bac2f3933ca90094fc3fdbe4eaf8b653e88e4097514ae2f64
2025-01-11T01:00:00+00:00,2025-01-11T02:00:00+00:00,20250111,2025-01-11,2025,1,1,January,2,6,Saturday,true,2,02:00,60,false,0,3,wind_offshore,Wind offshore,renewable,true,3,1968.25,1968.25,reported,actual_generation_de_2024_2025,8118719a1cd35b8bac2f3933ca90094fc3fdbe4eaf8b653e88e4097514ae2f64
2025-01-11T01:00:00+00:00,2025-01-11T02:00:00+00:00,20250111,2025-01-11,2025,1,1,January,2,6,Saturday,true,2,02:00,60,false,0,4,wind_onshore,Wind onshore,renewable,true,4,16987.00,16987.00,reported,actual_generation_de_2024_2025,8118719a1cd35b8bac2f3933ca90094fc3fdbe4eaf8b653e88e4097514ae2f64
2025-01-11T01:00:00+00:00,2025-01-11T02:00:00+00:00,20250111,2025-01-11,2025,1,1,January,2,6,Saturday,true,2,02:00,60,false,0,5,solar_photovoltaic,Solar photovoltaic,renewable,true,5,7.00,7.00,reported,actual_generation_de_2024_2025,8118719a1cd35b8bac2f3933ca90094fc3fdbe4eaf8b653e88e4097514ae2f64
2025-01-11T01:00:00+00:00,2025-01-11T02:00:00+00:00,20250111,2025-01-11,2025,1,1,January,2,6,Saturday,true,2,02:00,60,false,0,6,other_renewable,Other renewable,renewable,true,6,138.15,138.15,reported,actual_generation_de_2024_2025,8118719a1cd35b8bac2f3933ca90094fc3fdbe4eaf8b653e88e4097514ae2f64
2025-01-11T01:00:00+00:00,2025-01-11T02:00:00+00:00,20250111,2025-01-11,2025,1,1,January,2,6,Saturday,true,2,02:00,60,false,0,7,nuclear,Nuclear,conventional,false,7,,,unavailable,actual_generation_de_2024_2025,8118719a1cd35b8bac2f3933ca90094fc3fdbe4eaf8b653e88e4097514ae2f64
2025-01-11T01:00:00+00:00,2025-01-11T02:00:00+00:00,20250111,2025-01-11,2025,1,1,January,2,6,Saturday,true,2,02:00,60,false,0,8,lignite,Lignite,conventional,false,8,7854.75,7854.75,reported,actual_generation_de_2024_2025,8118719a1cd35b8bac2f3933ca90094fc3fdbe4eaf8b653e88e4097514ae2f64
2025-01-11T01:00:00+00:00,2025-01-11T02:00:00+00:00,20250111,2025-01-11,2025,1,1,January,2,6,Saturday,true,2,02:00,60,false,0,9,hard_coal,Hard coal,conventional,false,9,5361.50,5361.50,reported,actual_generation_de_2024_2025,8118719a1cd35b8bac2f3933ca90094fc3fdbe4eaf8b653e88e4097514ae2f64
2025-01-11T01:00:00+00:00,2025-01-11T02:00:00+00:00,20250111,2025-01-11,2025,1,1,January,2,6,Saturday,true,2,02:00,60,false,0,10,fossil_gas,Fossil gas,conventional,false,10,9082.75,9082.75,reported,actual_generation_de_2024_2025,8118719a1cd35b8bac2f3933ca90094fc3fdbe4eaf8b653e88e4097514ae2f64
2025-01-11T01:00:00+00:00,2025-01-11T02:00:00+00:00,20250111,2025-01-11,2025,1,1,January,2,6,Saturday,true,2,02:00,60,false,0,11,hydro_pumped_storage,Hydro pumped storage,storage,false,11,358.50,358.50,reported,actual_generation_de_2024_2025,8118719a1cd35b8bac2f3933ca90094fc3fdbe4eaf8b653e88e4097514ae2f64
2025-01-11T01:00:00+00:00,2025-01-11T02:00:00+00:00,20250111,2025-01-11,2025,1,1,January,2,6,Saturday,true,2,02:00,60,false,0,12,other_conventional,Other conventional,conventional,false,12,1738.50,1738.50,reported,actual_generation_de_2024_2025,8118719a1cd35b8bac2f3933ca90094fc3fdbe4eaf8b653e88e4097514ae2f64
2025-01-11T02:00:00+00:00,2025-01-11T03:00:00+00:00,20250111,2025-01-11,2025,1,1,January,2,6,Saturday,true,3,03:00,60,false,0,1,biomass,Biomass,renewable,true,1,3936.75,3936.75,reported,actual_generation_de_2024_2025,8118719a1cd35b8bac2f3933ca90094fc3fdbe4eaf8b653e88e4097514ae2f64
2025-01-11T02:00:00+00:00,2025-01-11T03:00:00+00:00,20250111,2025-01-11,2025,1,1,January,2,6,Saturday,true,3,03:00,60,false,0,2,hydropower,Hydropower,renewable,true,2,1702.50,1702.50,reported,actual_generation_de_2024_2025,8118719a1cd35b8bac2f3933ca90094fc3fdbe4eaf8b653e88e4097514ae2f64
2025-01-11T02:00:00+00:00,2025-01-11T03:00:00+00:00,20250111,2025-01-11,2025,1,1,January,2,6,Saturday,true,3,03:00,60,false,0,3,wind_offshore,Wind offshore,renewable,true,3,2242.25,2242.25,reported,actual_generation_de_2024_2025,8118719a1cd35b8bac2f3933ca90094fc3fdbe4eaf8b653e88e4097514ae2f64
2025-01-11T02:00:00+00:00,2025-01-11T03:00:00+00:00,20250111,2025-01-11,2025,1,1,January,2,6,Saturday,true,3,03:00,60,false,0,4,wind_onshore,Wind onshore,renewable,true,4,17301.75,17301.75,reported,actual_generation_de_2024_2025,8118719a1cd35b8bac2f3933ca90094fc3fdbe4eaf8b653e88e4097514ae2f64
2025-01-11T02:00:00+00:00,2025-01-11T03:00:00+00:00,20250111,2025-01-11,2025,1,1,January,2,6,Saturday,true,3,03:00,60,false,0,5,solar_photovoltaic,Solar photovoltaic,renewable,true,5,7.50,7.50,reported,actual_generation_de_2024_2025,8118719a1cd35b8bac2f3933ca90094fc3fdbe4eaf8b653e88e4097514ae2f64
2025-01-11T02:00:00+00:00,2025-01-11T03:00:00+00:00,20250111,2025-01-11,2025,1,1,January,2,6,Saturday,true,3,03:00,60,false,0,6,other_renewable,Other renewable,renewable,true,6,137.92,137.92,reported,actual_generation_de_2024_2025,8118719a1cd35b8bac2f3933ca90094fc3fdbe4eaf8b653e88e4097514ae2f64
2025-01-11T02:00:00+00:00,2025-01-11T03:00:00+00:00,20250111,2025-01-11,2025,1,1,January,2,6,Saturday,true,3,03:00,60,false,0,7,nuclear,Nuclear,conventional,false,7,,,unavailable,actual_generation_de_2024_2025,8118719a1cd35b8bac2f3933ca90094fc3fdbe4eaf8b653e88e4097514ae2f64
2025-01-11T02:00:00+00:00,2025-01-11T03:00:00+00:00,20250111,2025-01-11,2025,1,1,January,2,6,Saturday,true,3,03:00,60,false,0,8,lignite,Lignite,conventional,false,8,7877.50,7877.50,reported,actual_generation_de_2024_2025,8118719a1cd35b8bac2f3933ca90094fc3fdbe4eaf8b653e88e4097514ae2f64
2025-01-11T02:00:00+00:00,2025-01-11T03:00:00+00:00,20250111,2025-01-11,2025,1,1,January,2,6,Saturday,true,3,03:00,60,false,0,9,hard_coal,Hard coal,conventional,false,9,4875.50,4875.50,reported,actual_generation_de_2024_2025,8118719a1cd35b8bac2f3933ca90094fc3fdbe4eaf8b653e88e4097514ae2f64
2025-01-11T02:00:00+00:00,2025-01-11T03:00:00+00:00,20250111,2025-01-11,2025,1,1,January,2,6,Saturday,true,3,03:00,60,false,0,10,fossil_gas,Fossil gas,conventional,false,10,8872.50,8872.50,reported,actual_generation_de_2024_2025,8118719a1cd35b8bac2f3933ca90094fc3fdbe4eaf8b653e88e4097514ae2f64
2025-01-11T02:00:00+00:00,2025-01-11T03:00:00+00:00,20250111,2025-01-11,2025,1,1,January,2,6,Saturday,true,3,03:00,60,false,0,11,hydro_pumped_storage,Hydro pumped storage,storage,false,11,46.75,46.75,reported,actual_generation_de_2024_2025,8118719a1cd35b8bac2f3933ca90094fc3fdbe4eaf8b653e88e4097514ae2f64
2025-01-11T02:00:00+00:00,2025-01-11T03:00:00+00:00,20250111,2025-01-11,2025,1,1,January,2,6,Saturday,true,3,03:00,60,false,0,12,other_conventional,Other conventional,conventional,false,12,1725.00,1725.00,reported,actual_generation_de_2024_2025,8118719a1cd35b8bac2f3933ca90094fc3fdbe4eaf8b653e88e4097514ae2f64
2025-01-11T03:00:00+00:00,2025-01-11T04:00:00+00:00,20250111,2025-01-11,2025,1,1,January,2,6,Saturday,true,4,04:00,60,false,0,1,biomass,Biomass,renewable,true,1,3955.75,3955.75,reported,actual_generation_de_2024_2025,8118719a1cd35b8bac2f3933ca90094fc3fdbe4eaf8b653e88e4097514ae2f64
2025-01-11T03:00:00+00:00,2025-01-11T04:00:00+00:00,20250111,2025-01-11,2025,1,1,January,2,6,Saturday,true,4,04:00,60,false,0,2,hydropower,Hydropower,renewable,true,2,1691.75,1691.75,reported,actual_generation_de_2024_2025,8118719a1cd35b8bac2f3933ca90094fc3fdbe4eaf8b653e88e4097514ae2f64
2025-01-11T03:00:00+00:00,2025-01-11T04:00:00+00:00,20250111,2025-01-11,2025,1,1,January,2,6,Saturday,true,4,04:00,60,false,0,3,wind_offshore,Wind offshore,renewable,true,3,2312.50,2312.50,reported,actual_generation_de_2024_2025,8118719a1cd35b8bac2f3933ca90094fc3fdbe4eaf8b653e88e4097514ae2f64
2025-01-11T03:00:00+00:00,2025-01-11T04:00:00+00:00,20250111,2025-01-11,2025,1,1,January,2,6,Saturday,true,4,04:00,60,false,0,4,wind_onshore,Wind onshore,renewable,true,4,17818.00,17818.00,reported,actual_generation_de_2024_2025,8118719a1cd35b8bac2f3933ca90094fc3fdbe4eaf8b653e88e4097514ae2f64
2025-01-11T03:00:00+00:00,2025-01-11T04:00:00+00:00,20250111,2025-01-11,2025,1,1,January,2,6,Saturday,true,4,04:00,60,false,0,5,solar_photovoltaic,Solar photovoltaic,renewable,true,5,7.00,7.00,reported,actual_generation_de_2024_2025,8118719a1cd35b8bac2f3933ca90094fc3fdbe4eaf8b653e88e4097514ae2f64
2025-01-11T03:00:00+00:00,2025-01-11T04:00:00+00:00,20250111,2025-01-11,2025,1,1,January,2,6,Saturday,true,4,04:00,60,false,0,6,other_renewable,Other renewable,renewable,true,6,138.07,138.07,reported,actual_generation_de_2024_2025,8118719a1cd35b8bac2f3933ca90094fc3fdbe4eaf8b653e88e4097514ae2f64
2025-01-11T03:00:00+00:00,2025-01-11T04:00:00+00:00,20250111,2025-01-11,2025,1,1,January,2,6,Saturday,true,4,04:00,60,false,0,7,nuclear,Nuclear,conventional,false,7,,,unavailable,actual_generation_de_2024_2025,8118719a1cd35b8bac2f3933ca90094fc3fdbe4eaf8b653e88e4097514ae2f64
2025-01-11T03:00:00+00:00,2025-01-11T04:00:00+00:00,20250111,2025-01-11,2025,1,1,January,2,6,Saturday,true,4,04:00,60,false,0,8,lignite,Lignite,conventional,false,8,7781.00,7781.00,reported,actual_generation_de_2024_2025,8118719a1cd35b8bac2f3933ca90094fc3fdbe4eaf8b653e88e4097514ae2f64
2025-01-11T03:00:00+00:00,2025-01-11T04:00:00+00:00,20250111,2025-01-11,2025,1,1,January,2,6,Saturday,true,4,04:00,60,false,0,9,hard_coal,Hard coal,conventional,false,9,4673.25,4673.25,reported,actual_generation_de_2024_2025,8118719a1cd35b8bac2f3933ca90094fc3fdbe4eaf8b653e88e4097514ae2f64
2025-01-11T03:00:00+00:00,2025-01-11T04:00:00+00:00,20250111,2025-01-11,2025,1,1,January,2,6,Saturday,true,4,04:00,60,false,0,10,fossil_gas,Fossil gas,conventional,false,10,9032.00,9032.00,reported,actual_generation_de_2024_2025,8118719a1cd35b8bac2f3933ca90094fc3fdbe4eaf8b653e88e4097514ae2f64
2025-01-11T03:00:00+00:00,2025-01-11T04:00:00+00:00,20250111,2025-01-11,2025,1,1,January,2,6,Saturday,true,4,04:00,60,false,0,11,hydro_pumped_storage,Hydro pumped storage,storage,false,11,8.75,8.75,reported,actual_generation_de_2024_2025,8118719a1cd35b8bac2f3933ca90094fc3fdbe4eaf8b653e88e4097514ae2f64
2025-01-11T03:00:00+00:00,2025-01-11T04:00:00+00:00,20250111,2025-01-11,2025,1,1,January,2,6,Saturday,true,4,04:00,60,false,0,12,other_conventional,Other conventional,conventional,false,12,1721.25,1721.25,reported,actual_generation_de_2024_2025,8118719a1cd35b8bac2f3933ca90094fc3fdbe4eaf8b653e88e4097514ae2f64
2025-01-11T04:00:00+00:00,2025-01-11T05:00:00+00:00,20250111,2025-01-11,2025,1,1,January,2,6,Saturday,true,5,05:00,60,false,0,1,biomass,Biomass,renewable,true,1,3989.00,3989.00,reported,actual_generation_de_2024_2025,8118719a1cd35b8bac2f3933ca90094fc3fdbe4eaf8b653e88e4097514ae2f64
2025-01-11T04:00:00+00:00,2025-01-11T05:00:00+00:00,20250111,2025-01-11,2025,1,1,January,2,6,Saturday,true,5,05:00,60,false,0,2,hydropower,Hydropower,renewable,true,2,1705.75,1705.75,reported,actual_generation_de_2024_2025,8118719a1cd35b8bac2f3933ca90094fc3fdbe4eaf8b653e88e4097514ae2f64
2025-01-11T04:00:00+00:00,2025-01-11T05:00:00+00:00,20250111,2025-01-11,2025,1,1,January,2,6,Saturday,true,5,05:00,60,false,0,3,wind_offshore,Wind offshore,renewable,true,3,1792.25,1792.25,reported,actual_generation_de_2024_2025,8118719a1cd35b8bac2f3933ca90094fc3fdbe4eaf8b653e88e4097514ae2f64
2025-01-11T04:00:00+00:00,2025-01-11T05:00:00+00:00,20250111,2025-01-11,2025,1,1,January,2,6,Saturday,true,5,05:00,60,false,0,4,wind_onshore,Wind onshore,renewable,true,4,18343.00,18343.00,reported,actual_generation_de_2024_2025,8118719a1cd35b8bac2f3933ca90094fc3fdbe4eaf8b653e88e4097514ae2f64
2025-01-11T04:00:00+00:00,2025-01-11T05:00:00+00:00,20250111,2025-01-11,2025,1,1,January,2,6,Saturday,true,5,05:00,60,false,0,5,solar_photovoltaic,Solar photovoltaic,renewable,true,5,7.00,7.00,reported,actual_generation_de_2024_2025,8118719a1cd35b8bac2f3933ca90094fc3fdbe4eaf8b653e88e4097514ae2f64
2025-01-11T04:00:00+00:00,2025-01-11T05:00:00+00:00,20250111,2025-01-11,2025,1,1,January,2,6,Saturday,true,5,05:00,60,false,0,6,other_renewable,Other renewable,renewable,true,6,136.52,136.52,reported,actual_generation_de_2024_2025,8118719a1cd35b8bac2f3933ca90094fc3fdbe4eaf8b653e88e4097514ae2f64
2025-01-11T04:00:00+00:00,2025-01-11T05:00:00+00:00,20250111,2025-01-11,2025,1,1,January,2,6,Saturday,true,5,05:00,60,false,0,7,nuclear,Nuclear,conventional,false,7,,,unavailable,actual_generation_de_2024_2025,8118719a1cd35b8bac2f3933ca90094fc3fdbe4eaf8b653e88e4097514ae2f64
2025-01-11T04:00:00+00:00,2025-01-11T05:00:00+00:00,20250111,2025-01-11,2025,1,1,January,2,6,Saturday,true,5,05:00,60,false,0,8,lignite,Lignite,conventional,false,8,7695.00,7695.00,reported,actual_generation_de_2024_2025,8118719a1cd35b8bac2f3933ca90094fc3fdbe4eaf8b653e88e4097514ae2f64
2025-01-11T04:00:00+00:00,2025-01-11T05:00:00+00:00,20250111,2025-01-11,2025,1,1,January,2,6,Saturday,true,5,05:00,60,false,0,9,hard_coal,Hard coal,conventional,false,9,4663.50,4663.50,reported,actual_generation_de_2024_2025,8118719a1cd35b8bac2f3933ca90094fc3fdbe4eaf8b653e88e4097514ae2f64
2025-01-11T04:00:00+00:00,2025-01-11T05:00:00+00:00,20250111,2025-01-11,2025,1,1,January,2,6,Saturday,true,5,05:00,60,false,0,10,fossil_gas,Fossil gas,conventional,false,10,9986.00,9986.00,reported,actual_generation_de_2024_2025,8118719a1cd35b8bac2f3933ca90094fc3fdbe4eaf8b653e88e4097514ae2f64
2025-01-11T04:00:00+00:00,2025-01-11T05:00:00+00:00,20250111,2025-01-11,2025,1,1,January,2,6,Saturday,true,5,05:00,60,false,0,11,hydro_pumped_storage,Hydro pumped storage,storage,false,11,67.75,67.75,reported,actual_generation_de_2024_2025,8118719a1cd35b8bac2f3933ca90094fc3fdbe4eaf8b653e88e4097514ae2f64
2025-01-11T04:00:00+00:00,2025-01-11T05:00:00+00:00,20250111,2025-01-11,2025,1,1,January,2,6,Saturday,true,5,05:00,60,false,0,12,other_conventional,Other conventional,conventional,false,12,1729.00,1729.00,reported,actual_generation_de_2024_2025,8118719a1cd35b8bac2f3933ca90094fc3fdbe4eaf8b653e88e4097514ae2f64
2025-01-11T05:00:00+00:00,2025-01-11T06:00:00+00:00,20250111,2025-01-11,2025,1,1,January,2,6,Saturday,true,6,06:00,60,false,0,1,biomass,Biomass,renewable,true,1,4145.75,4145.75,reported,actual_generation_de_2024_2025,8118719a1cd35b8bac2f3933ca90094fc3fdbe4eaf8b653e88e4097514ae2f64
2025-01-11T05:00:00+00:00,2025-01-11T06:00:00+00:00,20250111,2025-01-11,2025,1,1,January,2,6,Saturday,true,6,06:00,60,false,0,2,hydropower,Hydropower,renewable,true,2,1680.50,1680.50,reported,actual_generation_de_2024_2025,8118719a1cd35b8bac2f3933ca90094fc3fdbe4eaf8b653e88e4097514ae2f64
2025-01-11T05:00:00+00:00,2025-01-11T06:00:00+00:00,20250111,2025-01-11,2025,1,1,January,2,6,Saturday,true,6,06:00,60,false,0,3,wind_offshore,Wind offshore,renewable,true,3,1964.00,1964.00,reported,actual_generation_de_2024_2025,8118719a1cd35b8bac2f3933ca90094fc3fdbe4eaf8b653e88e4097514ae2f64
2025-01-11T05:00:00+00:00,2025-01-11T06:00:00+00:00,20250111,2025-01-11,2025,1,1,January,2,6,Saturday,true,6,06:00,60,false,0,4,wind_onshore,Wind onshore,renewable,true,4,19297.50,19297.50,reported,actual_generation_de_2024_2025,8118719a1cd35b8bac2f3933ca90094fc3fdbe4eaf8b653e88e4097514ae2f64
2025-01-11T05:00:00+00:00,2025-01-11T06:00:00+00:00,20250111,2025-01-11,2025,1,1,January,2,6,Saturday,true,6,06:00,60,false,0,5,solar_photovoltaic,Solar photovoltaic,renewable,true,5,7.25,7.25,reported,actual_generation_de_2024_2025,8118719a1cd35b8bac2f3933ca90094fc3fdbe4eaf8b653e88e4097514ae2f64
2025-01-11T05:00:00+00:00,2025-01-11T06:00:00+00:00,20250111,2025-01-11,2025,1,1,January,2,6,Saturday,true,6,06:00,60,false,0,6,other_renewable,Other renewable,renewable,true,6,136.53,136.53,reported,actual_generation_de_2024_2025,8118719a1cd35b8bac2f3933ca90094fc3fdbe4eaf8b653e88e4097514ae2f64
2025-01-11T05:00:00+00:00,2025-01-11T06:00:00+00:00,20250111,2025-01-11,2025,1,1,January,2,6,Saturday,true,6,06:00,60,false,0,7,nuclear,Nuclear,conventional,false,7,,,unavailable,actual_generation_de_2024_2025,8118719a1cd35b8bac2f3933ca90094fc3fdbe4eaf8b653e88e4097514ae2f64
2025-01-11T05:00:00+00:00,2025-01-11T06:00:00+00:00,20250111,2025-01-11,2025,1,1,January,2,6,Saturday,true,6,06:00,60,false,0,8,lignite,Lignite,conventional,false,8,7707.00,7707.00,reported,actual_generation_de_2024_2025,8118719a1cd35b8bac2f3933ca90094fc3fdbe4eaf8b653e88e4097514ae2f64
2025-01-11T05:00:00+00:00,2025-01-11T06:00:00+00:00,20250111,2025-01-11,2025,1,1,January,2,6,Saturday,true,6,06:00,60,false,0,9,hard_coal,Hard coal,conventional,false,9,5004.00,5004.00,reported,actual_generation_de_2024_2025,8118719a1cd35b8bac2f3933ca90094fc3fdbe4eaf8b653e88e4097514ae2f64
2025-01-11T05:00:00+00:00,2025-01-11T06:00:00+00:00,20250111,2025-01-11,2025,1,1,January,2,6,Saturday,true,6,06:00,60,false,0,10,fossil_gas,Fossil gas,conventional,false,10,10410.75,10410.75,reported,actual_generation_de_2024_2025,8118719a1cd35b8bac2f3933ca90094fc3fdbe4eaf8b653e88e4097514ae2f64
2025-01-11T05:00:00+00:00,2025-01-11T06:00:00+00:00,20250111,2025-01-11,2025,1,1,January,2,6,Saturday,true,6,06:00,60,false,0,11,hydro_pumped_storage,Hydro pumped storage,storage,false,11,9.00,9.00,reported,actual_generation_de_2024_2025,8118719a1cd35b8bac2f3933ca90094fc3fdbe4eaf8b653e88e4097514ae2f64
2025-01-11T05:00:00+00:00,2025-01-11T06:00:00+00:00,20250111,2025-01-11,2025,1,1,January,2,6,Saturday,true,6,06:00,60,false,0,12,other_conventional,Other conventional,conventional,false,12,1744.75,1744.75,reported,actual_generation_de_2024_2025,8118719a1cd35b8bac2f3933ca90094fc3fdbe4eaf8b653e88e4097514ae2f64
2025-01-11T06:00:00+00:00,2025-01-11T07:00:00+00:00,20250111,2025-01-11,2025,1,1,January,2,6,Saturday,true,7,07:00,60,false,0,1,biomass,Biomass,renewable,true,1,4404.00,4404.00,reported,actual_generation_de_2024_2025,8118719a1cd35b8bac2f3933ca90094fc3fdbe4eaf8b653e88e4097514ae2f64
2025-01-11T06:00:00+00:00,2025-01-11T07:00:00+00:00,20250111,2025-01-11,2025,1,1,January,2,6,Saturday,true,7,07:00,60,false,0,2,hydropower,Hydropower,renewable,true,2,1671.00,1671.00,reported,actual_generation_de_2024_2025,8118719a1cd35b8bac2f3933ca90094fc3fdbe4eaf8b653e88e4097514ae2f64
2025-01-11T06:00:00+00:00,2025-01-11T07:00:00+00:00,20250111,2025-01-11,2025,1,1,January,2,6,Saturday,true,7,07:00,60,false,0,3,wind_offshore,Wind offshore,renewable,true,3,2157.00,2157.00,reported,actual_generation_de_2024_2025,8118719a1cd35b8bac2f3933ca90094fc3fdbe4eaf8b653e88e4097514ae2f64
2025-01-11T06:00:00+00:00,2025-01-11T07:00:00+00:00,20250111,2025-01-11,2025,1,1,January,2,6,Saturday,true,7,07:00,60,false,0,4,wind_onshore,Wind onshore,renewable,true,4,19971.50,19971.50,reported,actual_generation_de_2024_2025,8118719a1cd35b8bac2f3933ca90094fc3fdbe4eaf8b653e88e4097514ae2f64
2025-01-11T06:00:00+00:00,2025-01-11T07:00:00+00:00,20250111,2025-01-11,2025,1,1,January,2,6,Saturday,true,7,07:00,60,false,0,5,solar_photovoltaic,Solar photovoltaic,renewable,true,5,8.25,8.25,reported,actual_generation_de_2024_2025,8118719a1cd35b8bac2f3933ca90094fc3fdbe4eaf8b653e88e4097514ae2f64
2025-01-11T06:00:00+00:00,2025-01-11T07:00:00+00:00,20250111,2025-01-11,2025,1,1,January,2,6,Saturday,true,7,07:00,60,false,0,6,other_renewable,Other renewable,renewable,true,6,136.39,136.39,reported,actual_generation_de_2024_2025,8118719a1cd35b8bac2f3933ca90094fc3fdbe4eaf8b653e88e4097514ae2f64
2025-01-11T06:00:00+00:00,2025-01-11T07:00:00+00:00,20250111,2025-01-11,2025,1,1,January,2,6,Saturday,true,7,07:00,60,false,0,7,nuclear,Nuclear,conventional,false,7,,,unavailable,actual_generation_de_2024_2025,8118719a1cd35b8bac2f3933ca90094fc3fdbe4eaf8b653e88e4097514ae2f64
2025-01-11T06:00:00+00:00,2025-01-11T07:00:00+00:00,20250111,2025-01-11,2025,1,1,January,2,6,Saturday,true,7,07:00,60,false,0,8,lignite,Lignite,conventional,false,8,7796.25,7796.25,reported,actual_generation_de_2024_2025,8118719a1cd35b8bac2f3933ca90094fc3fdbe4eaf8b653e88e4097514ae2f64
2025-01-11T06:00:00+00:00,2025-01-11T07:00:00+00:00,20250111,2025-01-11,2025,1,1,January,2,6,Saturday,true,7,07:00,60,false,0,9,hard_coal,Hard coal,conventional,false,9,5640.25,5640.25,reported,actual_generation_de_2024_2025,8118719a1cd35b8bac2f3933ca90094fc3fdbe4eaf8b653e88e4097514ae2f64
2025-01-11T06:00:00+00:00,2025-01-11T07:00:00+00:00,20250111,2025-01-11,2025,1,1,January,2,6,Saturday,true,7,07:00,60,false,0,10,fossil_gas,Fossil gas,conventional,false,10,10264.75,10264.75,reported,actual_generation_de_2024_2025,8118719a1cd35b8bac2f3933ca90094fc3fdbe4eaf8b653e88e4097514ae2f64
2025-01-11T06:00:00+00:00,2025-01-11T07:00:00+00:00,20250111,2025-01-11,2025,1,1,January,2,6,Saturday,true,7,07:00,60,false,0,11,hydro_pumped_storage,Hydro pumped storage,storage,false,11,97.00,97.00,reported,actual_generation_de_2024_2025,8118719a1cd35b8bac2f3933ca90094fc3fdbe4eaf8b653e88e4097514ae2f64
2025-01-11T06:00:00+00:00,2025-01-11T07:00:00+00:00,20250111,2025-01-11,2025,1,1,January,2,6,Saturday,true,7,07:00,60,false,0,12,other_conventional,Other conventional,conventional,false,12,1784.25,1784.25,reported,actual_generation_de_2024_2025,8118719a1cd35b8bac2f3933ca90094fc3fdbe4eaf8b653e88e4097514ae2f64
2025-01-11T07:00:00+00:00,2025-01-11T08:00:00+00:00,20250111,2025-01-11,2025,1,1,January,2,6,Saturday,true,8,08:00,60,false,0,1,biomass,Biomass,renewable,true,1,4589.75,4589.75,reported,actual_generation_de_2024_2025,8118719a1cd35b8bac2f3933ca90094fc3fdbe4eaf8b653e88e4097514ae2f64
2025-01-11T07:00:00+00:00,2025-01-11T08:00:00+00:00,20250111,2025-01-11,2025,1,1,January,2,6,Saturday,true,8,08:00,60,false,0,2,hydropower,Hydropower,renewable,true,2,1683.75,1683.75,reported,actual_generation_de_2024_2025,8118719a1cd35b8bac2f3933ca90094fc3fdbe4eaf8b653e88e4097514ae2f64
2025-01-11T07:00:00+00:00,2025-01-11T08:00:00+00:00,20250111,2025-01-11,2025,1,1,January,2,6,Saturday,true,8,08:00,60,false,0,3,wind_offshore,Wind offshore,renewable,true,3,2191.75,2191.75,reported,actual_generation_de_2024_2025,8118719a1cd35b8bac2f3933ca90094fc3fdbe4eaf8b653e88e4097514ae2f64
2025-01-11T07:00:00+00:00,2025-01-11T08:00:00+00:00,20250111,2025-01-11,2025,1,1,January,2,6,Saturday,true,8,08:00,60,false,0,4,wind_onshore,Wind onshore,renewable,true,4,20882.00,20882.00,reported,actual_generation_de_2024_2025,8118719a1cd35b8bac2f3933ca90094fc3fdbe4eaf8b653e88e4097514ae2f64
2025-01-11T07:00:00+00:00,2025-01-11T08:00:00+00:00,20250111,2025-01-11,2025,1,1,January,2,6,Saturday,true,8,08:00,60,false,0,5,solar_photovoltaic,Solar photovoltaic,renewable,true,5,498.75,498.75,reported,actual_generation_de_2024_2025,8118719a1cd35b8bac2f3933ca90094fc3fdbe4eaf8b653e88e4097514ae2f64
2025-01-11T07:00:00+00:00,2025-01-11T08:00:00+00:00,20250111,2025-01-11,2025,1,1,January,2,6,Saturday,true,8,08:00,60,false,0,6,other_renewable,Other renewable,renewable,true,6,136.11,136.11,reported,actual_generation_de_2024_2025,8118719a1cd35b8bac2f3933ca90094fc3fdbe4eaf8b653e88e4097514ae2f64
2025-01-11T07:00:00+00:00,2025-01-11T08:00:00+00:00,20250111,2025-01-11,2025,1,1,January,2,6,Saturday,true,8,08:00,60,false,0,7,nuclear,Nuclear,conventional,false,7,,,unavailable,actual_generation_de_2024_2025,8118719a1cd35b8bac2f3933ca90094fc3fdbe4eaf8b653e88e4097514ae2f64
2025-01-11T07:00:00+00:00,2025-01-11T08:00:00+00:00,20250111,2025-01-11,2025,1,1,January,2,6,Saturday,true,8,08:00,60,false,0,8,lignite,Lignite,conventional,false,8,8232.25,8232.25,reported,actual_generation_de_2024_2025,8118719a1cd35b8bac2f3933ca90094fc3fdbe4eaf8b653e88e4097514ae2f64
2025-01-11T07:00:00+00:00,2025-01-11T08:00:00+00:00,20250111,2025-01-11,2025,1,1,January,2,6,Saturday,true,8,08:00,60,false,0,9,hard_coal,Hard coal,conventional,false,9,5877.75,5877.75,reported,actual_generation_de_2024_2025,8118719a1cd35b8bac2f3933ca90094fc3fdbe4eaf8b653e88e4097514ae2f64
2025-01-11T07:00:00+00:00,2025-01-11T08:00:00+00:00,20250111,2025-01-11,2025,1,1,January,2,6,Saturday,true,8,08:00,60,false,0,10,fossil_gas,Fossil gas,conventional,false,10,9946.25,9946.25,reported,actual_generation_de_2024_2025,8118719a1cd35b8bac2f3933ca90094fc3fdbe4eaf8b653e88e4097514ae2f64
2025-01-11T07:00:00+00:00,2025-01-11T08:00:00+00:00,20250111,2025-01-11,2025,1,1,January,2,6,Saturday,true,8,08:00,60,false,0,11,hydro_pumped_storage,Hydro pumped storage,storage,false,11,190.25,190.25,reported,actual_generation_de_2024_2025,8118719a1cd35b8bac2f3933ca90094fc3fdbe4eaf8b653e88e4097514ae2f64
2025-01-11T07:00:00+00:00,2025-01-11T08:00:00+00:00,20250111,2025-01-11,2025,1,1,January,2,6,Saturday,true,8,08:00,60,false,0,12,other_conventional,Other conventional,conventional,false,12,1763.00,1763.00,reported,actual_generation_de_2024_2025,8118719a1cd35b8bac2f3933ca90094fc3fdbe4eaf8b653e88e4097514ae2f64
2025-01-11T08:00:00+00:00,2025-01-11T09:00:00+00:00,20250111,2025-01-11,2025,1,1,January,2,6,Saturday,true,9,09:00,60,false,0,1,biomass,Biomass,renewable,true,1,4567.25,4567.25,reported,actual_generation_de_2024_2025,8118719a1cd35b8bac2f3933ca90094fc3fdbe4eaf8b653e88e4097514ae2f64
2025-01-11T08:00:00+00:00,2025-01-11T09:00:00+00:00,20250111,2025-01-11,2025,1,1,January,2,6,Saturday,true,9,09:00,60,false,0,2,hydropower,Hydropower,renewable,true,2,1671.75,1671.75,reported,actual_generation_de_2024_2025,8118719a1cd35b8bac2f3933ca90094fc3fdbe4eaf8b653e88e4097514ae2f64
2025-01-11T08:00:00+00:00,2025-01-11T09:00:00+00:00,20250111,2025-01-11,2025,1,1,January,2,6,Saturday,true,9,09:00,60,false,0,3,wind_offshore,Wind offshore,renewable,true,3,1622.00,1622.00,reported,actual_generation_de_2024_2025,8118719a1cd35b8bac2f3933ca90094fc3fdbe4eaf8b653e88e4097514ae2f64
2025-01-11T08:00:00+00:00,2025-01-11T09:00:00+00:00,20250111,2025-01-11,2025,1,1,January,2,6,Saturday,true,9,09:00,60,false,0,4,wind_onshore,Wind onshore,renewable,true,4,20807.00,20807.00,reported,actual_generation_de_2024_2025,8118719a1cd35b8bac2f3933ca90094fc3fdbe4eaf8b653e88e4097514ae2f64
2025-01-11T08:00:00+00:00,2025-01-11T09:00:00+00:00,20250111,2025-01-11,2025,1,1,January,2,6,Saturday,true,9,09:00,60,false,0,5,solar_photovoltaic,Solar photovoltaic,renewable,true,5,3500.25,3500.25,reported,actual_generation_de_2024_2025,8118719a1cd35b8bac2f3933ca90094fc3fdbe4eaf8b653e88e4097514ae2f64
2025-01-11T08:00:00+00:00,2025-01-11T09:00:00+00:00,20250111,2025-01-11,2025,1,1,January,2,6,Saturday,true,9,09:00,60,false,0,6,other_renewable,Other renewable,renewable,true,6,135.18,135.18,reported,actual_generation_de_2024_2025,8118719a1cd35b8bac2f3933ca90094fc3fdbe4eaf8b653e88e4097514ae2f64
2025-01-11T08:00:00+00:00,2025-01-11T09:00:00+00:00,20250111,2025-01-11,2025,1,1,January,2,6,Saturday,true,9,09:00,60,false,0,7,nuclear,Nuclear,conventional,false,7,,,unavailable,actual_generation_de_2024_2025,8118719a1cd35b8bac2f3933ca90094fc3fdbe4eaf8b653e88e4097514ae2f64
2025-01-11T08:00:00+00:00,2025-01-11T09:00:00+00:00,20250111,2025-01-11,2025,1,1,January,2,6,Saturday,true,9,09:00,60,false,0,8,lignite,Lignite,conventional,false,8,8552.25,8552.25,reported,actual_generation_de_2024_2025,8118719a1cd35b8bac2f3933ca90094fc3fdbe4eaf8b653e88e4097514ae2f64
2025-01-11T08:00:00+00:00,2025-01-11T09:00:00+00:00,20250111,2025-01-11,2025,1,1,January,2,6,Saturday,true,9,09:00,60,false,0,9,hard_coal,Hard coal,conventional,false,9,5772.75,5772.75,reported,actual_generation_de_2024_2025,8118719a1cd35b8bac2f3933ca90094fc3fdbe4eaf8b653e88e4097514ae2f64
2025-01-11T08:00:00+00:00,2025-01-11T09:00:00+00:00,20250111,2025-01-11,2025,1,1,January,2,6,Saturday,true,9,09:00,60,false,0,10,fossil_gas,Fossil gas,conventional,false,10,10765.25,10765.25,reported,actual_generation_de_2024_2025,8118719a1cd35b8bac2f3933ca90094fc3fdbe4eaf8b653e88e4097514ae2f64
2025-01-11T08:00:00+00:00,2025-01-11T09:00:00+00:00,20250111,2025-01-11,2025,1,1,January,2,6,Saturday,true,9,09:00,60,false,0,11,hydro_pumped_storage,Hydro pumped storage,storage,false,11,189.00,189.00,reported,actual_generation_de_2024_2025,8118719a1cd35b8bac2f3933ca90094fc3fdbe4eaf8b653e88e4097514ae2f64
2025-01-11T08:00:00+00:00,2025-01-11T09:00:00+00:00,20250111,2025-01-11,2025,1,1,January,2,6,Saturday,true,9,09:00,60,false,0,12,other_conventional,Other conventional,conventional,false,12,1738.00,1738.00,reported,actual_generation_de_2024_2025,8118719a1cd35b8bac2f3933ca90094fc3fdbe4eaf8b653e88e4097514ae2f64
2025-01-11T09:00:00+00:00,2025-01-11T10:00:00+00:00,20250111,2025-01-11,2025,1,1,January,2,6,Saturday,true,10,10:00,60,false,0,1,biomass,Biomass,renewable,true,1,4502.00,4502.00,reported,actual_generation_de_2024_2025,8118719a1cd35b8bac2f3933ca90094fc3fdbe4eaf8b653e88e4097514ae2f64
2025-01-11T09:00:00+00:00,2025-01-11T10:00:00+00:00,20250111,2025-01-11,2025,1,1,January,2,6,Saturday,true,10,10:00,60,false,0,2,hydropower,Hydropower,renewable,true,2,1667.75,1667.75,reported,actual_generation_de_2024_2025,8118719a1cd35b8bac2f3933ca90094fc3fdbe4eaf8b653e88e4097514ae2f64
2025-01-11T09:00:00+00:00,2025-01-11T10:00:00+00:00,20250111,2025-01-11,2025,1,1,January,2,6,Saturday,true,10,10:00,60,false,0,3,wind_offshore,Wind offshore,renewable,true,3,1215.75,1215.75,reported,actual_generation_de_2024_2025,8118719a1cd35b8bac2f3933ca90094fc3fdbe4eaf8b653e88e4097514ae2f64
2025-01-11T09:00:00+00:00,2025-01-11T10:00:00+00:00,20250111,2025-01-11,2025,1,1,January,2,6,Saturday,true,10,10:00,60,false,0,4,wind_onshore,Wind onshore,renewable,true,4,20553.50,20553.50,reported,actual_generation_de_2024_2025,8118719a1cd35b8bac2f3933ca90094fc3fdbe4eaf8b653e88e4097514ae2f64
2025-01-11T09:00:00+00:00,2025-01-11T10:00:00+00:00,20250111,2025-01-11,2025,1,1,January,2,6,Saturday,true,10,10:00,60,false,0,5,solar_photovoltaic,Solar photovoltaic,renewable,true,5,7584.75,7584.75,reported,actual_generation_de_2024_2025,8118719a1cd35b8bac2f3933ca90094fc3fdbe4eaf8b653e88e4097514ae2f64
2025-01-11T09:00:00+00:00,2025-01-11T10:00:00+00:00,20250111,2025-01-11,2025,1,1,January,2,6,Saturday,true,10,10:00,60,false,0,6,other_renewable,Other renewable,renewable,true,6,135.06,135.06,reported,actual_generation_de_2024_2025,8118719a1cd35b8bac2f3933ca90094fc3fdbe4eaf8b653e88e4097514ae2f64
2025-01-11T09:00:00+00:00,2025-01-11T10:00:00+00:00,20250111,2025-01-11,2025,1,1,January,2,6,Saturday,true,10,10:00,60,false,0,7,nuclear,Nuclear,conventional,false,7,,,unavailable,actual_generation_de_2024_2025,8118719a1cd35b8bac2f3933ca90094fc3fdbe4eaf8b653e88e4097514ae2f64
2025-01-11T09:00:00+00:00,2025-01-11T10:00:00+00:00,20250111,2025-01-11,2025,1,1,January,2,6,Saturday,true,10,10:00,60,false,0,8,lignite,Lignite,conventional,false,8,8760.75,8760.75,reported,actual_generation_de_2024_2025,8118719a1cd35b8bac2f3933ca90094fc3fdbe4eaf8b653e88e4097514ae2f64
2025-01-11T09:00:00+00:00,2025-01-11T10:00:00+00:00,20250111,2025-01-11,2025,1,1,January,2,6,Saturday,true,10,10:00,60,false,0,9,hard_coal,Hard coal,conventional,false,9,5330.25,5330.25,reported,actual_generation_de_2024_2025,8118719a1cd35b8bac2f3933ca90094fc3fdbe4eaf8b653e88e4097514ae2f64
2025-01-11T09:00:00+00:00,2025-01-11T10:00:00+00:00,20250111,2025-01-11,2025,1,1,January,2,6,Saturday,true,10,10:00,60,false,0,10,fossil_gas,Fossil gas,conventional,false,10,11517.25,11517.25,reported,actual_generation_de_2024_2025,8118719a1cd35b8bac2f3933ca90094fc3fdbe4eaf8b653e88e4097514ae2f64
2025-01-11T09:00:00+00:00,2025-01-11T10:00:00+00:00,20250111,2025-01-11,2025,1,1,January,2,6,Saturday,true,10,10:00,60,false,0,11,hydro_pumped_storage,Hydro pumped storage,storage,false,11,180.00,180.00,reported,actual_generation_de_2024_2025,8118719a1cd35b8bac2f3933ca90094fc3fdbe4eaf8b653e88e4097514ae2f64
2025-01-11T09:00:00+00:00,2025-01-11T10:00:00+00:00,20250111,2025-01-11,2025,1,1,January,2,6,Saturday,true,10,10:00,60,false,0,12,other_conventional,Other conventional,conventional,false,12,1695.25,1695.25,reported,actual_generation_de_2024_2025,8118719a1cd35b8bac2f3933ca90094fc3fdbe4eaf8b653e88e4097514ae2f64
2025-01-11T10:00:00+00:00,2025-01-11T11:00:00+00:00,20250111,2025-01-11,2025,1,1,January,2,6,Saturday,true,11,11:00,60,false,0,1,biomass,Biomass,renewable,true,1,4381.25,4381.25,reported,actual_generation_de_2024_2025,8118719a1cd35b8bac2f3933ca90094fc3fdbe4eaf8b653e88e4097514ae2f64
2025-01-11T10:00:00+00:00,2025-01-11T11:00:00+00:00,20250111,2025-01-11,2025,1,1,January,2,6,Saturday,true,11,11:00,60,false,0,2,hydropower,Hydropower,renewable,true,2,1656.50,1656.50,reported,actual_generation_de_2024_2025,8118719a1cd35b8bac2f3933ca90094fc3fdbe4eaf8b653e88e4097514ae2f64
2025-01-11T10:00:00+00:00,2025-01-11T11:00:00+00:00,20250111,2025-01-11,2025,1,1,January,2,6,Saturday,true,11,11:00,60,false,0,3,wind_offshore,Wind offshore,renewable,true,3,1055.50,1055.50,reported,actual_generation_de_2024_2025,8118719a1cd35b8bac2f3933ca90094fc3fdbe4eaf8b653e88e4097514ae2f64
2025-01-11T10:00:00+00:00,2025-01-11T11:00:00+00:00,20250111,2025-01-11,2025,1,1,January,2,6,Saturday,true,11,11:00,60,false,0,4,wind_onshore,Wind onshore,renewable,true,4,20858.00,20858.00,reported,actual_generation_de_2024_2025,8118719a1cd35b8bac2f3933ca90094fc3fdbe4eaf8b653e88e4097514ae2f64
2025-01-11T10:00:00+00:00,2025-01-11T11:00:00+00:00,20250111,2025-01-11,2025,1,1,January,2,6,Saturday,true,11,11:00,60,false,0,5,solar_photovoltaic,Solar photovoltaic,renewable,true,5,10430.75,10430.75,reported,actual_generation_de_2024_2025,8118719a1cd35b8bac2f3933ca90094fc3fdbe4eaf8b653e88e4097514ae2f64
2025-01-11T10:00:00+00:00,2025-01-11T11:00:00+00:00,20250111,2025-01-11,2025,1,1,January,2,6,Saturday,true,11,11:00,60,false,0,6,other_renewable,Other renewable,renewable,true,6,135.35,135.35,reported,actual_generation_de_2024_2025,8118719a1cd35b8bac2f3933ca90094fc3fdbe4eaf8b653e88e4097514ae2f64
2025-01-11T10:00:00+00:00,2025-01-11T11:00:00+00:00,20250111,2025-01-11,2025,1,1,January,2,6,Saturday,true,11,11:00,60,false,0,7,nuclear,Nuclear,conventional,false,7,,,unavailable,actual_generation_de_2024_2025,8118719a1cd35b8bac2f3933ca90094fc3fdbe4eaf8b653e88e4097514ae2f64
2025-01-11T10:00:00+00:00,2025-01-11T11:00:00+00:00,20250111,2025-01-11,2025,1,1,January,2,6,Saturday,true,11,11:00,60,false,0,8,lignite,Lignite,conventional,false,8,8695.25,8695.25,reported,actual_generation_de_2024_2025,8118719a1cd35b8bac2f3933ca90094fc3fdbe4eaf8b653e88e4097514ae2f64
2025-01-11T10:00:00+00:00,2025-01-11T11:00:00+00:00,20250111,2025-01-11,2025,1,1,January,2,6,Saturday,true,11,11:00,60,false,0,9,hard_coal,Hard coal,conventional,false,9,4903.25,4903.25,reported,actual_generation_de_2024_2025,8118719a1cd35b8bac2f3933ca90094fc3fdbe4eaf8b653e88e4097514ae2f64
2025-01-11T10:00:00+00:00,2025-01-11T11:00:00+00:00,20250111,2025-01-11,2025,1,1,January,2,6,Saturday,true,11,11:00,60,false,0,10,fossil_gas,Fossil gas,conventional,false,10,11786.25,11786.25,reported,actual_generation_de_2024_2025,8118719a1cd35b8bac2f3933ca90094fc3fdbe4eaf8b653e88e4097514ae2f64
2025-01-11T10:00:00+00:00,2025-01-11T11:00:00+00:00,20250111,2025-01-11,2025,1,1,January,2,6,Saturday,true,11,11:00,60,false,0,11,hydro_pumped_storage,Hydro pumped storage,storage,false,11,24.00,24.00,reported,actual_generation_de_2024_2025,8118719a1cd35b8bac2f3933ca90094fc3fdbe4eaf8b653e88e4097514ae2f64
2025-01-11T10:00:00+00:00,2025-01-11T11:00:00+00:00,20250111,2025-01-11,2025,1,1,January,2,6,Saturday,true,11,11:00,60,false,0,12,other_conventional,Other conventional,conventional,false,12,1682.50,1682.50,reported,actual_generation_de_2024_2025,8118719a1cd35b8bac2f3933ca90094fc3fdbe4eaf8b653e88e4097514ae2f64
2025-01-11T11:00:00+00:00,2025-01-11T12:00:00+00:00,20250111,2025-01-11,2025,1,1,January,2,6,Saturday,true,12,12:00,60,false,0,1,biomass,Biomass,renewable,true,1,4286.00,4286.00,reported,actual_generation_de_2024_2025,8118719a1cd35b8bac2f3933ca90094fc3fdbe4eaf8b653e88e4097514ae2f64
2025-01-11T11:00:00+00:00,2025-01-11T12:00:00+00:00,20250111,2025-01-11,2025,1,1,January,2,6,Saturday,true,12,12:00,60,false,0,2,hydropower,Hydropower,renewable,true,2,1685.25,1685.25,reported,actual_generation_de_2024_2025,8118719a1cd35b8bac2f3933ca90094fc3fdbe4eaf8b653e88e4097514ae2f64
2025-01-11T11:00:00+00:00,2025-01-11T12:00:00+00:00,20250111,2025-01-11,2025,1,1,January,2,6,Saturday,true,12,12:00,60,false,0,3,wind_offshore,Wind offshore,renewable,true,3,883.50,883.50,reported,actual_generation_de_2024_2025,8118719a1cd35b8bac2f3933ca90094fc3fdbe4eaf8b653e88e4097514ae2f64
2025-01-11T11:00:00+00:00,2025-01-11T12:00:00+00:00,20250111,2025-01-11,2025,1,1,January,2,6,Saturday,true,12,12:00,60,false,0,4,wind_onshore,Wind onshore,renewable,true,4,21159.25,21159.25,reported,actual_generation_de_2024_2025,8118719a1cd35b8bac2f3933ca90094fc3fdbe4eaf8b653e88e4097514ae2f64
2025-01-11T11:00:00+00:00,2025-01-11T12:00:00+00:00,20250111,2025-01-11,2025,1,1,January,2,6,Saturday,true,12,12:00,60,false,0,5,solar_photovoltaic,Solar photovoltaic,renewable,true,5,10649.00,10649.00,reported,actual_generation_de_2024_2025,8118719a1cd35b8bac2f3933ca90094fc3fdbe4eaf8b653e88e4097514ae2f64
2025-01-11T11:00:00+00:00,2025-01-11T12:00:00+00:00,20250111,2025-01-11,2025,1,1,January,2,6,Saturday,true,12,12:00,60,false,0,6,other_renewable,Other renewable,renewable,true,6,134.76,134.76,reported,actual_generation_de_2024_2025,8118719a1cd35b8bac2f3933ca90094fc3fdbe4eaf8b653e88e4097514ae2f64
2025-01-11T11:00:00+00:00,2025-01-11T12:00:00+00:00,20250111,2025-01-11,2025,1,1,January,2,6,Saturday,true,12,12:00,60,false,0,7,nuclear,Nuclear,conventional,false,7,,,unavailable,actual_generation_de_2024_2025,8118719a1cd35b8bac2f3933ca90094fc3fdbe4eaf8b653e88e4097514ae2f64
2025-01-11T11:00:00+00:00,2025-01-11T12:00:00+00:00,20250111,2025-01-11,2025,1,1,January,2,6,Saturday,true,12,12:00,60,false,0,8,lignite,Lignite,conventional,false,8,7895.50,7895.50,reported,actual_generation_de_2024_2025,8118719a1cd35b8bac2f3933ca90094fc3fdbe4eaf8b653e88e4097514ae2f64
2025-01-11T11:00:00+00:00,2025-01-11T12:00:00+00:00,20250111,2025-01-11,2025,1,1,January,2,6,Saturday,true,12,12:00,60,false,0,9,hard_coal,Hard coal,conventional,false,9,5259.75,5259.75,reported,actual_generation_de_2024_2025,8118719a1cd35b8bac2f3933ca90094fc3fdbe4eaf8b653e88e4097514ae2f64
2025-01-11T11:00:00+00:00,2025-01-11T12:00:00+00:00,20250111,2025-01-11,2025,1,1,January,2,6,Saturday,true,12,12:00,60,false,0,10,fossil_gas,Fossil gas,conventional,false,10,11937.50,11937.50,reported,actual_generation_de_2024_2025,8118719a1cd35b8bac2f3933ca90094fc3fdbe4eaf8b653e88e4097514ae2f64
2025-01-11T11:00:00+00:00,2025-01-11T12:00:00+00:00,20250111,2025-01-11,2025,1,1,January,2,6,Saturday,true,12,12:00,60,false,0,11,hydro_pumped_storage,Hydro pumped storage,storage,false,11,176.75,176.75,reported,actual_generation_de_2024_2025,8118719a1cd35b8bac2f3933ca90094fc3fdbe4eaf8b653e88e4097514ae2f64
2025-01-11T11:00:00+00:00,2025-01-11T12:00:00+00:00,20250111,2025-01-11,2025,1,1,January,2,6,Saturday,true,12,12:00,60,false,0,12,other_conventional,Other conventional,conventional,false,12,1776.25,1776.25,reported,actual_generation_de_2024_2025,8118719a1cd35b8bac2f3933ca90094fc3fdbe4eaf8b653e88e4097514ae2f64
2025-01-11T12:00:00+00:00,2025-01-11T13:00:00+00:00,20250111,2025-01-11,2025,1,1,January,2,6,Saturday,true,13,13:00,60,false,0,1,biomass,Biomass,renewable,true,1,4293.00,4293.00,reported,actual_generation_de_2024_2025,8118719a1cd35b8bac2f3933ca90094fc3fdbe4eaf8b653e88e4097514ae2f64
2025-01-11T12:00:00+00:00,2025-01-11T13:00:00+00:00,20250111,2025-01-11,2025,1,1,January,2,6,Saturday,true,13,13:00,60,false,0,2,hydropower,Hydropower,renewable,true,2,1720.50,1720.50,reported,actual_generation_de_2024_2025,8118719a1cd35b8bac2f3933ca90094fc3fdbe4eaf8b653e88e4097514ae2f64
2025-01-11T12:00:00+00:00,2025-01-11T13:00:00+00:00,20250111,2025-01-11,2025,1,1,January,2,6,Saturday,true,13,13:00,60,false,0,3,wind_offshore,Wind offshore,renewable,true,3,1118.25,1118.25,reported,actual_generation_de_2024_2025,8118719a1cd35b8bac2f3933ca90094fc3fdbe4eaf8b653e88e4097514ae2f64
2025-01-11T12:00:00+00:00,2025-01-11T13:00:00+00:00,20250111,2025-01-11,2025,1,1,January,2,6,Saturday,true,13,13:00,60,false,0,4,wind_onshore,Wind onshore,renewable,true,4,21803.75,21803.75,reported,actual_generation_de_2024_2025,8118719a1cd35b8bac2f3933ca90094fc3fdbe4eaf8b653e88e4097514ae2f64
2025-01-11T12:00:00+00:00,2025-01-11T13:00:00+00:00,20250111,2025-01-11,2025,1,1,January,2,6,Saturday,true,13,13:00,60,false,0,5,solar_photovoltaic,Solar photovoltaic,renewable,true,5,9328.50,9328.50,reported,actual_generation_de_2024_2025,8118719a1cd35b8bac2f3933ca90094fc3fdbe4eaf8b653e88e4097514ae2f64
2025-01-11T12:00:00+00:00,2025-01-11T13:00:00+00:00,20250111,2025-01-11,2025,1,1,January,2,6,Saturday,true,13,13:00,60,false,0,6,other_renewable,Other renewable,renewable,true,6,134.27,134.27,reported,actual_generation_de_2024_2025,8118719a1cd35b8bac2f3933ca90094fc3fdbe4eaf8b653e88e4097514ae2f64
2025-01-11T12:00:00+00:00,2025-01-11T13:00:00+00:00,20250111,2025-01-11,2025,1,1,January,2,6,Saturday,true,13,13:00,60,false,0,7,nuclear,Nuclear,conventional,false,7,,,unavailable,actual_generation_de_2024_2025,8118719a1cd35b8bac2f3933ca90094fc3fdbe4eaf8b653e88e4097514ae2f64
2025-01-11T12:00:00+00:00,2025-01-11T13:00:00+00:00,20250111,2025-01-11,2025,1,1,January,2,6,Saturday,true,13,13:00,60,false,0,8,lignite,Lignite,conventional,false,8,7630.75,7630.75,reported,actual_generation_de_2024_2025,8118719a1cd35b8bac2f3933ca90094fc3fdbe4eaf8b653e88e4097514ae2f64
2025-01-11T12:00:00+00:00,2025-01-11T13:00:00+00:00,20250111,2025-01-11,2025,1,1,January,2,6,Saturday,true,13,13:00,60,false,0,9,hard_coal,Hard coal,conventional,false,9,6010.50,6010.50,reported,actual_generation_de_2024_2025,8118719a1cd35b8bac2f3933ca90094fc3fdbe4eaf8b653e88e4097514ae2f64
2025-01-11T12:00:00+00:00,2025-01-11T13:00:00+00:00,20250111,2025-01-11,2025,1,1,January,2,6,Saturday,true,13,13:00,60,false,0,10,fossil_gas,Fossil gas,conventional,false,10,12063.75,12063.75,reported,actual_generation_de_2024_2025,8118719a1cd35b8bac2f3933ca90094fc3fdbe4eaf8b653e88e4097514ae2f64
2025-01-11T12:00:00+00:00,2025-01-11T13:00:00+00:00,20250111,2025-01-11,2025,1,1,January,2,6,Saturday,true,13,13:00,60,false,0,11,hydro_pumped_storage,Hydro pumped storage,storage,false,11,242.50,242.50,reported,actual_generation_de_2024_2025,8118719a1cd35b8bac2f3933ca90094fc3fdbe4eaf8b653e88e4097514ae2f64
2025-01-11T12:00:00+00:00,2025-01-11T13:00:00+00:00,20250111,2025-01-11,2025,1,1,January,2,6,Saturday,true,13,13:00,60,false,0,12,other_conventional,Other conventional,conventional,false,12,1825.25,1825.25,reported,actual_generation_de_2024_2025,8118719a1cd35b8bac2f3933ca90094fc3fdbe4eaf8b653e88e4097514ae2f64
2025-01-11T13:00:00+00:00,2025-01-11T14:00:00+00:00,20250111,2025-01-11,2025,1,1,January,2,6,Saturday,true,14,14:00,60,false,0,1,biomass,Biomass,renewable,true,1,4322.50,4322.50,reported,actual_generation_de_2024_2025,8118719a1cd35b8bac2f3933ca90094fc3fdbe4eaf8b653e88e4097514ae2f64
2025-01-11T13:00:00+00:00,2025-01-11T14:00:00+00:00,20250111,2025-01-11,2025,1,1,January,2,6,Saturday,true,14,14:00,60,false,0,2,hydropower,Hydropower,renewable,true,2,1692.00,1692.00,reported,actual_generation_de_2024_2025,8118719a1cd35b8bac2f3933ca90094fc3fdbe4eaf8b653e88e4097514ae2f64
2025-01-11T13:00:00+00:00,2025-01-11T14:00:00+00:00,20250111,2025-01-11,2025,1,1,January,2,6,Saturday,true,14,14:00,60,false,0,3,wind_offshore,Wind offshore,renewable,true,3,2119.00,2119.00,reported,actual_generation_de_2024_2025,8118719a1cd35b8bac2f3933ca90094fc3fdbe4eaf8b653e88e4097514ae2f64
2025-01-11T13:00:00+00:00,2025-01-11T14:00:00+00:00,20250111,2025-01-11,2025,1,1,January,2,6,Saturday,true,14,14:00,60,false,0,4,wind_onshore,Wind onshore,renewable,true,4,22701.00,22701.00,reported,actual_generation_de_2024_2025,8118719a1cd35b8bac2f3933ca90094fc3fdbe4eaf8b653e88e4097514ae2f64
2025-01-11T13:00:00+00:00,2025-01-11T14:00:00+00:00,20250111,2025-01-11,2025,1,1,January,2,6,Saturday,true,14,14:00,60,false,0,5,solar_photovoltaic,Solar photovoltaic,renewable,true,5,6512.00,6512.00,reported,actual_generation_de_2024_2025,8118719a1cd35b8bac2f3933ca90094fc3fdbe4eaf8b653e88e4097514ae2f64
2025-01-11T13:00:00+00:00,2025-01-11T14:00:00+00:00,20250111,2025-01-11,2025,1,1,January,2,6,Saturday,true,14,14:00,60,false,0,6,other_renewable,Other renewable,renewable,true,6,134.42,134.42,reported,actual_generation_de_2024_2025,8118719a1cd35b8bac2f3933ca90094fc3fdbe4eaf8b653e88e4097514ae2f64
2025-01-11T13:00:00+00:00,2025-01-11T14:00:00+00:00,20250111,2025-01-11,2025,1,1,January,2,6,Saturday,true,14,14:00,60,false,0,7,nuclear,Nuclear,conventional,false,7,,,unavailable,actual_generation_de_2024_2025,8118719a1cd35b8bac2f3933ca90094fc3fdbe4eaf8b653e88e4097514ae2f64
2025-01-11T13:00:00+00:00,2025-01-11T14:00:00+00:00,20250111,2025-01-11,2025,1,1,January,2,6,Saturday,true,14,14:00,60,false,0,8,lignite,Lignite,conventional,false,8,7919.00,7919.00,reported,actual_generation_de_2024_2025,8118719a1cd35b8bac2f3933ca90094fc3fdbe4eaf8b653e88e4097514ae2f64
2025-01-11T13:00:00+00:00,2025-01-11T14:00:00+00:00,20250111,2025-01-11,2025,1,1,January,2,6,Saturday,true,14,14:00,60,false,0,9,hard_coal,Hard coal,conventional,false,9,6328.75,6328.75,reported,actual_generation_de_2024_2025,8118719a1cd35b8bac2f3933ca90094fc3fdbe4eaf8b653e88e4097514ae2f64
2025-01-11T13:00:00+00:00,2025-01-11T14:00:00+00:00,20250111,2025-01-11,2025,1,1,January,2,6,Saturday,true,14,14:00,60,false,0,10,fossil_gas,Fossil gas,conventional,false,10,11991.00,11991.00,reported,actual_generation_de_2024_2025,8118719a1cd35b8bac2f3933ca90094fc3fdbe4eaf8b653e88e4097514ae2f64
2025-01-11T13:00:00+00:00,2025-01-11T14:00:00+00:00,20250111,2025-01-11,2025,1,1,January,2,6,Saturday,true,14,14:00,60,false,0,11,hydro_pumped_storage,Hydro pumped storage,storage,false,11,132.00,132.00,reported,actual_generation_de_2024_2025,8118719a1cd35b8bac2f3933ca90094fc3fdbe4eaf8b653e88e4097514ae2f64
2025-01-11T13:00:00+00:00,2025-01-11T14:00:00+00:00,20250111,2025-01-11,2025,1,1,January,2,6,Saturday,true,14,14:00,60,false,0,12,other_conventional,Other conventional,conventional,false,12,1914.75,1914.75,reported,actual_generation_de_2024_2025,8118719a1cd35b8bac2f3933ca90094fc3fdbe4eaf8b653e88e4097514ae2f64
2025-01-11T14:00:00+00:00,2025-01-11T15:00:00+00:00,20250111,2025-01-11,2025,1,1,January,2,6,Saturday,true,15,15:00,60,false,0,1,biomass,Biomass,renewable,true,1,4411.25,4411.25,reported,actual_generation_de_2024_2025,8118719a1cd35b8bac2f3933ca90094fc3fdbe4eaf8b653e88e4097514ae2f64
2025-01-11T14:00:00+00:00,2025-01-11T15:00:00+00:00,20250111,2025-01-11,2025,1,1,January,2,6,Saturday,true,15,15:00,60,false,0,2,hydropower,Hydropower,renewable,true,2,1682.25,1682.25,reported,actual_generation_de_2024_2025,8118719a1cd35b8bac2f3933ca90094fc3fdbe4eaf8b653e88e4097514ae2f64
2025-01-11T14:00:00+00:00,2025-01-11T15:00:00+00:00,20250111,2025-01-11,2025,1,1,January,2,6,Saturday,true,15,15:00,60,false,0,3,wind_offshore,Wind offshore,renewable,true,3,3012.75,3012.75,reported,actual_generation_de_2024_2025,8118719a1cd35b8bac2f3933ca90094fc3fdbe4eaf8b653e88e4097514ae2f64
2025-01-11T14:00:00+00:00,2025-01-11T15:00:00+00:00,20250111,2025-01-11,2025,1,1,January,2,6,Saturday,true,15,15:00,60,false,0,4,wind_onshore,Wind onshore,renewable,true,4,24035.50,24035.50,reported,actual_generation_de_2024_2025,8118719a1cd35b8bac2f3933ca90094fc3fdbe4eaf8b653e88e4097514ae2f64
2025-01-11T14:00:00+00:00,2025-01-11T15:00:00+00:00,20250111,2025-01-11,2025,1,1,January,2,6,Saturday,true,15,15:00,60,false,0,5,solar_photovoltaic,Solar photovoltaic,renewable,true,5,2913.25,2913.25,reported,actual_generation_de_2024_2025,8118719a1cd35b8bac2f3933ca90094fc3fdbe4eaf8b653e88e4097514ae2f64
2025-01-11T14:00:00+00:00,2025-01-11T15:00:00+00:00,20250111,2025-01-11,2025,1,1,January,2,6,Saturday,true,15,15:00,60,false,0,6,other_renewable,Other renewable,renewable,true,6,136.68,136.68,reported,actual_generation_de_2024_2025,8118719a1cd35b8bac2f3933ca90094fc3fdbe4eaf8b653e88e4097514ae2f64
2025-01-11T14:00:00+00:00,2025-01-11T15:00:00+00:00,20250111,2025-01-11,2025,1,1,January,2,6,Saturday,true,15,15:00,60,false,0,7,nuclear,Nuclear,conventional,false,7,,,unavailable,actual_generation_de_2024_2025,8118719a1cd35b8bac2f3933ca90094fc3fdbe4eaf8b653e88e4097514ae2f64
2025-01-11T14:00:00+00:00,2025-01-11T15:00:00+00:00,20250111,2025-01-11,2025,1,1,January,2,6,Saturday,true,15,15:00,60,false,0,8,lignite,Lignite,conventional,false,8,7856.50,7856.50,reported,actual_generation_de_2024_2025,8118719a1cd35b8bac2f3933ca90094fc3fdbe4eaf8b653e88e4097514ae2f64
2025-01-11T14:00:00+00:00,2025-01-11T15:00:00+00:00,20250111,2025-01-11,2025,1,1,January,2,6,Saturday,true,15,15:00,60,false,0,9,hard_coal,Hard coal,conventional,false,9,6153.50,6153.50,reported,actual_generation_de_2024_2025,8118719a1cd35b8bac2f3933ca90094fc3fdbe4eaf8b653e88e4097514ae2f64
2025-01-11T14:00:00+00:00,2025-01-11T15:00:00+00:00,20250111,2025-01-11,2025,1,1,January,2,6,Saturday,true,15,15:00,60,false,0,10,fossil_gas,Fossil gas,conventional,false,10,12578.75,12578.75,reported,actual_generation_de_2024_2025,8118719a1cd35b8bac2f3933ca90094fc3fdbe4eaf8b653e88e4097514ae2f64
2025-01-11T14:00:00+00:00,2025-01-11T15:00:00+00:00,20250111,2025-01-11,2025,1,1,January,2,6,Saturday,true,15,15:00,60,false,0,11,hydro_pumped_storage,Hydro pumped storage,storage,false,11,52.75,52.75,reported,actual_generation_de_2024_2025,8118719a1cd35b8bac2f3933ca90094fc3fdbe4eaf8b653e88e4097514ae2f64
2025-01-11T14:00:00+00:00,2025-01-11T15:00:00+00:00,20250111,2025-01-11,2025,1,1,January,2,6,Saturday,true,15,15:00,60,false,0,12,other_conventional,Other conventional,conventional,false,12,1881.00,1881.00,reported,actual_generation_de_2024_2025,8118719a1cd35b8bac2f3933ca90094fc3fdbe4eaf8b653e88e4097514ae2f64
2025-01-11T15:00:00+00:00,2025-01-11T16:00:00+00:00,20250111,2025-01-11,2025,1,1,January,2,6,Saturday,true,16,16:00,60,false,0,1,biomass,Biomass,renewable,true,1,4611.25,4611.25,reported,actual_generation_de_2024_2025,8118719a1cd35b8bac2f3933ca90094fc3fdbe4eaf8b653e88e4097514ae2f64
2025-01-11T15:00:00+00:00,2025-01-11T16:00:00+00:00,20250111,2025-01-11,2025,1,1,January,2,6,Saturday,true,16,16:00,60,false,0,2,hydropower,Hydropower,renewable,true,2,1681.00,1681.00,reported,actual_generation_de_2024_2025,8118719a1cd35b8bac2f3933ca90094fc3fdbe4eaf8b653e88e4097514ae2f64
2025-01-11T15:00:00+00:00,2025-01-11T16:00:00+00:00,20250111,2025-01-11,2025,1,1,January,2,6,Saturday,true,16,16:00,60,false,0,3,wind_offshore,Wind offshore,renewable,true,3,3763.00,3763.00,reported,actual_generation_de_2024_2025,8118719a1cd35b8bac2f3933ca90094fc3fdbe4eaf8b653e88e4097514ae2f64
2025-01-11T15:00:00+00:00,2025-01-11T16:00:00+00:00,20250111,2025-01-11,2025,1,1,January,2,6,Saturday,true,16,16:00,60,false,0,4,wind_onshore,Wind onshore,renewable,true,4,25787.50,25787.50,reported,actual_generation_de_2024_2025,8118719a1cd35b8bac2f3933ca90094fc3fdbe4eaf8b653e88e4097514ae2f64
2025-01-11T15:00:00+00:00,2025-01-11T16:00:00+00:00,20250111,2025-01-11,2025,1,1,January,2,6,Saturday,true,16,16:00,60,false,0,5,solar_photovoltaic,Solar photovoltaic,renewable,true,5,329.75,329.75,reported,actual_generation_de_2024_2025,8118719a1cd35b8bac2f3933ca90094fc3fdbe4eaf8b653e88e4097514ae2f64
2025-01-11T15:00:00+00:00,2025-01-11T16:00:00+00:00,20250111,2025-01-11,2025,1,1,January,2,6,Saturday,true,16,16:00,60,false,0,6,other_renewable,Other renewable,renewable,true,6,137.53,137.53,reported,actual_generation_de_2024_2025,8118719a1cd35b8bac2f3933ca90094fc3fdbe4eaf8b653e88e4097514ae2f64
2025-01-11T15:00:00+00:00,2025-01-11T16:00:00+00:00,20250111,2025-01-11,2025,1,1,January,2,6,Saturday,true,16,16:00,60,false,0,7,nuclear,Nuclear,conventional,false,7,,,unavailable,actual_generation_de_2024_2025,8118719a1cd35b8bac2f3933ca90094fc3fdbe4eaf8b653e88e4097514ae2f64
2025-01-11T15:00:00+00:00,2025-01-11T16:00:00+00:00,20250111,2025-01-11,2025,1,1,January,2,6,Saturday,true,16,16:00,60,false,0,8,lignite,Lignite,conventional,false,8,7730.50,7730.50,reported,actual_generation_de_2024_2025,8118719a1cd35b8bac2f3933ca90094fc3fdbe4eaf8b653e88e4097514ae2f64
2025-01-11T15:00:00+00:00,2025-01-11T16:00:00+00:00,20250111,2025-01-11,2025,1,1,January,2,6,Saturday,true,16,16:00,60,false,0,9,hard_coal,Hard coal,conventional,false,9,6229.25,6229.25,reported,actual_generation_de_2024_2025,8118719a1cd35b8bac2f3933ca90094fc3fdbe4eaf8b653e88e4097514ae2f64
2025-01-11T15:00:00+00:00,2025-01-11T16:00:00+00:00,20250111,2025-01-11,2025,1,1,January,2,6,Saturday,true,16,16:00,60,false,0,10,fossil_gas,Fossil gas,conventional,false,10,12849.75,12849.75,reported,actual_generation_de_2024_2025,8118719a1cd35b8bac2f3933ca90094fc3fdbe4eaf8b653e88e4097514ae2f64
2025-01-11T15:00:00+00:00,2025-01-11T16:00:00+00:00,20250111,2025-01-11,2025,1,1,January,2,6,Saturday,true,16,16:00,60,false,0,11,hydro_pumped_storage,Hydro pumped storage,storage,false,11,217.75,217.75,reported,actual_generation_de_2024_2025,8118719a1cd35b8bac2f3933ca90094fc3fdbe4eaf8b653e88e4097514ae2f64
2025-01-11T15:00:00+00:00,2025-01-11T16:00:00+00:00,20250111,2025-01-11,2025,1,1,January,2,6,Saturday,true,16,16:00,60,false,0,12,other_conventional,Other conventional,conventional,false,12,1711.75,1711.75,reported,actual_generation_de_2024_2025,8118719a1cd35b8bac2f3933ca90094fc3fdbe4eaf8b653e88e4097514ae2f64
2025-01-11T16:00:00+00:00,2025-01-11T17:00:00+00:00,20250111,2025-01-11,2025,1,1,January,2,6,Saturday,true,17,17:00,60,false,0,1,biomass,Biomass,renewable,true,1,4778.00,4778.00,reported,actual_generation_de_2024_2025,8118719a1cd35b8bac2f3933ca90094fc3fdbe4eaf8b653e88e4097514ae2f64
2025-01-11T16:00:00+00:00,2025-01-11T17:00:00+00:00,20250111,2025-01-11,2025,1,1,January,2,6,Saturday,true,17,17:00,60,false,0,2,hydropower,Hydropower,renewable,true,2,1696.75,1696.75,reported,actual_generation_de_2024_2025,8118719a1cd35b8bac2f3933ca90094fc3fdbe4eaf8b653e88e4097514ae2f64
2025-01-11T16:00:00+00:00,2025-01-11T17:00:00+00:00,20250111,2025-01-11,2025,1,1,January,2,6,Saturday,true,17,17:00,60,false,0,3,wind_offshore,Wind offshore,renewable,true,3,3852.75,3852.75,reported,actual_generation_de_2024_2025,8118719a1cd35b8bac2f3933ca90094fc3fdbe4eaf8b653e88e4097514ae2f64
2025-01-11T16:00:00+00:00,2025-01-11T17:00:00+00:00,20250111,2025-01-11,2025,1,1,January,2,6,Saturday,true,17,17:00,60,false,0,4,wind_onshore,Wind onshore,renewable,true,4,26837.25,26837.25,reported,actual_generation_de_2024_2025,8118719a1cd35b8bac2f3933ca90094fc3fdbe4eaf8b653e88e4097514ae2f64
2025-01-11T16:00:00+00:00,2025-01-11T17:00:00+00:00,20250111,2025-01-11,2025,1,1,January,2,6,Saturday,true,17,17:00,60,false,0,5,solar_photovoltaic,Solar photovoltaic,renewable,true,5,13.00,13.00,reported,actual_generation_de_2024_2025,8118719a1cd35b8bac2f3933ca90094fc3fdbe4eaf8b653e88e4097514ae2f64
2025-01-11T16:00:00+00:00,2025-01-11T17:00:00+00:00,20250111,2025-01-11,2025,1,1,January,2,6,Saturday,true,17,17:00,60,false,0,6,other_renewable,Other renewable,renewable,true,6,137.56,137.56,reported,actual_generation_de_2024_2025,8118719a1cd35b8bac2f3933ca90094fc3fdbe4eaf8b653e88e4097514ae2f64
2025-01-11T16:00:00+00:00,2025-01-11T17:00:00+00:00,20250111,2025-01-11,2025,1,1,January,2,6,Saturday,true,17,17:00,60,false,0,7,nuclear,Nuclear,conventional,false,7,,,unavailable,actual_generation_de_2024_2025,8118719a1cd35b8bac2f3933ca90094fc3fdbe4eaf8b653e88e4097514ae2f64
2025-01-11T16:00:00+00:00,2025-01-11T17:00:00+00:00,20250111,2025-01-11,2025,1,1,January,2,6,Saturday,true,17,17:00,60,false,0,8,lignite,Lignite,conventional,false,8,7823.25,7823.25,reported,actual_generation_de_2024_2025,8118719a1cd35b8bac2f3933ca90094fc3fdbe4eaf8b653e88e4097514ae2f64
2025-01-11T16:00:00+00:00,2025-01-11T17:00:00+00:00,20250111,2025-01-11,2025,1,1,January,2,6,Saturday,true,17,17:00,60,false,0,9,hard_coal,Hard coal,conventional,false,9,6059.75,6059.75,reported,actual_generation_de_2024_2025,8118719a1cd35b8bac2f3933ca90094fc3fdbe4eaf8b653e88e4097514ae2f64
2025-01-11T16:00:00+00:00,2025-01-11T17:00:00+00:00,20250111,2025-01-11,2025,1,1,January,2,6,Saturday,true,17,17:00,60,false,0,10,fossil_gas,Fossil gas,conventional,false,10,12372.50,12372.50,reported,actual_generation_de_2024_2025,8118719a1cd35b8bac2f3933ca90094fc3fdbe4eaf8b653e88e4097514ae2f64
2025-01-11T16:00:00+00:00,2025-01-11T17:00:00+00:00,20250111,2025-01-11,2025,1,1,January,2,6,Saturday,true,17,17:00,60,false,0,11,hydro_pumped_storage,Hydro pumped storage,storage,false,11,611.75,611.75,reported,actual_generation_de_2024_2025,8118719a1cd35b8bac2f3933ca90094fc3fdbe4eaf8b653e88e4097514ae2f64
2025-01-11T16:00:00+00:00,2025-01-11T17:00:00+00:00,20250111,2025-01-11,2025,1,1,January,2,6,Saturday,true,17,17:00,60,false,0,12,other_conventional,Other conventional,conventional,false,12,1656.75,1656.75,reported,actual_generation_de_2024_2025,8118719a1cd35b8bac2f3933ca90094fc3fdbe4eaf8b653e88e4097514ae2f64
2025-01-11T17:00:00+00:00,2025-01-11T18:00:00+00:00,20250111,2025-01-11,2025,1,1,January,2,6,Saturday,true,18,18:00,60,false,0,1,biomass,Biomass,renewable,true,1,4801.25,4801.25,reported,actual_generation_de_2024_2025,8118719a1cd35b8bac2f3933ca90094fc3fdbe4eaf8b653e88e4097514ae2f64
2025-01-11T17:00:00+00:00,2025-01-11T18:00:00+00:00,20250111,2025-01-11,2025,1,1,January,2,6,Saturday,true,18,18:00,60,false,0,2,hydropower,Hydropower,renewable,true,2,1741.50,1741.50,reported,actual_generation_de_2024_2025,8118719a1cd35b8bac2f3933ca90094fc3fdbe4eaf8b653e88e4097514ae2f64
2025-01-11T17:00:00+00:00,2025-01-11T18:00:00+00:00,20250111,2025-01-11,2025,1,1,January,2,6,Saturday,true,18,18:00,60,false,0,3,wind_offshore,Wind offshore,renewable,true,3,3666.50,3666.50,reported,actual_generation_de_2024_2025,8118719a1cd35b8bac2f3933ca90094fc3fdbe4eaf8b653e88e4097514ae2f64
2025-01-11T17:00:00+00:00,2025-01-11T18:00:00+00:00,20250111,2025-01-11,2025,1,1,January,2,6,Saturday,true,18,18:00,60,false,0,4,wind_onshore,Wind onshore,renewable,true,4,26591.50,26591.50,reported,actual_generation_de_2024_2025,8118719a1cd35b8bac2f3933ca90094fc3fdbe4eaf8b653e88e4097514ae2f64
2025-01-11T17:00:00+00:00,2025-01-11T18:00:00+00:00,20250111,2025-01-11,2025,1,1,January,2,6,Saturday,true,18,18:00,60,false,0,5,solar_photovoltaic,Solar photovoltaic,renewable,true,5,13.25,13.25,reported,actual_generation_de_2024_2025,8118719a1cd35b8bac2f3933ca90094fc3fdbe4eaf8b653e88e4097514ae2f64
2025-01-11T17:00:00+00:00,2025-01-11T18:00:00+00:00,20250111,2025-01-11,2025,1,1,January,2,6,Saturday,true,18,18:00,60,false,0,6,other_renewable,Other renewable,renewable,true,6,137.48,137.48,reported,actual_generation_de_2024_2025,8118719a1cd35b8bac2f3933ca90094fc3fdbe4eaf8b653e88e4097514ae2f64
2025-01-11T17:00:00+00:00,2025-01-11T18:00:00+00:00,20250111,2025-01-11,2025,1,1,January,2,6,Saturday,true,18,18:00,60,false,0,7,nuclear,Nuclear,conventional,false,7,,,unavailable,actual_generation_de_2024_2025,8118719a1cd35b8bac2f3933ca90094fc3fdbe4eaf8b653e88e4097514ae2f64
2025-01-11T17:00:00+00:00,2025-01-11T18:00:00+00:00,20250111,2025-01-11,2025,1,1,January,2,6,Saturday,true,18,18:00,60,false,0,8,lignite,Lignite,conventional,false,8,7861.00,7861.00,reported,actual_generation_de_2024_2025,8118719a1cd35b8bac2f3933ca90094fc3fdbe4eaf8b653e88e4097514ae2f64
2025-01-11T17:00:00+00:00,2025-01-11T18:00:00+00:00,20250111,2025-01-11,2025,1,1,January,2,6,Saturday,true,18,18:00,60,false,0,9,hard_coal,Hard coal,conventional,false,9,6211.75,6211.75,reported,actual_generation_de_2024_2025,8118719a1cd35b8bac2f3933ca90094fc3fdbe4eaf8b653e88e4097514ae2f64
2025-01-11T17:00:00+00:00,2025-01-11T18:00:00+00:00,20250111,2025-01-11,2025,1,1,January,2,6,Saturday,true,18,18:00,60,false,0,10,fossil_gas,Fossil gas,conventional,false,10,12208.50,12208.50,reported,actual_generation_de_2024_2025,8118719a1cd35b8bac2f3933ca90094fc3fdbe4eaf8b653e88e4097514ae2f64
2025-01-11T17:00:00+00:00,2025-01-11T18:00:00+00:00,20250111,2025-01-11,2025,1,1,January,2,6,Saturday,true,18,18:00,60,false,0,11,hydro_pumped_storage,Hydro pumped storage,storage,false,11,1100.00,1100.00,reported,actual_generation_de_2024_2025,8118719a1cd35b8bac2f3933ca90094fc3fdbe4eaf8b653e88e4097514ae2f64
2025-01-11T17:00:00+00:00,2025-01-11T18:00:00+00:00,20250111,2025-01-11,2025,1,1,January,2,6,Saturday,true,18,18:00,60,false,0,12,other_conventional,Other conventional,conventional,false,12,1663.75,1663.75,reported,actual_generation_de_2024_2025,8118719a1cd35b8bac2f3933ca90094fc3fdbe4eaf8b653e88e4097514ae2f64
2025-01-11T18:00:00+00:00,2025-01-11T19:00:00+00:00,20250111,2025-01-11,2025,1,1,January,2,6,Saturday,true,19,19:00,60,false,0,1,biomass,Biomass,renewable,true,1,4737.00,4737.00,reported,actual_generation_de_2024_2025,8118719a1cd35b8bac2f3933ca90094fc3fdbe4eaf8b653e88e4097514ae2f64
2025-01-11T18:00:00+00:00,2025-01-11T19:00:00+00:00,20250111,2025-01-11,2025,1,1,January,2,6,Saturday,true,19,19:00,60,false,0,2,hydropower,Hydropower,renewable,true,2,1681.50,1681.50,reported,actual_generation_de_2024_2025,8118719a1cd35b8bac2f3933ca90094fc3fdbe4eaf8b653e88e4097514ae2f64
2025-01-11T18:00:00+00:00,2025-01-11T19:00:00+00:00,20250111,2025-01-11,2025,1,1,January,2,6,Saturday,true,19,19:00,60,false,0,3,wind_offshore,Wind offshore,renewable,true,3,4091.25,4091.25,reported,actual_generation_de_2024_2025,8118719a1cd35b8bac2f3933ca90094fc3fdbe4eaf8b653e88e4097514ae2f64
2025-01-11T18:00:00+00:00,2025-01-11T19:00:00+00:00,20250111,2025-01-11,2025,1,1,January,2,6,Saturday,true,19,19:00,60,false,0,4,wind_onshore,Wind onshore,renewable,true,4,25439.25,25439.25,reported,actual_generation_de_2024_2025,8118719a1cd35b8bac2f3933ca90094fc3fdbe4eaf8b653e88e4097514ae2f64
2025-01-11T18:00:00+00:00,2025-01-11T19:00:00+00:00,20250111,2025-01-11,2025,1,1,January,2,6,Saturday,true,19,19:00,60,false,0,5,solar_photovoltaic,Solar photovoltaic,renewable,true,5,9.00,9.00,reported,actual_generation_de_2024_2025,8118719a1cd35b8bac2f3933ca90094fc3fdbe4eaf8b653e88e4097514ae2f64
2025-01-11T18:00:00+00:00,2025-01-11T19:00:00+00:00,20250111,2025-01-11,2025,1,1,January,2,6,Saturday,true,19,19:00,60,false,0,6,other_renewable,Other renewable,renewable,true,6,138.09,138.09,reported,actual_generation_de_2024_2025,8118719a1cd35b8bac2f3933ca90094fc3fdbe4eaf8b653e88e4097514ae2f64
2025-01-11T18:00:00+00:00,2025-01-11T19:00:00+00:00,20250111,2025-01-11,2025,1,1,January,2,6,Saturday,true,19,19:00,60,false,0,7,nuclear,Nuclear,conventional,false,7,,,unavailable,actual_generation_de_2024_2025,8118719a1cd35b8bac2f3933ca90094fc3fdbe4eaf8b653e88e4097514ae2f64
2025-01-11T18:00:00+00:00,2025-01-11T19:00:00+00:00,20250111,2025-01-11,2025,1,1,January,2,6,Saturday,true,19,19:00,60,false,0,8,lignite,Lignite,conventional,false,8,8011.75,8011.75,reported,actual_generation_de_2024_2025,8118719a1cd35b8bac2f3933ca90094fc3fdbe4eaf8b653e88e4097514ae2f64
2025-01-11T18:00:00+00:00,2025-01-11T19:00:00+00:00,20250111,2025-01-11,2025,1,1,January,2,6,Saturday,true,19,19:00,60,false,0,9,hard_coal,Hard coal,conventional,false,9,5962.25,5962.25,reported,actual_generation_de_2024_2025,8118719a1cd35b8bac2f3933ca90094fc3fdbe4eaf8b653e88e4097514ae2f64
2025-01-11T18:00:00+00:00,2025-01-11T19:00:00+00:00,20250111,2025-01-11,2025,1,1,January,2,6,Saturday,true,19,19:00,60,false,0,10,fossil_gas,Fossil gas,conventional,false,10,11092.75,11092.75,reported,actual_generation_de_2024_2025,8118719a1cd35b8bac2f3933ca90094fc3fdbe4eaf8b653e88e4097514ae2f64
2025-01-11T18:00:00+00:00,2025-01-11T19:00:00+00:00,20250111,2025-01-11,2025,1,1,January,2,6,Saturday,true,19,19:00,60,false,0,11,hydro_pumped_storage,Hydro pumped storage,storage,false,11,737.75,737.75,reported,actual_generation_de_2024_2025,8118719a1cd35b8bac2f3933ca90094fc3fdbe4eaf8b653e88e4097514ae2f64
2025-01-11T18:00:00+00:00,2025-01-11T19:00:00+00:00,20250111,2025-01-11,2025,1,1,January,2,6,Saturday,true,19,19:00,60,false,0,12,other_conventional,Other conventional,conventional,false,12,1679.00,1679.00,reported,actual_generation_de_2024_2025,8118719a1cd35b8bac2f3933ca90094fc3fdbe4eaf8b653e88e4097514ae2f64
2025-01-11T19:00:00+00:00,2025-01-11T20:00:00+00:00,20250111,2025-01-11,2025,1,1,January,2,6,Saturday,true,20,20:00,60,false,0,1,biomass,Biomass,renewable,true,1,4530.50,4530.50,reported,actual_generation_de_2024_2025,8118719a1cd35b8bac2f3933ca90094fc3fdbe4eaf8b653e88e4097514ae2f64
2025-01-11T19:00:00+00:00,2025-01-11T20:00:00+00:00,20250111,2025-01-11,2025,1,1,January,2,6,Saturday,true,20,20:00,60,false,0,2,hydropower,Hydropower,renewable,true,2,1693.50,1693.50,reported,actual_generation_de_2024_2025,8118719a1cd35b8bac2f3933ca90094fc3fdbe4eaf8b653e88e4097514ae2f64
2025-01-11T19:00:00+00:00,2025-01-11T20:00:00+00:00,20250111,2025-01-11,2025,1,1,January,2,6,Saturday,true,20,20:00,60,false,0,3,wind_offshore,Wind offshore,renewable,true,3,4141.75,4141.75,reported,actual_generation_de_2024_2025,8118719a1cd35b8bac2f3933ca90094fc3fdbe4eaf8b653e88e4097514ae2f64
2025-01-11T19:00:00+00:00,2025-01-11T20:00:00+00:00,20250111,2025-01-11,2025,1,1,January,2,6,Saturday,true,20,20:00,60,false,0,4,wind_onshore,Wind onshore,renewable,true,4,23982.50,23982.50,reported,actual_generation_de_2024_2025,8118719a1cd35b8bac2f3933ca90094fc3fdbe4eaf8b653e88e4097514ae2f64
2025-01-11T19:00:00+00:00,2025-01-11T20:00:00+00:00,20250111,2025-01-11,2025,1,1,January,2,6,Saturday,true,20,20:00,60,false,0,5,solar_photovoltaic,Solar photovoltaic,renewable,true,5,7.75,7.75,reported,actual_generation_de_2024_2025,8118719a1cd35b8bac2f3933ca90094fc3fdbe4eaf8b653e88e4097514ae2f64
2025-01-11T19:00:00+00:00,2025-01-11T20:00:00+00:00,20250111,2025-01-11,2025,1,1,January,2,6,Saturday,true,20,20:00,60,false,0,6,other_renewable,Other renewable,renewable,true,6,138.37,138.37,reported,actual_generation_de_2024_2025,8118719a1cd35b8bac2f3933ca90094fc3fdbe4eaf8b653e88e4097514ae2f64
2025-01-11T19:00:00+00:00,2025-01-11T20:00:00+00:00,20250111,2025-01-11,2025,1,1,January,2,6,Saturday,true,20,20:00,60,false,0,7,nuclear,Nuclear,conventional,false,7,,,unavailable,actual_generation_de_2024_2025,8118719a1cd35b8bac2f3933ca90094fc3fdbe4eaf8b653e88e4097514ae2f64
2025-01-11T19:00:00+00:00,2025-01-11T20:00:00+00:00,20250111,2025-01-11,2025,1,1,January,2,6,Saturday,true,20,20:00,60,false,0,8,lignite,Lignite,conventional,false,8,8217.75,8217.75,reported,actual_generation_de_2024_2025,8118719a1cd35b8bac2f3933ca90094fc3fdbe4eaf8b653e88e4097514ae2f64
2025-01-11T19:00:00+00:00,2025-01-11T20:00:00+00:00,20250111,2025-01-11,2025,1,1,January,2,6,Saturday,true,20,20:00,60,false,0,9,hard_coal,Hard coal,conventional,false,9,5630.50,5630.50,reported,actual_generation_de_2024_2025,8118719a1cd35b8bac2f3933ca90094fc3fdbe4eaf8b653e88e4097514ae2f64
2025-01-11T19:00:00+00:00,2025-01-11T20:00:00+00:00,20250111,2025-01-11,2025,1,1,January,2,6,Saturday,true,20,20:00,60,false,0,10,fossil_gas,Fossil gas,conventional,false,10,10670.00,10670.00,reported,actual_generation_de_2024_2025,8118719a1cd35b8bac2f3933ca90094fc3fdbe4eaf8b653e88e4097514ae2f64
2025-01-11T19:00:00+00:00,2025-01-11T20:00:00+00:00,20250111,2025-01-11,2025,1,1,January,2,6,Saturday,true,20,20:00,60,false,0,11,hydro_pumped_storage,Hydro pumped storage,storage,false,11,394.25,394.25,reported,actual_generation_de_2024_2025,8118719a1cd35b8bac2f3933ca90094fc3fdbe4eaf8b653e88e4097514ae2f64
2025-01-11T19:00:00+00:00,2025-01-11T20:00:00+00:00,20250111,2025-01-11,2025,1,1,January,2,6,Saturday,true,20,20:00,60,false,0,12,other_conventional,Other conventional,conventional,false,12,1665.00,1665.00,reported,actual_generation_de_2024_2025,8118719a1cd35b8bac2f3933ca90094fc3fdbe4eaf8b653e88e4097514ae2f64
2025-01-11T20:00:00+00:00,2025-01-11T21:00:00+00:00,20250111,2025-01-11,2025,1,1,January,2,6,Saturday,true,21,21:00,60,false,0,1,biomass,Biomass,renewable,true,1,4380.25,4380.25,reported,actual_generation_de_2024_2025,8118719a1cd35b8bac2f3933ca90094fc3fdbe4eaf8b653e88e4097514ae2f64
2025-01-11T20:00:00+00:00,2025-01-11T21:00:00+00:00,20250111,2025-01-11,2025,1,1,January,2,6,Saturday,true,21,21:00,60,false,0,2,hydropower,Hydropower,renewable,true,2,1660.25,1660.25,reported,actual_generation_de_2024_2025,8118719a1cd35b8bac2f3933ca90094fc3fdbe4eaf8b653e88e4097514ae2f64
2025-01-11T20:00:00+00:00,2025-01-11T21:00:00+00:00,20250111,2025-01-11,2025,1,1,January,2,6,Saturday,true,21,21:00,60,false,0,3,wind_offshore,Wind offshore,renewable,true,3,3580.50,3580.50,reported,actual_generation_de_2024_2025,8118719a1cd35b8bac2f3933ca90094fc3fdbe4eaf8b653e88e4097514ae2f64
2025-01-11T20:00:00+00:00,2025-01-11T21:00:00+00:00,20250111,2025-01-11,2025,1,1,January,2,6,Saturday,true,21,21:00,60,false,0,4,wind_onshore,Wind onshore,renewable,true,4,22925.00,22925.00,reported,actual_generation_de_2024_2025,8118719a1cd35b8bac2f3933ca90094fc3fdbe4eaf8b653e88e4097514ae2f64
2025-01-11T20:00:00+00:00,2025-01-11T21:00:00+00:00,20250111,2025-01-11,2025,1,1,January,2,6,Saturday,true,21,21:00,60,false,0,5,solar_photovoltaic,Solar photovoltaic,renewable,true,5,7.25,7.25,reported,actual_generation_de_2024_2025,8118719a1cd35b8bac2f3933ca90094fc3fdbe4eaf8b653e88e4097514ae2f64
2025-01-11T20:00:00+00:00,2025-01-11T21:00:00+00:00,20250111,2025-01-11,2025,1,1,January,2,6,Saturday,true,21,21:00,60,false,0,6,other_renewable,Other renewable,renewable,true,6,138.69,138.69,reported,actual_generation_de_2024_2025,8118719a1cd35b8bac2f3933ca90094fc3fdbe4eaf8b653e88e4097514ae2f64
2025-01-11T20:00:00+00:00,2025-01-11T21:00:00+00:00,20250111,2025-01-11,2025,1,1,January,2,6,Saturday,true,21,21:00,60,false,0,7,nuclear,Nuclear,conventional,false,7,,,unavailable,actual_generation_de_2024_2025,8118719a1cd35b8bac2f3933ca90094fc3fdbe4eaf8b653e88e4097514ae2f64
2025-01-11T20:00:00+00:00,2025-01-11T21:00:00+00:00,20250111,2025-01-11,2025,1,1,January,2,6,Saturday,true,21,21:00,60,false,0,8,lignite,Lignite,conventional,false,8,8680.25,8680.25,reported,actual_generation_de_2024_2025,8118719a1cd35b8bac2f3933ca90094fc3fdbe4eaf8b653e88e4097514ae2f64
2025-01-11T20:00:00+00:00,2025-01-11T21:00:00+00:00,20250111,2025-01-11,2025,1,1,January,2,6,Saturday,true,21,21:00,60,false,0,9,hard_coal,Hard coal,conventional,false,9,5239.25,5239.25,reported,actual_generation_de_2024_2025,8118719a1cd35b8bac2f3933ca90094fc3fdbe4eaf8b653e88e4097514ae2f64
2025-01-11T20:00:00+00:00,2025-01-11T21:00:00+00:00,20250111,2025-01-11,2025,1,1,January,2,6,Saturday,true,21,21:00,60,false,0,10,fossil_gas,Fossil gas,conventional,false,10,10617.00,10617.00,reported,actual_generation_de_2024_2025,8118719a1cd35b8bac2f3933ca90094fc3fdbe4eaf8b653e88e4097514ae2f64
2025-01-11T20:00:00+00:00,2025-01-11T21:00:00+00:00,20250111,2025-01-11,2025,1,1,January,2,6,Saturday,true,21,21:00,60,false,0,11,hydro_pumped_storage,Hydro pumped storage,storage,false,11,103.25,103.25,reported,actual_generation_de_2024_2025,8118719a1cd35b8bac2f3933ca90094fc3fdbe4eaf8b653e88e4097514ae2f64
2025-01-11T20:00:00+00:00,2025-01-11T21:00:00+00:00,20250111,2025-01-11,2025,1,1,January,2,6,Saturday,true,21,21:00,60,false,0,12,other_conventional,Other conventional,conventional,false,12,1690.75,1690.75,reported,actual_generation_de_2024_2025,8118719a1cd35b8bac2f3933ca90094fc3fdbe4eaf8b653e88e4097514ae2f64
2025-01-11T21:00:00+00:00,2025-01-11T22:00:00+00:00,20250111,2025-01-11,2025,1,1,January,2,6,Saturday,true,22,22:00,60,false,0,1,biomass,Biomass,renewable,true,1,4290.00,4290.00,reported,actual_generation_de_2024_2025,8118719a1cd35b8bac2f3933ca90094fc3fdbe4eaf8b653e88e4097514ae2f64
2025-01-11T21:00:00+00:00,2025-01-11T22:00:00+00:00,20250111,2025-01-11,2025,1,1,January,2,6,Saturday,true,22,22:00,60,false,0,2,hydropower,Hydropower,renewable,true,2,1675.25,1675.25,reported,actual_generation_de_2024_2025,8118719a1cd35b8bac2f3933ca90094fc3fdbe4eaf8b653e88e4097514ae2f64
2025-01-11T21:00:00+00:00,2025-01-11T22:00:00+00:00,20250111,2025-01-11,2025,1,1,January,2,6,Saturday,true,22,22:00,60,false,0,3,wind_offshore,Wind offshore,renewable,true,3,2716.25,2716.25,reported,actual_generation_de_2024_2025,8118719a1cd35b8bac2f3933ca90094fc3fdbe4eaf8b653e88e4097514ae2f64
2025-01-11T21:00:00+00:00,2025-01-11T22:00:00+00:00,20250111,2025-01-11,2025,1,1,January,2,6,Saturday,true,22,22:00,60,false,0,4,wind_onshore,Wind onshore,renewable,true,4,21070.25,21070.25,reported,actual_generation_de_2024_2025,8118719a1cd35b8bac2f3933ca90094fc3fdbe4eaf8b653e88e4097514ae2f64
2025-01-11T21:00:00+00:00,2025-01-11T22:00:00+00:00,20250111,2025-01-11,2025,1,1,January,2,6,Saturday,true,22,22:00,60,false,0,5,solar_photovoltaic,Solar photovoltaic,renewable,true,5,8.00,8.00,reported,actual_generation_de_2024_2025,8118719a1cd35b8bac2f3933ca90094fc3fdbe4eaf8b653e88e4097514ae2f64
2025-01-11T21:00:00+00:00,2025-01-11T22:00:00+00:00,20250111,2025-01-11,2025,1,1,January,2,6,Saturday,true,22,22:00,60,false,0,6,other_renewable,Other renewable,renewable,true,6,138.63,138.63,reported,actual_generation_de_2024_2025,8118719a1cd35b8bac2f3933ca90094fc3fdbe4eaf8b653e88e4097514ae2f64
2025-01-11T21:00:00+00:00,2025-01-11T22:00:00+00:00,20250111,2025-01-11,2025,1,1,January,2,6,Saturday,true,22,22:00,60,false,0,7,nuclear,Nuclear,conventional,false,7,,,unavailable,actual_generation_de_2024_2025,8118719a1cd35b8bac2f3933ca90094fc3fdbe4eaf8b653e88e4097514ae2f64
2025-01-11T21:00:00+00:00,2025-01-11T22:00:00+00:00,20250111,2025-01-11,2025,1,1,January,2,6,Saturday,true,22,22:00,60,false,0,8,lignite,Lignite,conventional,false,8,8718.00,8718.00,reported,actual_generation_de_2024_2025,8118719a1cd35b8bac2f3933ca90094fc3fdbe4eaf8b653e88e4097514ae2f64
2025-01-11T21:00:00+00:00,2025-01-11T22:00:00+00:00,20250111,2025-01-11,2025,1,1,January,2,6,Saturday,true,22,22:00,60,false,0,9,hard_coal,Hard coal,conventional,false,9,5043.75,5043.75,reported,actual_generation_de_2024_2025,8118719a1cd35b8bac2f3933ca90094fc3fdbe4eaf8b653e88e4097514ae2f64
2025-01-11T21:00:00+00:00,2025-01-11T22:00:00+00:00,20250111,2025-01-11,2025,1,1,January,2,6,Saturday,true,22,22:00,60,false,0,10,fossil_gas,Fossil gas,conventional,false,10,10543.25,10543.25,reported,actual_generation_de_2024_2025,8118719a1cd35b8bac2f3933ca90094fc3fdbe4eaf8b653e88e4097514ae2f64
2025-01-11T21:00:00+00:00,2025-01-11T22:00:00+00:00,20250111,2025-01-11,2025,1,1,January,2,6,Saturday,true,22,22:00,60,false,0,11,hydro_pumped_storage,Hydro pumped storage,storage,false,11,318.00,318.00,reported,actual_generation_de_2024_2025,8118719a1cd35b8bac2f3933ca90094fc3fdbe4eaf8b653e88e4097514ae2f64
2025-01-11T21:00:00+00:00,2025-01-11T22:00:00+00:00,20250111,2025-01-11,2025,1,1,January,2,6,Saturday,true,22,22:00,60,false,0,12,other_conventional,Other conventional,conventional,false,12,1680.25,1680.25,reported,actual_generation_de_2024_2025,8118719a1cd35b8bac2f3933ca90094fc3fdbe4eaf8b653e88e4097514ae2f64
2025-01-11T22:00:00+00:00,2025-01-11T23:00:00+00:00,20250111,2025-01-11,2025,1,1,January,2,6,Saturday,true,23,23:00,60,false,0,1,biomass,Biomass,renewable,true,1,4194.50,4194.50,reported,actual_generation_de_2024_2025,8118719a1cd35b8bac2f3933ca90094fc3fdbe4eaf8b653e88e4097514ae2f64
2025-01-11T22:00:00+00:00,2025-01-11T23:00:00+00:00,20250111,2025-01-11,2025,1,1,January,2,6,Saturday,true,23,23:00,60,false,0,2,hydropower,Hydropower,renewable,true,2,1656.25,1656.25,reported,actual_generation_de_2024_2025,8118719a1cd35b8bac2f3933ca90094fc3fdbe4eaf8b653e88e4097514ae2f64
2025-01-11T22:00:00+00:00,2025-01-11T23:00:00+00:00,20250111,2025-01-11,2025,1,1,January,2,6,Saturday,true,23,23:00,60,false,0,3,wind_offshore,Wind offshore,renewable,true,3,2032.75,2032.75,reported,actual_generation_de_2024_2025,8118719a1cd35b8bac2f3933ca90094fc3fdbe4eaf8b653e88e4097514ae2f64
2025-01-11T22:00:00+00:00,2025-01-11T23:00:00+00:00,20250111,2025-01-11,2025,1,1,January,2,6,Saturday,true,23,23:00,60,false,0,4,wind_onshore,Wind onshore,renewable,true,4,19500.00,19500.00,reported,actual_generation_de_2024_2025,8118719a1cd35b8bac2f3933ca90094fc3fdbe4eaf8b653e88e4097514ae2f64
2025-01-11T22:00:00+00:00,2025-01-11T23:00:00+00:00,20250111,2025-01-11,2025,1,1,January,2,6,Saturday,true,23,23:00,60,false,0,5,solar_photovoltaic,Solar photovoltaic,renewable,true,5,7.50,7.50,reported,actual_generation_de_2024_2025,8118719a1cd35b8bac2f3933ca90094fc3fdbe4eaf8b653e88e4097514ae2f64
2025-01-11T22:00:00+00:00,2025-01-11T23:00:00+00:00,20250111,2025-01-11,2025,1,1,January,2,6,Saturday,true,23,23:00,60,false,0,6,other_renewable,Other renewable,renewable,true,6,138.09,138.09,reported,actual_generation_de_2024_2025,8118719a1cd35b8bac2f3933ca90094fc3fdbe4eaf8b653e88e4097514ae2f64
2025-01-11T22:00:00+00:00,2025-01-11T23:00:00+00:00,20250111,2025-01-11,2025,1,1,January,2,6,Saturday,true,23,23:00,60,false,0,7,nuclear,Nuclear,conventional,false,7,,,unavailable,actual_generation_de_2024_2025,8118719a1cd35b8bac2f3933ca90094fc3fdbe4eaf8b653e88e4097514ae2f64
2025-01-11T22:00:00+00:00,2025-01-11T23:00:00+00:00,20250111,2025-01-11,2025,1,1,January,2,6,Saturday,true,23,23:00,60,false,0,8,lignite,Lignite,conventional,false,8,8481.25,8481.25,reported,actual_generation_de_2024_2025,8118719a1cd35b8bac2f3933ca90094fc3fdbe4eaf8b653e88e4097514ae2f64
2025-01-11T22:00:00+00:00,2025-01-11T23:00:00+00:00,20250111,2025-01-11,2025,1,1,January,2,6,Saturday,true,23,23:00,60,false,0,9,hard_coal,Hard coal,conventional,false,9,5090.00,5090.00,reported,actual_generation_de_2024_2025,8118719a1cd35b8bac2f3933ca90094fc3fdbe4eaf8b653e88e4097514ae2f64
2025-01-11T22:00:00+00:00,2025-01-11T23:00:00+00:00,20250111,2025-01-11,2025,1,1,January,2,6,Saturday,true,23,23:00,60,false,0,10,fossil_gas,Fossil gas,conventional,false,10,10482.00,10482.00,reported,actual_generation_de_2024_2025,8118719a1cd35b8bac2f3933ca90094fc3fdbe4eaf8b653e88e4097514ae2f64
2025-01-11T22:00:00+00:00,2025-01-11T23:00:00+00:00,20250111,2025-01-11,2025,1,1,January,2,6,Saturday,true,23,23:00,60,false,0,11,hydro_pumped_storage,Hydro pumped storage,storage,false,11,395.00,395.00,reported,actual_generation_de_2024_2025,8118719a1cd35b8bac2f3933ca90094fc3fdbe4eaf8b653e88e4097514ae2f64
2025-01-11T22:00:00+00:00,2025-01-11T23:00:00+00:00,20250111,2025-01-11,2025,1,1,January,2,6,Saturday,true,23,23:00,60,false,0,12,other_conventional,Other conventional,conventional,false,12,1703.25,1703.25,reported,actual_generation_de_2024_2025,8118719a1cd35b8bac2f3933ca90094fc3fdbe4eaf8b653e88e4097514ae2f64
2025-01-11T23:00:00+00:00,2025-01-12T00:00:00+00:00,20250112,2025-01-12,2025,1,1,January,2,7,Sunday,true,0,00:00,60,false,0,1,biomass,Biomass,renewable,true,1,4122.75,4122.75,reported,actual_generation_de_2024_2025,8118719a1cd35b8bac2f3933ca90094fc3fdbe4eaf8b653e88e4097514ae2f64
2025-01-11T23:00:00+00:00,2025-01-12T00:00:00+00:00,20250112,2025-01-12,2025,1,1,January,2,7,Sunday,true,0,00:00,60,false,0,2,hydropower,Hydropower,renewable,true,2,1619.25,1619.25,reported,actual_generation_de_2024_2025,8118719a1cd35b8bac2f3933ca90094fc3fdbe4eaf8b653e88e4097514ae2f64
2025-01-11T23:00:00+00:00,2025-01-12T00:00:00+00:00,20250112,2025-01-12,2025,1,1,January,2,7,Sunday,true,0,00:00,60,false,0,3,wind_offshore,Wind offshore,renewable,true,3,2064.50,2064.50,reported,actual_generation_de_2024_2025,8118719a1cd35b8bac2f3933ca90094fc3fdbe4eaf8b653e88e4097514ae2f64
2025-01-11T23:00:00+00:00,2025-01-12T00:00:00+00:00,20250112,2025-01-12,2025,1,1,January,2,7,Sunday,true,0,00:00,60,false,0,4,wind_onshore,Wind onshore,renewable,true,4,19459.00,19459.00,reported,actual_generation_de_2024_2025,8118719a1cd35b8bac2f3933ca90094fc3fdbe4eaf8b653e88e4097514ae2f64
2025-01-11T23:00:00+00:00,2025-01-12T00:00:00+00:00,20250112,2025-01-12,2025,1,1,January,2,7,Sunday,true,0,00:00,60,false,0,5,solar_photovoltaic,Solar photovoltaic,renewable,true,5,6.25,6.25,reported,actual_generation_de_2024_2025,8118719a1cd35b8bac2f3933ca90094fc3fdbe4eaf8b653e88e4097514ae2f64
2025-01-11T23:00:00+00:00,2025-01-12T00:00:00+00:00,20250112,2025-01-12,2025,1,1,January,2,7,Sunday,true,0,00:00,60,false,0,6,other_renewable,Other renewable,renewable,true,6,139.78,139.78,reported,actual_generation_de_2024_2025,8118719a1cd35b8bac2f3933ca90094fc3fdbe4eaf8b653e88e4097514ae2f64
2025-01-11T23:00:00+00:00,2025-01-12T00:00:00+00:00,20250112,2025-01-12,2025,1,1,January,2,7,Sunday,true,0,00:00,60,false,0,7,nuclear,Nuclear,conventional,false,7,,,unavailable,actual_generation_de_2024_2025,8118719a1cd35b8bac2f3933ca90094fc3fdbe4eaf8b653e88e4097514ae2f64
2025-01-11T23:00:00+00:00,2025-01-12T00:00:00+00:00,20250112,2025-01-12,2025,1,1,January,2,7,Sunday,true,0,00:00,60,false,0,8,lignite,Lignite,conventional,false,8,8220.25,8220.25,reported,actual_generation_de_2024_2025,8118719a1cd35b8bac2f3933ca90094fc3fdbe4eaf8b653e88e4097514ae2f64
2025-01-11T23:00:00+00:00,2025-01-12T00:00:00+00:00,20250112,2025-01-12,2025,1,1,January,2,7,Sunday,true,0,00:00,60,false,0,9,hard_coal,Hard coal,conventional,false,9,4463.50,4463.50,reported,actual_generation_de_2024_2025,8118719a1cd35b8bac2f3933ca90094fc3fdbe4eaf8b653e88e4097514ae2f64
2025-01-11T23:00:00+00:00,2025-01-12T00:00:00+00:00,20250112,2025-01-12,2025,1,1,January,2,7,Sunday,true,0,00:00,60,false,0,10,fossil_gas,Fossil gas,conventional,false,10,9567.00,9567.00,reported,actual_generation_de_2024_2025,8118719a1cd35b8bac2f3933ca90094fc3fdbe4eaf8b653e88e4097514ae2f64
2025-01-11T23:00:00+00:00,2025-01-12T00:00:00+00:00,20250112,2025-01-12,2025,1,1,January,2,7,Sunday,true,0,00:00,60,false,0,11,hydro_pumped_storage,Hydro pumped storage,storage,false,11,305.00,305.00,reported,actual_generation_de_2024_2025,8118719a1cd35b8bac2f3933ca90094fc3fdbe4eaf8b653e88e4097514ae2f64
2025-01-11T23:00:00+00:00,2025-01-12T00:00:00+00:00,20250112,2025-01-12,2025,1,1,January,2,7,Sunday,true,0,00:00,60,false,0,12,other_conventional,Other conventional,conventional,false,12,1750.00,1750.00,reported,actual_generation_de_2024_2025,8118719a1cd35b8bac2f3933ca90094fc3fdbe4eaf8b653e88e4097514ae2f64
2025-01-12T00:00:00+00:00,2025-01-12T01:00:00+00:00,20250112,2025-01-12,2025,1,1,January,2,7,Sunday,true,1,01:00,60,false,0,1,biomass,Biomass,renewable,true,1,4061.00,4061.00,reported,actual_generation_de_2024_2025,8118719a1cd35b8bac2f3933ca90094fc3fdbe4eaf8b653e88e4097514ae2f64
2025-01-12T00:00:00+00:00,2025-01-12T01:00:00+00:00,20250112,2025-01-12,2025,1,1,January,2,7,Sunday,true,1,01:00,60,false,0,2,hydropower,Hydropower,renewable,true,2,1599.25,1599.25,reported,actual_generation_de_2024_2025,8118719a1cd35b8bac2f3933ca90094fc3fdbe4eaf8b653e88e4097514ae2f64
2025-01-12T00:00:00+00:00,2025-01-12T01:00:00+00:00,20250112,2025-01-12,2025,1,1,January,2,7,Sunday,true,1,01:00,60,false,0,3,wind_offshore,Wind offshore,renewable,true,3,1981.00,1981.00,reported,actual_generation_de_2024_2025,8118719a1cd35b8bac2f3933ca90094fc3fdbe4eaf8b653e88e4097514ae2f64
2025-01-12T00:00:00+00:00,2025-01-12T01:00:00+00:00,20250112,2025-01-12,2025,1,1,January,2,7,Sunday,true,1,01:00,60,false,0,4,wind_onshore,Wind onshore,renewable,true,4,18367.75,18367.75,reported,actual_generation_de_2024_2025,8118719a1cd35b8bac2f3933ca90094fc3fdbe4eaf8b653e88e4097514ae2f64
2025-01-12T00:00:00+00:00,2025-01-12T01:00:00+00:00,20250112,2025-01-12,2025,1,1,January,2,7,Sunday,true,1,01:00,60,false,0,5,solar_photovoltaic,Solar photovoltaic,renewable,true,5,7.00,7.00,reported,actual_generation_de_2024_2025,8118719a1cd35b8bac2f3933ca90094fc3fdbe4eaf8b653e88e4097514ae2f64
2025-01-12T00:00:00+00:00,2025-01-12T01:00:00+00:00,20250112,2025-01-12,2025,1,1,January,2,7,Sunday,true,1,01:00,60,false,0,6,other_renewable,Other renewable,renewable,true,6,139.85,139.85,reported,actual_generation_de_2024_2025,8118719a1cd35b8bac2f3933ca90094fc3fdbe4eaf8b653e88e4097514ae2f64
2025-01-12T00:00:00+00:00,2025-01-12T01:00:00+00:00,20250112,2025-01-12,2025,1,1,January,2,7,Sunday,true,1,01:00,60,false,0,7,nuclear,Nuclear,conventional,false,7,,,unavailable,actual_generation_de_2024_2025,8118719a1cd35b8bac2f3933ca90094fc3fdbe4eaf8b653e88e4097514ae2f64
2025-01-12T00:00:00+00:00,2025-01-12T01:00:00+00:00,20250112,2025-01-12,2025,1,1,January,2,7,Sunday,true,1,01:00,60,false,0,8,lignite,Lignite,conventional,false,8,8570.75,8570.75,reported,actual_generation_de_2024_2025,8118719a1cd35b8bac2f3933ca90094fc3fdbe4eaf8b653e88e4097514ae2f64
2025-01-12T00:00:00+00:00,2025-01-12T01:00:00+00:00,20250112,2025-01-12,2025,1,1,January,2,7,Sunday,true,1,01:00,60,false,0,9,hard_coal,Hard coal,conventional,false,9,4542.50,4542.50,reported,actual_generation_de_2024_2025,8118719a1cd35b8bac2f3933ca90094fc3fdbe4eaf8b653e88e4097514ae2f64
2025-01-12T00:00:00+00:00,2025-01-12T01:00:00+00:00,20250112,2025-01-12,2025,1,1,January,2,7,Sunday,true,1,01:00,60,false,0,10,fossil_gas,Fossil gas,conventional,false,10,8852.00,8852.00,reported,actual_generation_de_2024_2025,8118719a1cd35b8bac2f3933ca90094fc3fdbe4eaf8b653e88e4097514ae2f64
2025-01-12T00:00:00+00:00,2025-01-12T01:00:00+00:00,20250112,2025-01-12,2025,1,1,January,2,7,Sunday,true,1,01:00,60,false,0,11,hydro_pumped_storage,Hydro pumped storage,storage,false,11,27.25,27.25,reported,actual_generation_de_2024_2025,8118719a1cd35b8bac2f3933ca90094fc3fdbe4eaf8b653e88e4097514ae2f64
2025-01-12T00:00:00+00:00,2025-01-12T01:00:00+00:00,20250112,2025-01-12,2025,1,1,January,2,7,Sunday,true,1,01:00,60,false,0,12,other_conventional,Other conventional,conventional,false,12,1703.75,1703.75,reported,actual_generation_de_2024_2025,8118719a1cd35b8bac2f3933ca90094fc3fdbe4eaf8b653e88e4097514ae2f64
2025-01-12T01:00:00+00:00,2025-01-12T02:00:00+00:00,20250112,2025-01-12,2025,1,1,January,2,7,Sunday,true,2,02:00,60,false,0,1,biomass,Biomass,renewable,true,1,4081.50,4081.50,reported,actual_generation_de_2024_2025,8118719a1cd35b8bac2f3933ca90094fc3fdbe4eaf8b653e88e4097514ae2f64
2025-01-12T01:00:00+00:00,2025-01-12T02:00:00+00:00,20250112,2025-01-12,2025,1,1,January,2,7,Sunday,true,2,02:00,60,false,0,2,hydropower,Hydropower,renewable,true,2,1638.50,1638.50,reported,actual_generation_de_2024_2025,8118719a1cd35b8bac2f3933ca90094fc3fdbe4eaf8b653e88e4097514ae2f64
2025-01-12T01:00:00+00:00,2025-01-12T02:00:00+00:00,20250112,2025-01-12,2025,1,1,January,2,7,Sunday,true,2,02:00,60,false,0,3,wind_offshore,Wind offshore,renewable,true,3,1981.25,1981.25,reported,actual_generation_de_2024_2025,8118719a1cd35b8bac2f3933ca90094fc3fdbe4eaf8b653e88e4097514ae2f64
2025-01-12T01:00:00+00:00,2025-01-12T02:00:00+00:00,20250112,2025-01-12,2025,1,1,January,2,7,Sunday,true,2,02:00,60,false,0,4,wind_onshore,Wind onshore,renewable,true,4,17561.00,17561.00,reported,actual_generation_de_2024_2025,8118719a1cd35b8bac2f3933ca90094fc3fdbe4eaf8b653e88e4097514ae2f64
2025-01-12T01:00:00+00:00,2025-01-12T02:00:00+00:00,20250112,2025-01-12,2025,1,1,January,2,7,Sunday,true,2,02:00,60,false,0,5,solar_photovoltaic,Solar photovoltaic,renewable,true,5,7.00,7.00,reported,actual_generation_de_2024_2025,8118719a1cd35b8bac2f3933ca90094fc3fdbe4eaf8b653e88e4097514ae2f64
2025-01-12T01:00:00+00:00,2025-01-12T02:00:00+00:00,20250112,2025-01-12,2025,1,1,January,2,7,Sunday,true,2,02:00,60,false,0,6,other_renewable,Other renewable,renewable,true,6,139.36,139.36,reported,actual_generation_de_2024_2025,8118719a1cd35b8bac2f3933ca90094fc3fdbe4eaf8b653e88e4097514ae2f64
2025-01-12T01:00:00+00:00,2025-01-12T02:00:00+00:00,20250112,2025-01-12,2025,1,1,January,2,7,Sunday,true,2,02:00,60,false,0,7,nuclear,Nuclear,conventional,false,7,,,unavailable,actual_generation_de_2024_2025,8118719a1cd35b8bac2f3933ca90094fc3fdbe4eaf8b653e88e4097514ae2f64
2025-01-12T01:00:00+00:00,2025-01-12T02:00:00+00:00,20250112,2025-01-12,2025,1,1,January,2,7,Sunday,true,2,02:00,60,false,0,8,lignite,Lignite,conventional,false,8,8642.75,8642.75,reported,actual_generation_de_2024_2025,8118719a1cd35b8bac2f3933ca90094fc3fdbe4eaf8b653e88e4097514ae2f64
2025-01-12T01:00:00+00:00,2025-01-12T02:00:00+00:00,20250112,2025-01-12,2025,1,1,January,2,7,Sunday,true,2,02:00,60,false,0,9,hard_coal,Hard coal,conventional,false,9,4479.25,4479.25,reported,actual_generation_de_2024_2025,8118719a1cd35b8bac2f3933ca90094fc3fdbe4eaf8b653e88e4097514ae2f64
2025-01-12T01:00:00+00:00,2025-01-12T02:00:00+00:00,20250112,2025-01-12,2025,1,1,January,2,7,Sunday,true,2,02:00,60,false,0,10,fossil_gas,Fossil gas,conventional,false,10,8170.25,8170.25,reported,actual_generation_de_2024_2025,8118719a1cd35b8bac2f3933ca90094fc3fdbe4eaf8b653e88e4097514ae2f64
2025-01-12T01:00:00+00:00,2025-01-12T02:00:00+00:00,20250112,2025-01-12,2025,1,1,January,2,7,Sunday,true,2,02:00,60,false,0,11,hydro_pumped_storage,Hydro pumped storage,storage,false,11,12.75,12.75,reported,actual_generation_de_2024_2025,8118719a1cd35b8bac2f3933ca90094fc3fdbe4eaf8b653e88e4097514ae2f64
2025-01-12T01:00:00+00:00,2025-01-12T02:00:00+00:00,20250112,2025-01-12,2025,1,1,January,2,7,Sunday,true,2,02:00,60,false,0,12,other_conventional,Other conventional,conventional,false,12,1697.50,1697.50,reported,actual_generation_de_2024_2025,8118719a1cd35b8bac2f3933ca90094fc3fdbe4eaf8b653e88e4097514ae2f64
2025-01-12T02:00:00+00:00,2025-01-12T03:00:00+00:00,20250112,2025-01-12,2025,1,1,January,2,7,Sunday,true,3,03:00,60,false,0,1,biomass,Biomass,renewable,true,1,4075.00,4075.00,reported,actual_generation_de_2024_2025,8118719a1cd35b8bac2f3933ca90094fc3fdbe4eaf8b653e88e4097514ae2f64
2025-01-12T02:00:00+00:00,2025-01-12T03:00:00+00:00,20250112,2025-01-12,2025,1,1,January,2,7,Sunday,true,3,03:00,60,false,0,2,hydropower,Hydropower,renewable,true,2,1584.00,1584.00,reported,actual_generation_de_2024_2025,8118719a1cd35b8bac2f3933ca90094fc3fdbe4eaf8b653e88e4097514ae2f64
2025-01-12T02:00:00+00:00,2025-01-12T03:00:00+00:00,20250112,2025-01-12,2025,1,1,January,2,7,Sunday,true,3,03:00,60,false,0,3,wind_offshore,Wind offshore,renewable,true,3,2550.00,2550.00,reported,actual_generation_de_2024_2025,8118719a1cd35b8bac2f3933ca90094fc3fdbe4eaf8b653e88e4097514ae2f64
2025-01-12T02:00:00+00:00,2025-01-12T03:00:00+00:00,20250112,2025-01-12,2025,1,1,January,2,7,Sunday,true,3,03:00,60,false,0,4,wind_onshore,Wind onshore,renewable,true,4,17384.25,17384.25,reported,actual_generation_de_2024_2025,8118719a1cd35b8bac2f3933ca90094fc3fdbe4eaf8b653e88e4097514ae2f64
2025-01-12T02:00:00+00:00,2025-01-12T03:00:00+00:00,20250112,2025-01-12,2025,1,1,January,2,7,Sunday,true,3,03:00,60,false,0,5,solar_photovoltaic,Solar photovoltaic,renewable,true,5,7.00,7.00,reported,actual_generation_de_2024_2025,8118719a1cd35b8bac2f3933ca90094fc3fdbe4eaf8b653e88e4097514ae2f64
2025-01-12T02:00:00+00:00,2025-01-12T03:00:00+00:00,20250112,2025-01-12,2025,1,1,January,2,7,Sunday,true,3,03:00,60,false,0,6,other_renewable,Other renewable,renewable,true,6,138.19,138.19,reported,actual_generation_de_2024_2025,8118719a1cd35b8bac2f3933ca90094fc3fdbe4eaf8b653e88e4097514ae2f64
2025-01-12T02:00:00+00:00,2025-01-12T03:00:00+00:00,20250112,2025-01-12,2025,1,1,January,2,7,Sunday,true,3,03:00,60,false,0,7,nuclear,Nuclear,conventional,false,7,,,unavailable,actual_generation_de_2024_2025,8118719a1cd35b8bac2f3933ca90094fc3fdbe4eaf8b653e88e4097514ae2f64
2025-01-12T02:00:00+00:00,2025-01-12T03:00:00+00:00,20250112,2025-01-12,2025,1,1,January,2,7,Sunday,true,3,03:00,60,false,0,8,lignite,Lignite,conventional,false,8,8731.50,8731.50,reported,actual_generation_de_2024_2025,8118719a1cd35b8bac2f3933ca90094fc3fdbe4eaf8b653e88e4097514ae2f64
2025-01-12T02:00:00+00:00,2025-01-12T03:00:00+00:00,20250112,2025-01-12,2025,1,1,January,2,7,Sunday,true,3,03:00,60,false,0,9,hard_coal,Hard coal,conventional,false,9,4494.25,4494.25,reported,actual_generation_de_2024_2025,8118719a1cd35b8bac2f3933ca90094fc3fdbe4eaf8b653e88e4097514ae2f64
2025-01-12T02:00:00+00:00,2025-01-12T03:00:00+00:00,20250112,2025-01-12,2025,1,1,January,2,7,Sunday,true,3,03:00,60,false,0,10,fossil_gas,Fossil gas,conventional,false,10,7636.25,7636.25,reported,actual_generation_de_2024_2025,8118719a1cd35b8bac2f3933ca90094fc3fdbe4eaf8b653e88e4097514ae2f64
2025-01-12T02:00:00+00:00,2025-01-12T03:00:00+00:00,20250112,2025-01-12,2025,1,1,January,2,7,Sunday,true,3,03:00,60,false,0,11,hydro_pumped_storage,Hydro pumped storage,storage,false,11,30.25,30.25,reported,actual_generation_de_2024_2025,8118719a1cd35b8bac2f3933ca90094fc3fdbe4eaf8b653e88e4097514ae2f64
2025-01-12T02:00:00+00:00,2025-01-12T03:00:00+00:00,20250112,2025-01-12,2025,1,1,January,2,7,Sunday,true,3,03:00,60,false,0,12,other_conventional,Other conventional,conventional,false,12,1701.00,1701.00,reported,actual_generation_de_2024_2025,8118719a1cd35b8bac2f3933ca90094fc3fdbe4eaf8b653e88e4097514ae2f64
2025-01-12T03:00:00+00:00,2025-01-12T04:00:00+00:00,20250112,2025-01-12,2025,1,1,January,2,7,Sunday,true,4,04:00,60,false,0,1,biomass,Biomass,renewable,true,1,4091.00,4091.00,reported,actual_generation_de_2024_2025,8118719a1cd35b8bac2f3933ca90094fc3fdbe4eaf8b653e88e4097514ae2f64
2025-01-12T03:00:00+00:00,2025-01-12T04:00:00+00:00,20250112,2025-01-12,2025,1,1,January,2,7,Sunday,true,4,04:00,60,false,0,2,hydropower,Hydropower,renewable,true,2,1590.00,1590.00,reported,actual_generation_de_2024_2025,8118719a1cd35b8bac2f3933ca90094fc3fdbe4eaf8b653e88e4097514ae2f64
2025-01-12T03:00:00+00:00,2025-01-12T04:00:00+00:00,20250112,2025-01-12,2025,1,1,January,2,7,Sunday,true,4,04:00,60,false,0,3,wind_offshore,Wind offshore,renewable,true,3,2686.25,2686.25,reported,actual_generation_de_2024_2025,8118719a1cd35b8bac2f3933ca90094fc3fdbe4eaf8b653e88e4097514ae2f64
2025-01-12T03:00:00+00:00,2025-01-12T04:00:00+00:00,20250112,2025-01-12,2025,1,1,January,2,7,Sunday,true,4,04:00,60,false,0,4,wind_onshore,Wind onshore,renewable,true,4,17466.00,17466.00,reported,actual_generation_de_2024_2025,8118719a1cd35b8bac2f3933ca90094fc3fdbe4eaf8b653e88e4097514ae2f64
2025-01-12T03:00:00+00:00,2025-01-12T04:00:00+00:00,20250112,2025-01-12,2025,1,1,January,2,7,Sunday,true,4,04:00,60,false,0,5,solar_photovoltaic,Solar photovoltaic,renewable,true,5,6.50,6.50,reported,actual_generation_de_2024_2025,8118719a1cd35b8bac2f3933ca90094fc3fdbe4eaf8b653e88e4097514ae2f64
2025-01-12T03:00:00+00:00,2025-01-12T04:00:00+00:00,20250112,2025-01-12,2025,1,1,January,2,7,Sunday,true,4,04:00,60,false,0,6,other_renewable,Other renewable,renewable,true,6,138.13,138.13,reported,actual_generation_de_2024_2025,8118719a1cd35b8bac2f3933ca90094fc3fdbe4eaf8b653e88e4097514ae2f64
2025-01-12T03:00:00+00:00,2025-01-12T04:00:00+00:00,20250112,2025-01-12,2025,1,1,January,2,7,Sunday,true,4,04:00,60,false,0,7,nuclear,Nuclear,conventional,false,7,,,unavailable,actual_generation_de_2024_2025,8118719a1cd35b8bac2f3933ca90094fc3fdbe4eaf8b653e88e4097514ae2f64
2025-01-12T03:00:00+00:00,2025-01-12T04:00:00+00:00,20250112,2025-01-12,2025,1,1,January,2,7,Sunday,true,4,04:00,60,false,0,8,lignite,Lignite,conventional,false,8,8228.25,8228.25,reported,actual_generation_de_2024_2025,8118719a1cd35b8bac2f3933ca90094fc3fdbe4eaf8b653e88e4097514ae2f64
2025-01-12T03:00:00+00:00,2025-01-12T04:00:00+00:00,20250112,2025-01-12,2025,1,1,January,2,7,Sunday,true,4,04:00,60,false,0,9,hard_coal,Hard coal,conventional,false,9,4301.50,4301.50,reported,actual_generation_de_2024_2025,8118719a1cd35b8bac2f3933ca90094fc3fdbe4eaf8b653e88e4097514ae2f64
2025-01-12T03:00:00+00:00,2025-01-12T04:00:00+00:00,20250112,2025-01-12,2025,1,1,January,2,7,Sunday,true,4,04:00,60,false,0,10,fossil_gas,Fossil gas,conventional,false,10,7494.00,7494.00,reported,actual_generation_de_2024_2025,8118719a1cd35b8bac2f3933ca90094fc3fdbe4eaf8b653e88e4097514ae2f64
2025-01-12T03:00:00+00:00,2025-01-12T04:00:00+00:00,20250112,2025-01-12,2025,1,1,January,2,7,Sunday,true,4,04:00,60,false,0,11,hydro_pumped_storage,Hydro pumped storage,storage,false,11,7.50,7.50,reported,actual_generation_de_2024_2025,8118719a1cd35b8bac2f3933ca90094fc3fdbe4eaf8b653e88e4097514ae2f64
2025-01-12T03:00:00+00:00,2025-01-12T04:00:00+00:00,20250112,2025-01-12,2025,1,1,January,2,7,Sunday,true,4,04:00,60,false,0,12,other_conventional,Other conventional,conventional,false,12,1744.75,1744.75,reported,actual_generation_de_2024_2025,8118719a1cd35b8bac2f3933ca90094fc3fdbe4eaf8b653e88e4097514ae2f64
2025-01-12T04:00:00+00:00,2025-01-12T05:00:00+00:00,20250112,2025-01-12,2025,1,1,January,2,7,Sunday,true,5,05:00,60,false,0,1,biomass,Biomass,renewable,true,1,4105.00,4105.00,reported,actual_generation_de_2024_2025,8118719a1cd35b8bac2f3933ca90094fc3fdbe4eaf8b653e88e4097514ae2f64
2025-01-12T04:00:00+00:00,2025-01-12T05:00:00+00:00,20250112,2025-01-12,2025,1,1,January,2,7,Sunday,true,5,05:00,60,false,0,2,hydropower,Hydropower,renewable,true,2,1590.50,1590.50,reported,actual_generation_de_2024_2025,8118719a1cd35b8bac2f3933ca90094fc3fdbe4eaf8b653e88e4097514ae2f64
2025-01-12T04:00:00+00:00,2025-01-12T05:00:00+00:00,20250112,2025-01-12,2025,1,1,January,2,7,Sunday,true,5,05:00,60,false,0,3,wind_offshore,Wind offshore,renewable,true,3,2245.25,2245.25,reported,actual_generation_de_2024_2025,8118719a1cd35b8bac2f3933ca90094fc3fdbe4eaf8b653e88e4097514ae2f64
2025-01-12T04:00:00+00:00,2025-01-12T05:00:00+00:00,20250112,2025-01-12,2025,1,1,January,2,7,Sunday,true,5,05:00,60,false,0,4,wind_onshore,Wind onshore,renewable,true,4,17618.50,17618.50,reported,actual_generation_de_2024_2025,8118719a1cd35b8bac2f3933ca90094fc3fdbe4eaf8b653e88e4097514ae2f64
2025-01-12T04:00:00+00:00,2025-01-12T05:00:00+00:00,20250112,2025-01-12,2025,1,1,January,2,7,Sunday,true,5,05:00,60,false,0,5,solar_photovoltaic,Solar photovoltaic,renewable,true,5,6.50,6.50,reported,actual_generation_de_2024_2025,8118719a1cd35b8bac2f3933ca90094fc3fdbe4eaf8b653e88e4097514ae2f64
2025-01-12T04:00:00+00:00,2025-01-12T05:00:00+00:00,20250112,2025-01-12,2025,1,1,January,2,7,Sunday,true,5,05:00,60,false,0,6,other_renewable,Other renewable,renewable,true,6,137.71,137.71,reported,actual_generation_de_2024_2025,8118719a1cd35b8bac2f3933ca90094fc3fdbe4eaf8b653e88e4097514ae2f64
2025-01-12T04:00:00+00:00,2025-01-12T05:00:00+00:00,20250112,2025-01-12,2025,1,1,January,2,7,Sunday,true,5,05:00,60,false,0,7,nuclear,Nuclear,conventional,false,7,,,unavailable,actual_generation_de_2024_2025,8118719a1cd35b8bac2f3933ca90094fc3fdbe4eaf8b653e88e4097514ae2f64
2025-01-12T04:00:00+00:00,2025-01-12T05:00:00+00:00,20250112,2025-01-12,2025,1,1,January,2,7,Sunday,true,5,05:00,60,false,0,8,lignite,Lignite,conventional,false,8,8533.75,8533.75,reported,actual_generation_de_2024_2025,8118719a1cd35b8bac2f3933ca90094fc3fdbe4eaf8b653e88e4097514ae2f64
2025-01-12T04:00:00+00:00,2025-01-12T05:00:00+00:00,20250112,2025-01-12,2025,1,1,January,2,7,Sunday,true,5,05:00,60,false,0,9,hard_coal,Hard coal,conventional,false,9,4112.50,4112.50,reported,actual_generation_de_2024_2025,8118719a1cd35b8bac2f3933ca90094fc3fdbe4eaf8b653e88e4097514ae2f64
2025-01-12T04:00:00+00:00,2025-01-12T05:00:00+00:00,20250112,2025-01-12,2025,1,1,January,2,7,Sunday,true,5,05:00,60,false,0,10,fossil_gas,Fossil gas,conventional,false,10,7639.50,7639.50,reported,actual_generation_de_2024_2025,8118719a1cd35b8bac2f3933ca90094fc3fdbe4eaf8b653e88e4097514ae2f64
2025-01-12T04:00:00+00:00,2025-01-12T05:00:00+00:00,20250112,2025-01-12,2025,1,1,January,2,7,Sunday,true,5,05:00,60,false,0,11,hydro_pumped_storage,Hydro pumped storage,storage,false,11,93.75,93.75,reported,actual_generation_de_2024_2025,8118719a1cd35b8bac2f3933ca90094fc3fdbe4eaf8b653e88e4097514ae2f64
2025-01-12T04:00:00+00:00,2025-01-12T05:00:00+00:00,20250112,2025-01-12,2025,1,1,January,2,7,Sunday,true,5,05:00,60,false,0,12,other_conventional,Other conventional,conventional,false,12,1749.00,1749.00,reported,actual_generation_de_2024_2025,8118719a1cd35b8bac2f3933ca90094fc3fdbe4eaf8b653e88e4097514ae2f64
2025-01-12T05:00:00+00:00,2025-01-12T06:00:00+00:00,20250112,2025-01-12,2025,1,1,January,2,7,Sunday,true,6,06:00,60,false,0,1,biomass,Biomass,renewable,true,1,4232.50,4232.50,reported,actual_generation_de_2024_2025,8118719a1cd35b8bac2f3933ca90094fc3fdbe4eaf8b653e88e4097514ae2f64
2025-01-12T05:00:00+00:00,2025-01-12T06:00:00+00:00,20250112,2025-01-12,2025,1,1,January,2,7,Sunday,true,6,06:00,60,false,0,2,hydropower,Hydropower,renewable,true,2,1587.50,1587.50,reported,actual_generation_de_2024_2025,8118719a1cd35b8bac2f3933ca90094fc3fdbe4eaf8b653e88e4097514ae2f64
2025-01-12T05:00:00+00:00,2025-01-12T06:00:00+00:00,20250112,2025-01-12,2025,1,1,January,2,7,Sunday,true,6,06:00,60,false,0,3,wind_offshore,Wind offshore,renewable,true,3,1791.00,1791.00,reported,actual_generation_de_2024_2025,8118719a1cd35b8bac2f3933ca90094fc3fdbe4eaf8b653e88e4097514ae2f64
2025-01-12T05:00:00+00:00,2025-01-12T06:00:00+00:00,20250112,2025-01-12,2025,1,1,January,2,7,Sunday,true,6,06:00,60,false,0,4,wind_onshore,Wind onshore,renewable,true,4,16601.75,16601.75,reported,actual_generation_de_2024_2025,8118719a1cd35b8bac2f3933ca90094fc3fdbe4eaf8b653e88e4097514ae2f64
2025-01-12T05:00:00+00:00,2025-01-12T06:00:00+00:00,20250112,2025-01-12,2025,1,1,January,2,7,Sunday,true,6,06:00,60,false,0,5,solar_photovoltaic,Solar photovoltaic,renewable,true,5,7.00,7.00,reported,actual_generation_de_2024_2025,8118719a1cd35b8bac2f3933ca90094fc3fdbe4eaf8b653e88e4097514ae2f64
2025-01-12T05:00:00+00:00,2025-01-12T06:00:00+00:00,20250112,2025-01-12,2025,1,1,January,2,7,Sunday,true,6,06:00,60,false,0,6,other_renewable,Other renewable,renewable,true,6,135.91,135.91,reported,actual_generation_de_2024_2025,8118719a1cd35b8bac2f3933ca90094fc3fdbe4eaf8b653e88e4097514ae2f64
2025-01-12T05:00:00+00:00,2025-01-12T06:00:00+00:00,20250112,2025-01-12,2025,1,1,January,2,7,Sunday,true,6,06:00,60,false,0,7,nuclear,Nuclear,conventional,false,7,,,unavailable,actual_generation_de_2024_2025,8118719a1cd35b8bac2f3933ca90094fc3fdbe4eaf8b653e88e4097514ae2f64
2025-01-12T05:00:00+00:00,2025-01-12T06:00:00+00:00,20250112,2025-01-12,2025,1,1,January,2,7,Sunday,true,6,06:00,60,false,0,8,lignite,Lignite,conventional,false,8,9371.25,9371.25,reported,actual_generation_de_2024_2025,8118719a1cd35b8bac2f3933ca90094fc3fdbe4eaf8b653e88e4097514ae2f64
2025-01-12T05:00:00+00:00,2025-01-12T06:00:00+00:00,20250112,2025-01-12,2025,1,1,January,2,7,Sunday,true,6,06:00,60,false,0,9,hard_coal,Hard coal,conventional,false,9,4703.00,4703.00,reported,actual_generation_de_2024_2025,8118719a1cd35b8bac2f3933ca90094fc3fdbe4eaf8b653e88e4097514ae2f64
2025-01-12T05:00:00+00:00,2025-01-12T06:00:00+00:00,20250112,2025-01-12,2025,1,1,January,2,7,Sunday,true,6,06:00,60,false,0,10,fossil_gas,Fossil gas,conventional,false,10,7665.75,7665.75,reported,actual_generation_de_2024_2025,8118719a1cd35b8bac2f3933ca90094fc3fdbe4eaf8b653e88e4097514ae2f64
2025-01-12T05:00:00+00:00,2025-01-12T06:00:00+00:00,20250112,2025-01-12,2025,1,1,January,2,7,Sunday,true,6,06:00,60,false,0,11,hydro_pumped_storage,Hydro pumped storage,storage,false,11,10.75,10.75,reported,actual_generation_de_2024_2025,8118719a1cd35b8bac2f3933ca90094fc3fdbe4eaf8b653e88e4097514ae2f64
2025-01-12T05:00:00+00:00,2025-01-12T06:00:00+00:00,20250112,2025-01-12,2025,1,1,January,2,7,Sunday,true,6,06:00,60,false,0,12,other_conventional,Other conventional,conventional,false,12,1745.50,1745.50,reported,actual_generation_de_2024_2025,8118719a1cd35b8bac2f3933ca90094fc3fdbe4eaf8b653e88e4097514ae2f64
2025-01-12T06:00:00+00:00,2025-01-12T07:00:00+00:00,20250112,2025-01-12,2025,1,1,January,2,7,Sunday,true,7,07:00,60,false,0,1,biomass,Biomass,renewable,true,1,4372.25,4372.25,reported,actual_generation_de_2024_2025,8118719a1cd35b8bac2f3933ca90094fc3fdbe4eaf8b653e88e4097514ae2f64
2025-01-12T06:00:00+00:00,2025-01-12T07:00:00+00:00,20250112,2025-01-12,2025,1,1,January,2,7,Sunday,true,7,07:00,60,false,0,2,hydropower,Hydropower,renewable,true,2,1593.50,1593.50,reported,actual_generation_de_2024_2025,8118719a1cd35b8bac2f3933ca90094fc3fdbe4eaf8b653e88e4097514ae2f64
2025-01-12T06:00:00+00:00,2025-01-12T07:00:00+00:00,20250112,2025-01-12,2025,1,1,January,2,7,Sunday,true,7,07:00,60,false,0,3,wind_offshore,Wind offshore,renewable,true,3,1586.25,1586.25,reported,actual_generation_de_2024_2025,8118719a1cd35b8bac2f3933ca90094fc3fdbe4eaf8b653e88e4097514ae2f64
2025-01-12T06:00:00+00:00,2025-01-12T07:00:00+00:00,20250112,2025-01-12,2025,1,1,January,2,7,Sunday,true,7,07:00,60,false,0,4,wind_onshore,Wind onshore,renewable,true,4,14557.50,14557.50,reported,actual_generation_de_2024_2025,8118719a1cd35b8bac2f3933ca90094fc3fdbe4eaf8b653e88e4097514ae2f64
2025-01-12T06:00:00+00:00,2025-01-12T07:00:00+00:00,20250112,2025-01-12,2025,1,1,January,2,7,Sunday,true,7,07:00,60,false,0,5,solar_photovoltaic,Solar photovoltaic,renewable,true,5,7.75,7.75,reported,actual_generation_de_2024_2025,8118719a1cd35b8bac2f3933ca90094fc3fdbe4eaf8b653e88e4097514ae2f64
2025-01-12T06:00:00+00:00,2025-01-12T07:00:00+00:00,20250112,2025-01-12,2025,1,1,January,2,7,Sunday,true,7,07:00,60,false,0,6,other_renewable,Other renewable,renewable,true,6,136.17,136.17,reported,actual_generation_de_2024_2025,8118719a1cd35b8bac2f3933ca90094fc3fdbe4eaf8b653e88e4097514ae2f64
2025-01-12T06:00:00+00:00,2025-01-12T07:00:00+00:00,20250112,2025-01-12,2025,1,1,January,2,7,Sunday,true,7,07:00,60,false,0,7,nuclear,Nuclear,conventional,false,7,,,unavailable,actual_generation_de_2024_2025,8118719a1cd35b8bac2f3933ca90094fc3fdbe4eaf8b653e88e4097514ae2f64
2025-01-12T06:00:00+00:00,2025-01-12T07:00:00+00:00,20250112,2025-01-12,2025,1,1,January,2,7,Sunday,true,7,07:00,60,false,0,8,lignite,Lignite,conventional,false,8,9750.25,9750.25,reported,actual_generation_de_2024_2025,8118719a1cd35b8bac2f3933ca90094fc3fdbe4eaf8b653e88e4097514ae2f64
2025-01-12T06:00:00+00:00,2025-01-12T07:00:00+00:00,20250112,2025-01-12,2025,1,1,January,2,7,Sunday,true,7,07:00,60,false,0,9,hard_coal,Hard coal,conventional,false,9,5164.75,5164.75,reported,actual_generation_de_2024_2025,8118719a1cd35b8bac2f3933ca90094fc3fdbe4eaf8b653e88e4097514ae2f64
2025-01-12T06:00:00+00:00,2025-01-12T07:00:00+00:00,20250112,2025-01-12,2025,1,1,January,2,7,Sunday,true,7,07:00,60,false,0,10,fossil_gas,Fossil gas,conventional,false,10,8326.25,8326.25,reported,actual_generation_de_2024_2025,8118719a1cd35b8bac2f3933ca90094fc3fdbe4eaf8b653e88e4097514ae2f64
2025-01-12T06:00:00+00:00,2025-01-12T07:00:00+00:00,20250112,2025-01-12,2025,1,1,January,2,7,Sunday,true,7,07:00,60,false,0,11,hydro_pumped_storage,Hydro pumped storage,storage,false,11,60.75,60.75,reported,actual_generation_de_2024_2025,8118719a1cd35b8bac2f3933ca90094fc3fdbe4eaf8b653e88e4097514ae2f64
2025-01-12T06:00:00+00:00,2025-01-12T07:00:00+00:00,20250112,2025-01-12,2025,1,1,January,2,7,Sunday,true,7,07:00,60,false,0,12,other_conventional,Other conventional,conventional,false,12,1759.75,1759.75,reported,actual_generation_de_2024_2025,8118719a1cd35b8bac2f3933ca90094fc3fdbe4eaf8b653e88e4097514ae2f64
2025-01-12T07:00:00+00:00,2025-01-12T08:00:00+00:00,20250112,2025-01-12,2025,1,1,January,2,7,Sunday,true,8,08:00,60,false,0,1,biomass,Biomass,renewable,true,1,4518.25,4518.25,reported,actual_generation_de_2024_2025,8118719a1cd35b8bac2f3933ca90094fc3fdbe4eaf8b653e88e4097514ae2f64
2025-01-12T07:00:00+00:00,2025-01-12T08:00:00+00:00,20250112,2025-01-12,2025,1,1,January,2,7,Sunday,true,8,08:00,60,false,0,2,hydropower,Hydropower,renewable,true,2,1606.00,1606.00,reported,actual_generation_de_2024_2025,8118719a1cd35b8bac2f3933ca90094fc3fdbe4eaf8b653e88e4097514ae2f64
2025-01-12T07:00:00+00:00,2025-01-12T08:00:00+00:00,20250112,2025-01-12,2025,1,1,January,2,7,Sunday,true,8,08:00,60,false,0,3,wind_offshore,Wind offshore,renewable,true,3,1491.00,1491.00,reported,actual_generation_de_2024_2025,8118719a1cd35b8bac2f3933ca90094fc3fdbe4eaf8b653e88e4097514ae2f64
2025-01-12T07:00:00+00:00,2025-01-12T08:00:00+00:00,20250112,2025-01-12,2025,1,1,January,2,7,Sunday,true,8,08:00,60,false,0,4,wind_onshore,Wind onshore,renewable,true,4,12850.00,12850.00,reported,actual_generation_de_2024_2025,8118719a1cd35b8bac2f3933ca90094fc3fdbe4eaf8b653e88e4097514ae2f64
2025-01-12T07:00:00+00:00,2025-01-12T08:00:00+00:00,20250112,2025-01-12,2025,1,1,January,2,7,Sunday,true,8,08:00,60,false,0,5,solar_photovoltaic,Solar photovoltaic,renewable,true,5,361.25,361.25,reported,actual_generation_de_2024_2025,8118719a1cd35b8bac2f3933ca90094fc3fdbe4eaf8b653e88e4097514ae2f64
2025-01-12T07:00:00+00:00,2025-01-12T08:00:00+00:00,20250112,2025-01-12,2025,1,1,January,2,7,Sunday,true,8,08:00,60,false,0,6,other_renewable,Other renewable,renewable,true,6,136.42,136.42,reported,actual_generation_de_2024_2025,8118719a1cd35b8bac2f3933ca90094fc3fdbe4eaf8b653e88e4097514ae2f64
2025-01-12T07:00:00+00:00,2025-01-12T08:00:00+00:00,20250112,2025-01-12,2025,1,1,January,2,7,Sunday,true,8,08:00,60,false,0,7,nuclear,Nuclear,conventional,false,7,,,unavailable,actual_generation_de_2024_2025,8118719a1cd35b8bac2f3933ca90094fc3fdbe4eaf8b653e88e4097514ae2f64
2025-01-12T07:00:00+00:00,2025-01-12T08:00:00+00:00,20250112,2025-01-12,2025,1,1,January,2,7,Sunday,true,8,08:00,60,false,0,8,lignite,Lignite,conventional,false,8,9348.25,9348.25,reported,actual_generation_de_2024_2025,8118719a1cd35b8bac2f3933ca90094fc3fdbe4eaf8b653e88e4097514ae2f64
2025-01-12T07:00:00+00:00,2025-01-12T08:00:00+00:00,20250112,2025-01-12,2025,1,1,January,2,7,Sunday,true,8,08:00,60,false,0,9,hard_coal,Hard coal,conventional,false,9,5760.75,5760.75,reported,actual_generation_de_2024_2025,8118719a1cd35b8bac2f3933ca90094fc3fdbe4eaf8b653e88e4097514ae2f64
2025-01-12T07:00:00+00:00,2025-01-12T08:00:00+00:00,20250112,2025-01-12,2025,1,1,January,2,7,Sunday,true,8,08:00,60,false,0,10,fossil_gas,Fossil gas,conventional,false,10,8722.25,8722.25,reported,actual_generation_de_2024_2025,8118719a1cd35b8bac2f3933ca90094fc3fdbe4eaf8b653e88e4097514ae2f64
2025-01-12T07:00:00+00:00,2025-01-12T08:00:00+00:00,20250112,2025-01-12,2025,1,1,January,2,7,Sunday,true,8,08:00,60,false,0,11,hydro_pumped_storage,Hydro pumped storage,storage,false,11,789.25,789.25,reported,actual_generation_de_2024_2025,8118719a1cd35b8bac2f3933ca90094fc3fdbe4eaf8b653e88e4097514ae2f64
2025-01-12T07:00:00+00:00,2025-01-12T08:00:00+00:00,20250112,2025-01-12,2025,1,1,January,2,7,Sunday,true,8,08:00,60,false,0,12,other_conventional,Other conventional,conventional,false,12,1769.00,1769.00,reported,actual_generation_de_2024_2025,8118719a1cd35b8bac2f3933ca90094fc3fdbe4eaf8b653e88e4097514ae2f64
2025-01-12T08:00:00+00:00,2025-01-12T09:00:00+00:00,20250112,2025-01-12,2025,1,1,January,2,7,Sunday,true,9,09:00,60,false,0,1,biomass,Biomass,renewable,true,1,4603.50,4603.50,reported,actual_generation_de_2024_2025,8118719a1cd35b8bac2f3933ca90094fc3fdbe4eaf8b653e88e4097514ae2f64
2025-01-12T08:00:00+00:00,2025-01-12T09:00:00+00:00,20250112,2025-01-12,2025,1,1,January,2,7,Sunday,true,9,09:00,60,false,0,2,hydropower,Hydropower,renewable,true,2,1638.25,1638.25,reported,actual_generation_de_2024_2025,8118719a1cd35b8bac2f3933ca90094fc3fdbe4eaf8b653e88e4097514ae2f64
2025-01-12T08:00:00+00:00,2025-01-12T09:00:00+00:00,20250112,2025-01-12,2025,1,1,January,2,7,Sunday,true,9,09:00,60,false,0,3,wind_offshore,Wind offshore,renewable,true,3,1298.25,1298.25,reported,actual_generation_de_2024_2025,8118719a1cd35b8bac2f3933ca90094fc3fdbe4eaf8b653e88e4097514ae2f64
2025-01-12T08:00:00+00:00,2025-01-12T09:00:00+00:00,20250112,2025-01-12,2025,1,1,January,2,7,Sunday,true,9,09:00,60,false,0,4,wind_onshore,Wind onshore,renewable,true,4,11286.25,11286.25,reported,actual_generation_de_2024_2025,8118719a1cd35b8bac2f3933ca90094fc3fdbe4eaf8b653e88e4097514ae2f64
2025-01-12T08:00:00+00:00,2025-01-12T09:00:00+00:00,20250112,2025-01-12,2025,1,1,January,2,7,Sunday,true,9,09:00,60,false,0,5,solar_photovoltaic,Solar photovoltaic,renewable,true,5,3113.00,3113.00,reported,actual_generation_de_2024_2025,8118719a1cd35b8bac2f3933ca90094fc3fdbe4eaf8b653e88e4097514ae2f64
2025-01-12T08:00:00+00:00,2025-01-12T09:00:00+00:00,20250112,2025-01-12,2025,1,1,January,2,7,Sunday,true,9,09:00,60,false,0,6,other_renewable,Other renewable,renewable,true,6,136.99,136.99,reported,actual_generation_de_2024_2025,8118719a1cd35b8bac2f3933ca90094fc3fdbe4eaf8b653e88e4097514ae2f64
2025-01-12T08:00:00+00:00,2025-01-12T09:00:00+00:00,20250112,2025-01-12,2025,1,1,January,2,7,Sunday,true,9,09:00,60,false,0,7,nuclear,Nuclear,conventional,false,7,,,unavailable,actual_generation_de_2024_2025,8118719a1cd35b8bac2f3933ca90094fc3fdbe4eaf8b653e88e4097514ae2f64
2025-01-12T08:00:00+00:00,2025-01-12T09:00:00+00:00,20250112,2025-01-12,2025,1,1,January,2,7,Sunday,true,9,09:00,60,false,0,8,lignite,Lignite,conventional,false,8,9709.25,9709.25,reported,actual_generation_de_2024_2025,8118719a1cd35b8bac2f3933ca90094fc3fdbe4eaf8b653e88e4097514ae2f64
2025-01-12T08:00:00+00:00,2025-01-12T09:00:00+00:00,20250112,2025-01-12,2025,1,1,January,2,7,Sunday,true,9,09:00,60,false,0,9,hard_coal,Hard coal,conventional,false,9,6033.50,6033.50,reported,actual_generation_de_2024_2025,8118719a1cd35b8bac2f3933ca90094fc3fdbe4eaf8b653e88e4097514ae2f64
2025-01-12T08:00:00+00:00,2025-01-12T09:00:00+00:00,20250112,2025-01-12,2025,1,1,January,2,7,Sunday,true,9,09:00,60,false,0,10,fossil_gas,Fossil gas,conventional,false,10,8929.25,8929.25,reported,actual_generation_de_2024_2025,8118719a1cd35b8bac2f3933ca90094fc3fdbe4eaf8b653e88e4097514ae2f64
2025-01-12T08:00:00+00:00,2025-01-12T09:00:00+00:00,20250112,2025-01-12,2025,1,1,January,2,7,Sunday,true,9,09:00,60,false,0,11,hydro_pumped_storage,Hydro pumped storage,storage,false,11,1216.25,1216.25,reported,actual_generation_de_2024_2025,8118719a1cd35b8bac2f3933ca90094fc3fdbe4eaf8b653e88e4097514ae2f64
2025-01-12T08:00:00+00:00,2025-01-12T09:00:00+00:00,20250112,2025-01-12,2025,1,1,January,2,7,Sunday,true,9,09:00,60,false,0,12,other_conventional,Other conventional,conventional,false,12,1779.25,1779.25,reported,actual_generation_de_2024_2025,8118719a1cd35b8bac2f3933ca90094fc3fdbe4eaf8b653e88e4097514ae2f64
2025-01-12T09:00:00+00:00,2025-01-12T10:00:00+00:00,20250112,2025-01-12,2025,1,1,January,2,7,Sunday,true,10,10:00,60,false,0,1,biomass,Biomass,renewable,true,1,4537.50,4537.50,reported,actual_generation_de_2024_2025,8118719a1cd35b8bac2f3933ca90094fc3fdbe4eaf8b653e88e4097514ae2f64
2025-01-12T09:00:00+00:00,2025-01-12T10:00:00+00:00,20250112,2025-01-12,2025,1,1,January,2,7,Sunday,true,10,10:00,60,false,0,2,hydropower,Hydropower,renewable,true,2,1620.25,1620.25,reported,actual_generation_de_2024_2025,8118719a1cd35b8bac2f3933ca90094fc3fdbe4eaf8b653e88e4097514ae2f64
2025-01-12T09:00:00+00:00,2025-01-12T10:00:00+00:00,20250112,2025-01-12,2025,1,1,January,2,7,Sunday,true,10,10:00,60,false,0,3,wind_offshore,Wind offshore,renewable,true,3,985.25,985.25,reported,actual_generation_de_2024_2025,8118719a1cd35b8bac2f3933ca90094fc3fdbe4eaf8b653e88e4097514ae2f64
2025-01-12T09:00:00+00:00,2025-01-12T10:00:00+00:00,20250112,2025-01-12,2025,1,1,January,2,7,Sunday,true,10,10:00,60,false,0,4,wind_onshore,Wind onshore,renewable,true,4,10088.75,10088.75,reported,actual_generation_de_2024_2025,8118719a1cd35b8bac2f3933ca90094fc3fdbe4eaf8b653e88e4097514ae2f64
2025-01-12T09:00:00+00:00,2025-01-12T10:00:00+00:00,20250112,2025-01-12,2025,1,1,January,2,7,Sunday,true,10,10:00,60,false,0,5,solar_photovoltaic,Solar photovoltaic,renewable,true,5,7402.25,7402.25,reported,actual_generation_de_2024_2025,8118719a1cd35b8bac2f3933ca90094fc3fdbe4eaf8b653e88e4097514ae2f64
2025-01-12T09:00:00+00:00,2025-01-12T10:00:00+00:00,20250112,2025-01-12,2025,1,1,January,2,7,Sunday,true,10,10:00,60,false,0,6,other_renewable,Other renewable,renewable,true,6,136.80,136.80,reported,actual_generation_de_2024_2025,8118719a1cd35b8bac2f3933ca90094fc3fdbe4eaf8b653e88e4097514ae2f64
2025-01-12T09:00:00+00:00,2025-01-12T10:00:00+00:00,20250112,2025-01-12,2025,1,1,January,2,7,Sunday,true,10,10:00,60,false,0,7,nuclear,Nuclear,conventional,false,7,,,unavailable,actual_generation_de_2024_2025,8118719a1cd35b8bac2f3933ca90094fc3fdbe4eaf8b653e88e4097514ae2f64
2025-01-12T09:00:00+00:00,2025-01-12T10:00:00+00:00,20250112,2025-01-12,2025,1,1,January,2,7,Sunday,true,10,10:00,60,false,0,8,lignite,Lignite,conventional,false,8,10151.00,10151.00,reported,actual_generation_de_2024_2025,8118719a1cd35b8bac2f3933ca90094fc3fdbe4eaf8b653e88e4097514ae2f64
2025-01-12T09:00:00+00:00,2025-01-12T10:00:00+00:00,20250112,2025-01-12,2025,1,1,January,2,7,Sunday,true,10,10:00,60,false,0,9,hard_coal,Hard coal,conventional,false,9,6072.25,6072.25,reported,actual_generation_de_2024_2025,8118719a1cd35b8bac2f3933ca90094fc3fdbe4eaf8b653e88e4097514ae2f64
2025-01-12T09:00:00+00:00,2025-01-12T10:00:00+00:00,20250112,2025-01-12,2025,1,1,January,2,7,Sunday,true,10,10:00,60,false,0,10,fossil_gas,Fossil gas,conventional,false,10,8768.75,8768.75,reported,actual_generation_de_2024_2025,8118719a1cd35b8bac2f3933ca90094fc3fdbe4eaf8b653e88e4097514ae2f64
2025-01-12T09:00:00+00:00,2025-01-12T10:00:00+00:00,20250112,2025-01-12,2025,1,1,January,2,7,Sunday,true,10,10:00,60,false,0,11,hydro_pumped_storage,Hydro pumped storage,storage,false,11,325.75,325.75,reported,actual_generation_de_2024_2025,8118719a1cd35b8bac2f3933ca90094fc3fdbe4eaf8b653e88e4097514ae2f64
2025-01-12T09:00:00+00:00,2025-01-12T10:00:00+00:00,20250112,2025-01-12,2025,1,1,January,2,7,Sunday,true,10,10:00,60,false,0,12,other_conventional,Other conventional,conventional,false,12,1821.75,1821.75,reported,actual_generation_de_2024_2025,8118719a1cd35b8bac2f3933ca90094fc3fdbe4eaf8b653e88e4097514ae2f64
2025-01-12T10:00:00+00:00,2025-01-12T11:00:00+00:00,20250112,2025-01-12,2025,1,1,January,2,7,Sunday,true,11,11:00,60,false,0,1,biomass,Biomass,renewable,true,1,4373.50,4373.50,reported,actual_generation_de_2024_2025,8118719a1cd35b8bac2f3933ca90094fc3fdbe4eaf8b653e88e4097514ae2f64
2025-01-12T10:00:00+00:00,2025-01-12T11:00:00+00:00,20250112,2025-01-12,2025,1,1,January,2,7,Sunday,true,11,11:00,60,false,0,2,hydropower,Hydropower,renewable,true,2,1609.00,1609.00,reported,actual_generation_de_2024_2025,8118719a1cd35b8bac2f3933ca90094fc3fdbe4eaf8b653e88e4097514ae2f64
2025-01-12T10:00:00+00:00,2025-01-12T11:00:00+00:00,20250112,2025-01-12,2025,1,1,January,2,7,Sunday,true,11,11:00,60,false,0,3,wind_offshore,Wind offshore,renewable,true,3,838.00,838.00,reported,actual_generation_de_2024_2025,8118719a1cd35b8bac2f3933ca90094fc3fdbe4eaf8b653e88e4097514ae2f64
2025-01-12T10:00:00+00:00,2025-01-12T11:00:00+00:00,20250112,2025-01-12,2025,1,1,January,2,7,Sunday,true,11,11:00,60,false,0,4,wind_onshore,Wind onshore,renewable,true,4,8759.25,8759.25,reported,actual_generation_de_2024_2025,8118719a1cd35b8bac2f3933ca90094fc3fdbe4eaf8b653e88e4097514ae2f64
2025-01-12T10:00:00+00:00,2025-01-12T11:00:00+00:00,20250112,2025-01-12,2025,1,1,January,2,7,Sunday,true,11,11:00,60,false,0,5,solar_photovoltaic,Solar photovoltaic,renewable,true,5,11467.00,11467.00,reported,actual_generation_de_2024_2025,8118719a1cd35b8bac2f3933ca90094fc3fdbe4eaf8b653e88e4097514ae2f64
2025-01-12T10:00:00+00:00,2025-01-12T11:00:00+00:00,20250112,2025-01-12,2025,1,1,January,2,7,Sunday,true,11,11:00,60,false,0,6,other_renewable,Other renewable,renewable,true,6,136.42,136.42,reported,actual_generation_de_2024_2025,8118719a1cd35b8bac2f3933ca90094fc3fdbe4eaf8b653e88e4097514ae2f64
2025-01-12T10:00:00+00:00,2025-01-12T11:00:00+00:00,20250112,2025-01-12,2025,1,1,January,2,7,Sunday,true,11,11:00,60,false,0,7,nuclear,Nuclear,conventional,false,7,,,unavailable,actual_generation_de_2024_2025,8118719a1cd35b8bac2f3933ca90094fc3fdbe4eaf8b653e88e4097514ae2f64
2025-01-12T10:00:00+00:00,2025-01-12T11:00:00+00:00,20250112,2025-01-12,2025,1,1,January,2,7,Sunday,true,11,11:00,60,false,0,8,lignite,Lignite,conventional,false,8,10832.75,10832.75,reported,actual_generation_de_2024_2025,8118719a1cd35b8bac2f3933ca90094fc3fdbe4eaf8b653e88e4097514ae2f64
2025-01-12T10:00:00+00:00,2025-01-12T11:00:00+00:00,20250112,2025-01-12,2025,1,1,January,2,7,Sunday,true,11,11:00,60,false,0,9,hard_coal,Hard coal,conventional,false,9,5988.25,5988.25,reported,actual_generation_de_2024_2025,8118719a1cd35b8bac2f3933ca90094fc3fdbe4eaf8b653e88e4097514ae2f64
2025-01-12T10:00:00+00:00,2025-01-12T11:00:00+00:00,20250112,2025-01-12,2025,1,1,January,2,7,Sunday,true,11,11:00,60,false,0,10,fossil_gas,Fossil gas,conventional,false,10,8252.75,8252.75,reported,actual_generation_de_2024_2025,8118719a1cd35b8bac2f3933ca90094fc3fdbe4eaf8b653e88e4097514ae2f64
2025-01-12T10:00:00+00:00,2025-01-12T11:00:00+00:00,20250112,2025-01-12,2025,1,1,January,2,7,Sunday,true,11,11:00,60,false,0,11,hydro_pumped_storage,Hydro pumped storage,storage,false,11,130.00,130.00,reported,actual_generation_de_2024_2025,8118719a1cd35b8bac2f3933ca90094fc3fdbe4eaf8b653e88e4097514ae2f64
2025-01-12T10:00:00+00:00,2025-01-12T11:00:00+00:00,20250112,2025-01-12,2025,1,1,January,2,7,Sunday,true,11,11:00,60,false,0,12,other_conventional,Other conventional,conventional,false,12,1850.50,1850.50,reported,actual_generation_de_2024_2025,8118719a1cd35b8bac2f3933ca90094fc3fdbe4eaf8b653e88e4097514ae2f64
2025-01-12T11:00:00+00:00,2025-01-12T12:00:00+00:00,20250112,2025-01-12,2025,1,1,January,2,7,Sunday,true,12,12:00,60,false,0,1,biomass,Biomass,renewable,true,1,4302.75,4302.75,reported,actual_generation_de_2024_2025,8118719a1cd35b8bac2f3933ca90094fc3fdbe4eaf8b653e88e4097514ae2f64
2025-01-12T11:00:00+00:00,2025-01-12T12:00:00+00:00,20250112,2025-01-12,2025,1,1,January,2,7,Sunday,true,12,12:00,60,false,0,2,hydropower,Hydropower,renewable,true,2,1599.75,1599.75,reported,actual_generation_de_2024_2025,8118719a1cd35b8bac2f3933ca90094fc3fdbe4eaf8b653e88e4097514ae2f64
2025-01-12T11:00:00+00:00,2025-01-12T12:00:00+00:00,20250112,2025-01-12,2025,1,1,January,2,7,Sunday,true,12,12:00,60,false,0,3,wind_offshore,Wind offshore,renewable,true,3,493.75,493.75,reported,actual_generation_de_2024_2025,8118719a1cd35b8bac2f3933ca90094fc3fdbe4eaf8b653e88e4097514ae2f64
2025-01-12T11:00:00+00:00,2025-01-12T12:00:00+00:00,20250112,2025-01-12,2025,1,1,January,2,7,Sunday,true,12,12:00,60,false,0,4,wind_onshore,Wind onshore,renewable,true,4,8183.50,8183.50,reported,actual_generation_de_2024_2025,8118719a1cd35b8bac2f3933ca90094fc3fdbe4eaf8b653e88e4097514ae2f64
2025-01-12T11:00:00+00:00,2025-01-12T12:00:00+00:00,20250112,2025-01-12,2025,1,1,January,2,7,Sunday,true,12,12:00,60,false,0,5,solar_photovoltaic,Solar photovoltaic,renewable,true,5,13612.00,13612.00,reported,actual_generation_de_2024_2025,8118719a1cd35b8bac2f3933ca90094fc3fdbe4eaf8b653e88e4097514ae2f64
2025-01-12T11:00:00+00:00,2025-01-12T12:00:00+00:00,20250112,2025-01-12,2025,1,1,January,2,7,Sunday,true,12,12:00,60,false,0,6,other_renewable,Other renewable,renewable,true,6,136.58,136.58,reported,actual_generation_de_2024_2025,8118719a1cd35b8bac2f3933ca90094fc3fdbe4eaf8b653e88e4097514ae2f64
2025-01-12T11:00:00+00:00,2025-01-12T12:00:00+00:00,20250112,2025-01-12,2025,1,1,January,2,7,Sunday,true,12,12:00,60,false,0,7,nuclear,Nuclear,conventional,false,7,,,unavailable,actual_generation_de_2024_2025,8118719a1cd35b8bac2f3933ca90094fc3fdbe4eaf8b653e88e4097514ae2f64
2025-01-12T11:00:00+00:00,2025-01-12T12:00:00+00:00,20250112,2025-01-12,2025,1,1,January,2,7,Sunday,true,12,12:00,60,false,0,8,lignite,Lignite,conventional,false,8,10758.50,10758.50,reported,actual_generation_de_2024_2025,8118719a1cd35b8bac2f3933ca90094fc3fdbe4eaf8b653e88e4097514ae2f64
2025-01-12T11:00:00+00:00,2025-01-12T12:00:00+00:00,20250112,2025-01-12,2025,1,1,January,2,7,Sunday,true,12,12:00,60,false,0,9,hard_coal,Hard coal,conventional,false,9,5558.75,5558.75,reported,actual_generation_de_2024_2025,8118719a1cd35b8bac2f3933ca90094fc3fdbe4eaf8b653e88e4097514ae2f64
2025-01-12T11:00:00+00:00,2025-01-12T12:00:00+00:00,20250112,2025-01-12,2025,1,1,January,2,7,Sunday,true,12,12:00,60,false,0,10,fossil_gas,Fossil gas,conventional,false,10,8136.75,8136.75,reported,actual_generation_de_2024_2025,8118719a1cd35b8bac2f3933ca90094fc3fdbe4eaf8b653e88e4097514ae2f64
2025-01-12T11:00:00+00:00,2025-01-12T12:00:00+00:00,20250112,2025-01-12,2025,1,1,January,2,7,Sunday,true,12,12:00,60,false,0,11,hydro_pumped_storage,Hydro pumped storage,storage,false,11,73.50,73.50,reported,actual_generation_de_2024_2025,8118719a1cd35b8bac2f3933ca90094fc3fdbe4eaf8b653e88e4097514ae2f64
2025-01-12T11:00:00+00:00,2025-01-12T12:00:00+00:00,20250112,2025-01-12,2025,1,1,January,2,7,Sunday,true,12,12:00,60,false,0,12,other_conventional,Other conventional,conventional,false,12,1871.00,1871.00,reported,actual_generation_de_2024_2025,8118719a1cd35b8bac2f3933ca90094fc3fdbe4eaf8b653e88e4097514ae2f64
2025-01-12T12:00:00+00:00,2025-01-12T13:00:00+00:00,20250112,2025-01-12,2025,1,1,January,2,7,Sunday,true,13,13:00,60,false,0,1,biomass,Biomass,renewable,true,1,4316.75,4316.75,reported,actual_generation_de_2024_2025,8118719a1cd35b8bac2f3933ca90094fc3fdbe4eaf8b653e88e4097514ae2f64
2025-01-12T12:00:00+00:00,2025-01-12T13:00:00+00:00,20250112,2025-01-12,2025,1,1,January,2,7,Sunday,true,13,13:00,60,false,0,2,hydropower,Hydropower,renewable,true,2,1580.00,1580.00,reported,actual_generation_de_2024_2025,8118719a1cd35b8bac2f3933ca90094fc3fdbe4eaf8b653e88e4097514ae2f64
2025-01-12T12:00:00+00:00,2025-01-12T13:00:00+00:00,20250112,2025-01-12,2025,1,1,January,2,7,Sunday,true,13,13:00,60,false,0,3,wind_offshore,Wind offshore,renewable,true,3,478.50,478.50,reported,actual_generation_de_2024_2025,8118719a1cd35b8bac2f3933ca90094fc3fdbe4eaf8b653e88e4097514ae2f64
2025-01-12T12:00:00+00:00,2025-01-12T13:00:00+00:00,20250112,2025-01-12,2025,1,1,January,2,7,Sunday,true,13,13:00,60,false,0,4,wind_onshore,Wind onshore,renewable,true,4,8193.25,8193.25,reported,actual_generation_de_2024_2025,8118719a1cd35b8bac2f3933ca90094fc3fdbe4eaf8b653e88e4097514ae2f64
2025-01-12T12:00:00+00:00,2025-01-12T13:00:00+00:00,20250112,2025-01-12,2025,1,1,January,2,7,Sunday,true,13,13:00,60,false,0,5,solar_photovoltaic,Solar photovoltaic,renewable,true,5,13405.25,13405.25,reported,actual_generation_de_2024_2025,8118719a1cd35b8bac2f3933ca90094fc3fdbe4eaf8b653e88e4097514ae2f64
2025-01-12T12:00:00+00:00,2025-01-12T13:00:00+00:00,20250112,2025-01-12,2025,1,1,January,2,7,Sunday,true,13,13:00,60,false,0,6,other_renewable,Other renewable,renewable,true,6,136.50,136.50,reported,actual_generation_de_2024_2025,8118719a1cd35b8bac2f3933ca90094fc3fdbe4eaf8b653e88e4097514ae2f64
2025-01-12T12:00:00+00:00,2025-01-12T13:00:00+00:00,20250112,2025-01-12,2025,1,1,January,2,7,Sunday,true,13,13:00,60,false,0,7,nuclear,Nuclear,conventional,false,7,,,unavailable,actual_generation_de_2024_2025,8118719a1cd35b8bac2f3933ca90094fc3fdbe4eaf8b653e88e4097514ae2f64
2025-01-12T12:00:00+00:00,2025-01-12T13:00:00+00:00,20250112,2025-01-12,2025,1,1,January,2,7,Sunday,true,13,13:00,60,false,0,8,lignite,Lignite,conventional,false,8,10032.00,10032.00,reported,actual_generation_de_2024_2025,8118719a1cd35b8bac2f3933ca90094fc3fdbe4eaf8b653e88e4097514ae2f64
2025-01-12T12:00:00+00:00,2025-01-12T13:00:00+00:00,20250112,2025-01-12,2025,1,1,January,2,7,Sunday,true,13,13:00,60,false,0,9,hard_coal,Hard coal,conventional,false,9,4962.75,4962.75,reported,actual_generation_de_2024_2025,8118719a1cd35b8bac2f3933ca90094fc3fdbe4eaf8b653e88e4097514ae2f64
2025-01-12T12:00:00+00:00,2025-01-12T13:00:00+00:00,20250112,2025-01-12,2025,1,1,January,2,7,Sunday,true,13,13:00,60,false,0,10,fossil_gas,Fossil gas,conventional,false,10,8158.75,8158.75,reported,actual_generation_de_2024_2025,8118719a1cd35b8bac2f3933ca90094fc3fdbe4eaf8b653e88e4097514ae2f64
2025-01-12T12:00:00+00:00,2025-01-12T13:00:00+00:00,20250112,2025-01-12,2025,1,1,January,2,7,Sunday,true,13,13:00,60,false,0,11,hydro_pumped_storage,Hydro pumped storage,storage,false,11,51.75,51.75,reported,actual_generation_de_2024_2025,8118719a1cd35b8bac2f3933ca90094fc3fdbe4eaf8b653e88e4097514ae2f64
2025-01-12T12:00:00+00:00,2025-01-12T13:00:00+00:00,20250112,2025-01-12,2025,1,1,January,2,7,Sunday,true,13,13:00,60,false,0,12,other_conventional,Other conventional,conventional,false,12,1878.50,1878.50,reported,actual_generation_de_2024_2025,8118719a1cd35b8bac2f3933ca90094fc3fdbe4eaf8b653e88e4097514ae2f64
2025-01-12T13:00:00+00:00,2025-01-12T14:00:00+00:00,20250112,2025-01-12,2025,1,1,January,2,7,Sunday,true,14,14:00,60,false,0,1,biomass,Biomass,renewable,true,1,4351.50,4351.50,reported,actual_generation_de_2024_2025,8118719a1cd35b8bac2f3933ca90094fc3fdbe4eaf8b653e88e4097514ae2f64
2025-01-12T13:00:00+00:00,2025-01-12T14:00:00+00:00,20250112,2025-01-12,2025,1,1,January,2,7,Sunday,true,14,14:00,60,false,0,2,hydropower,Hydropower,renewable,true,2,1636.75,1636.75,reported,actual_generation_de_2024_2025,8118719a1cd35b8bac2f3933ca90094fc3fdbe4eaf8b653e88e4097514ae2f64
2025-01-12T13:00:00+00:00,2025-01-12T14:00:00+00:00,20250112,2025-01-12,2025,1,1,January,2,7,Sunday,true,14,14:00,60,false,0,3,wind_offshore,Wind offshore,renewable,true,3,392.25,392.25,reported,actual_generation_de_2024_2025,8118719a1cd35b8bac2f3933ca90094fc3fdbe4eaf8b653e88e4097514ae2f64
2025-01-12T13:00:00+00:00,2025-01-12T14:00:00+00:00,20250112,2025-01-12,2025,1,1,January,2,7,Sunday,true,14,14:00,60,false,0,4,wind_onshore,Wind onshore,renewable,true,4,7921.50,7921.50,reported,actual_generation_de_2024_2025,8118719a1cd35b8bac2f3933ca90094fc3fdbe4eaf8b653e88e4097514ae2f64
2025-01-12T13:00:00+00:00,2025-01-12T14:00:00+00:00,20250112,2025-01-12,2025,1,1,January,2,7,Sunday,true,14,14:00,60,false,0,5,solar_photovoltaic,Solar photovoltaic,renewable,true,5,10288.00,10288.00,reported,actual_generation_de_2024_2025,8118719a1cd35b8bac2f3933ca90094fc3fdbe4eaf8b653e88e4097514ae2f64
2025-01-12T13:00:00+00:00,2025-01-12T14:00:00+00:00,20250112,2025-01-12,2025,1,1,January,2,7,Sunday,true,14,14:00,60,false,0,6,other_renewable,Other renewable,renewable,true,6,135.21,135.21,reported,actual_generation_de_2024_2025,8118719a1cd35b8bac2f3933ca90094fc3fdbe4eaf8b653e88e4097514ae2f64
2025-01-12T13:00:00+00:00,2025-01-12T14:00:00+00:00,20250112,2025-01-12,2025,1,1,January,2,7,Sunday,true,14,14:00,60,false,0,7,nuclear,Nuclear,conventional,false,7,,,unavailable,actual_generation_de_2024_2025,8118719a1cd35b8bac2f3933ca90094fc3fdbe4eaf8b653e88e4097514ae2f64
2025-01-12T13:00:00+00:00,2025-01-12T14:00:00+00:00,20250112,2025-01-12,2025,1,1,January,2,7,Sunday,true,14,14:00,60,false,0,8,lignite,Lignite,conventional,false,8,9989.50,9989.50,reported,actual_generation_de_2024_2025,8118719a1cd35b8bac2f3933ca90094fc3fdbe4eaf8b653e88e4097514ae2f64
2025-01-12T13:00:00+00:00,2025-01-12T14:00:00+00:00,20250112,2025-01-12,2025,1,1,January,2,7,Sunday,true,14,14:00,60,false,0,9,hard_coal,Hard coal,conventional,false,9,5153.75,5153.75,reported,actual_generation_de_2024_2025,8118719a1cd35b8bac2f3933ca90094fc3fdbe4eaf8b653e88e4097514ae2f64
2025-01-12T13:00:00+00:00,2025-01-12T14:00:00+00:00,20250112,2025-01-12,2025,1,1,January,2,7,Sunday,true,14,14:00,60,false,0,10,fossil_gas,Fossil gas,conventional,false,10,8282.50,8282.50,reported,actual_generation_de_2024_2025,8118719a1cd35b8bac2f3933ca90094fc3fdbe4eaf8b653e88e4097514ae2f64
2025-01-12T13:00:00+00:00,2025-01-12T14:00:00+00:00,20250112,2025-01-12,2025,1,1,January,2,7,Sunday,true,14,14:00,60,false,0,11,hydro_pumped_storage,Hydro pumped storage,storage,false,11,151.75,151.75,reported,actual_generation_de_2024_2025,8118719a1cd35b8bac2f3933ca90094fc3fdbe4eaf8b653e88e4097514ae2f64
2025-01-12T13:00:00+00:00,2025-01-12T14:00:00+00:00,20250112,2025-01-12,2025,1,1,January,2,7,Sunday,true,14,14:00,60,false,0,12,other_conventional,Other conventional,conventional,false,12,1868.50,1868.50,reported,actual_generation_de_2024_2025,8118719a1cd35b8bac2f3933ca90094fc3fdbe4eaf8b653e88e4097514ae2f64
2025-01-12T14:00:00+00:00,2025-01-12T15:00:00+00:00,20250112,2025-01-12,2025,1,1,January,2,7,Sunday,true,15,15:00,60,false,0,1,biomass,Biomass,renewable,true,1,4476.75,4476.75,reported,actual_generation_de_2024_2025,8118719a1cd35b8bac2f3933ca90094fc3fdbe4eaf8b653e88e4097514ae2f64
2025-01-12T14:00:00+00:00,2025-01-12T15:00:00+00:00,20250112,2025-01-12,2025,1,1,January,2,7,Sunday,true,15,15:00,60,false,0,2,hydropower,Hydropower,renewable,true,2,1789.50,1789.50,reported,actual_generation_de_2024_2025,8118719a1cd35b8bac2f3933ca90094fc3fdbe4eaf8b653e88e4097514ae2f64
2025-01-12T14:00:00+00:00,2025-01-12T15:00:00+00:00,20250112,2025-01-12,2025,1,1,January,2,7,Sunday,true,15,15:00,60,false,0,3,wind_offshore,Wind offshore,renewable,true,3,248.75,248.75,reported,actual_generation_de_2024_2025,8118719a1cd35b8bac2f3933ca90094fc3fdbe4eaf8b653e88e4097514ae2f64
2025-01-12T14:00:00+00:00,2025-01-12T15:00:00+00:00,20250112,2025-01-12,2025,1,1,January,2,7,Sunday,true,15,15:00,60,false,0,4,wind_onshore,Wind onshore,renewable,true,4,7271.50,7271.50,reported,actual_generation_de_2024_2025,8118719a1cd35b8bac2f3933ca90094fc3fdbe4eaf8b653e88e4097514ae2f64
2025-01-12T14:00:00+00:00,2025-01-12T15:00:00+00:00,20250112,2025-01-12,2025,1,1,January,2,7,Sunday,true,15,15:00,60,false,0,5,solar_photovoltaic,Solar photovoltaic,renewable,true,5,4715.00,4715.00,reported,actual_generation_de_2024_2025,8118719a1cd35b8bac2f3933ca90094fc3fdbe4eaf8b653e88e4097514ae2f64
2025-01-12T14:00:00+00:00,2025-01-12T15:00:00+00:00,20250112,2025-01-12,2025,1,1,January,2,7,Sunday,true,15,15:00,60,false,0,6,other_renewable,Other renewable,renewable,true,6,137.07,137.07,reported,actual_generation_de_2024_2025,8118719a1cd35b8bac2f3933ca90094fc3fdbe4eaf8b653e88e4097514ae2f64
2025-01-12T14:00:00+00:00,2025-01-12T15:00:00+00:00,20250112,2025-01-12,2025,1,1,January,2,7,Sunday,true,15,15:00,60,false,0,7,nuclear,Nuclear,conventional,false,7,,,unavailable,actual_generation_de_2024_2025,8118719a1cd35b8bac2f3933ca90094fc3fdbe4eaf8b653e88e4097514ae2f64
2025-01-12T14:00:00+00:00,2025-01-12T15:00:00+00:00,20250112,2025-01-12,2025,1,1,January,2,7,Sunday,true,15,15:00,60,false,0,8,lignite,Lignite,conventional,false,8,10307.00,10307.00,reported,actual_generation_de_2024_2025,8118719a1cd35b8bac2f3933ca90094fc3fdbe4eaf8b653e88e4097514ae2f64
2025-01-12T14:00:00+00:00,2025-01-12T15:00:00+00:00,20250112,2025-01-12,2025,1,1,January,2,7,Sunday,true,15,15:00,60,false,0,9,hard_coal,Hard coal,conventional,false,9,6048.50,6048.50,reported,actual_generation_de_2024_2025,8118719a1cd35b8bac2f3933ca90094fc3fdbe4eaf8b653e88e4097514ae2f64
2025-01-12T14:00:00+00:00,2025-01-12T15:00:00+00:00,20250112,2025-01-12,2025,1,1,January,2,7,Sunday,true,15,15:00,60,false,0,10,fossil_gas,Fossil gas,conventional,false,10,9379.75,9379.75,reported,actual_generation_de_2024_2025,8118719a1cd35b8bac2f3933ca90094fc3fdbe4eaf8b653e88e4097514ae2f64
2025-01-12T14:00:00+00:00,2025-01-12T15:00:00+00:00,20250112,2025-01-12,2025,1,1,January,2,7,Sunday,true,15,15:00,60,false,0,11,hydro_pumped_storage,Hydro pumped storage,storage,false,11,1356.00,1356.00,reported,actual_generation_de_2024_2025,8118719a1cd35b8bac2f3933ca90094fc3fdbe4eaf8b653e88e4097514ae2f64
2025-01-12T14:00:00+00:00,2025-01-12T15:00:00+00:00,20250112,2025-01-12,2025,1,1,January,2,7,Sunday,true,15,15:00,60,false,0,12,other_conventional,Other conventional,conventional,false,12,1866.25,1866.25,reported,actual_generation_de_2024_2025,8118719a1cd35b8bac2f3933ca90094fc3fdbe4eaf8b653e88e4097514ae2f64
2025-01-12T15:00:00+00:00,2025-01-12T16:00:00+00:00,20250112,2025-01-12,2025,1,1,January,2,7,Sunday,true,16,16:00,60,false,0,1,biomass,Biomass,renewable,true,1,4704.50,4704.50,reported,actual_generation_de_2024_2025,8118719a1cd35b8bac2f3933ca90094fc3fdbe4eaf8b653e88e4097514ae2f64
2025-01-12T15:00:00+00:00,2025-01-12T16:00:00+00:00,20250112,2025-01-12,2025,1,1,January,2,7,Sunday,true,16,16:00,60,false,0,2,hydropower,Hydropower,renewable,true,2,1899.00,1899.00,reported,actual_generation_de_2024_2025,8118719a1cd35b8bac2f3933ca90094fc3fdbe4eaf8b653e88e4097514ae2f64
2025-01-12T15:00:00+00:00,2025-01-12T16:00:00+00:00,20250112,2025-01-12,2025,1,1,January,2,7,Sunday,true,16,16:00,60,false,0,3,wind_offshore,Wind offshore,renewable,true,3,204.25,204.25,reported,actual_generation_de_2024_2025,8118719a1cd35b8bac2f3933ca90094fc3fdbe4eaf8b653e88e4097514ae2f64
2025-01-12T15:00:00+00:00,2025-01-12T16:00:00+00:00,20250112,2025-01-12,2025,1,1,January,2,7,Sunday,true,16,16:00,60,false,0,4,wind_onshore,Wind onshore,renewable,true,4,6927.25,6927.25,reported,actual_generation_de_2024_2025,8118719a1cd35b8bac2f3933ca90094fc3fdbe4eaf8b653e88e4097514ae2f64
2025-01-12T15:00:00+00:00,2025-01-12T16:00:00+00:00,20250112,2025-01-12,2025,1,1,January,2,7,Sunday,true,16,16:00,60,false,0,5,solar_photovoltaic,Solar photovoltaic,renewable,true,5,500.25,500.25,reported,actual_generation_de_2024_2025,8118719a1cd35b8bac2f3933ca90094fc3fdbe4eaf8b653e88e4097514ae2f64
2025-01-12T15:00:00+00:00,2025-01-12T16:00:00+00:00,20250112,2025-01-12,2025,1,1,January,2,7,Sunday,true,16,16:00,60,false,0,6,other_renewable,Other renewable,renewable,true,6,137.06,137.06,reported,actual_generation_de_2024_2025,8118719a1cd35b8bac2f3933ca90094fc3fdbe4eaf8b653e88e4097514ae2f64
2025-01-12T15:00:00+00:00,2025-01-12T16:00:00+00:00,20250112,2025-01-12,2025,1,1,January,2,7,Sunday,true,16,16:00,60,false,0,7,nuclear,Nuclear,conventional,false,7,,,unavailable,actual_generation_de_2024_2025,8118719a1cd35b8bac2f3933ca90094fc3fdbe4eaf8b653e88e4097514ae2f64
2025-01-12T15:00:00+00:00,2025-01-12T16:00:00+00:00,20250112,2025-01-12,2025,1,1,January,2,7,Sunday,true,16,16:00,60,false,0,8,lignite,Lignite,conventional,false,8,10075.75,10075.75,reported,actual_generation_de_2024_2025,8118719a1cd35b8bac2f3933ca90094fc3fdbe4eaf8b653e88e4097514ae2f64
2025-01-12T15:00:00+00:00,2025-01-12T16:00:00+00:00,20250112,2025-01-12,2025,1,1,January,2,7,Sunday,true,16,16:00,60,false,0,9,hard_coal,Hard coal,conventional,false,9,6499.75,6499.75,reported,actual_generation_de_2024_2025,8118719a1cd35b8bac2f3933ca90094fc3fdbe4eaf8b653e88e4097514ae2f64
2025-01-12T15:00:00+00:00,2025-01-12T16:00:00+00:00,20250112,2025-01-12,2025,1,1,January,2,7,Sunday,true,16,16:00,60,false,0,10,fossil_gas,Fossil gas,conventional,false,10,11505.25,11505.25,reported,actual_generation_de_2024_2025,8118719a1cd35b8bac2f3933ca90094fc3fdbe4eaf8b653e88e4097514ae2f64
2025-01-12T15:00:00+00:00,2025-01-12T16:00:00+00:00,20250112,2025-01-12,2025,1,1,January,2,7,Sunday,true,16,16:00,60,false,0,11,hydro_pumped_storage,Hydro pumped storage,storage,false,11,2263.75,2263.75,reported,actual_generation_de_2024_2025,8118719a1cd35b8bac2f3933ca90094fc3fdbe4eaf8b653e88e4097514ae2f64
2025-01-12T15:00:00+00:00,2025-01-12T16:00:00+00:00,20250112,2025-01-12,2025,1,1,January,2,7,Sunday,true,16,16:00,60,false,0,12,other_conventional,Other conventional,conventional,false,12,1899.25,1899.25,reported,actual_generation_de_2024_2025,8118719a1cd35b8bac2f3933ca90094fc3fdbe4eaf8b653e88e4097514ae2f64
2025-01-12T16:00:00+00:00,2025-01-12T17:00:00+00:00,20250112,2025-01-12,2025,1,1,January,2,7,Sunday,true,17,17:00,60,false,0,1,biomass,Biomass,renewable,true,1,4827.00,4827.00,reported,actual_generation_de_2024_2025,8118719a1cd35b8bac2f3933ca90094fc3fdbe4eaf8b653e88e4097514ae2f64
2025-01-12T16:00:00+00:00,2025-01-12T17:00:00+00:00,20250112,2025-01-12,2025,1,1,January,2,7,Sunday,true,17,17:00,60,false,0,2,hydropower,Hydropower,renewable,true,2,2187.25,2187.25,reported,actual_generation_de_2024_2025,8118719a1cd35b8bac2f3933ca90094fc3fdbe4eaf8b653e88e4097514ae2f64
2025-01-12T16:00:00+00:00,2025-01-12T17:00:00+00:00,20250112,2025-01-12,2025,1,1,January,2,7,Sunday,true,17,17:00,60,false,0,3,wind_offshore,Wind offshore,renewable,true,3,163.75,163.75,reported,actual_generation_de_2024_2025,8118719a1cd35b8bac2f3933ca90094fc3fdbe4eaf8b653e88e4097514ae2f64
2025-01-12T16:00:00+00:00,2025-01-12T17:00:00+00:00,20250112,2025-01-12,2025,1,1,January,2,7,Sunday,true,17,17:00,60,false,0,4,wind_onshore,Wind onshore,renewable,true,4,6765.75,6765.75,reported,actual_generation_de_2024_2025,8118719a1cd35b8bac2f3933ca90094fc3fdbe4eaf8b653e88e4097514ae2f64
2025-01-12T16:00:00+00:00,2025-01-12T17:00:00+00:00,20250112,2025-01-12,2025,1,1,January,2,7,Sunday,true,17,17:00,60,false,0,5,solar_photovoltaic,Solar photovoltaic,renewable,true,5,13.50,13.50,reported,actual_generation_de_2024_2025,8118719a1cd35b8bac2f3933ca90094fc3fdbe4eaf8b653e88e4097514ae2f64
2025-01-12T16:00:00+00:00,2025-01-12T17:00:00+00:00,20250112,2025-01-12,2025,1,1,January,2,7,Sunday,true,17,17:00,60,false,0,6,other_renewable,Other renewable,renewable,true,6,136.34,136.34,reported,actual_generation_de_2024_2025,8118719a1cd35b8bac2f3933ca90094fc3fdbe4eaf8b653e88e4097514ae2f64
2025-01-12T16:00:00+00:00,2025-01-12T17:00:00+00:00,20250112,2025-01-12,2025,1,1,January,2,7,Sunday,true,17,17:00,60,false,0,7,nuclear,Nuclear,conventional,false,7,,,unavailable,actual_generation_de_2024_2025,8118719a1cd35b8bac2f3933ca90094fc3fdbe4eaf8b653e88e4097514ae2f64
2025-01-12T16:00:00+00:00,2025-01-12T17:00:00+00:00,20250112,2025-01-12,2025,1,1,January,2,7,Sunday,true,17,17:00,60,false,0,8,lignite,Lignite,conventional,false,8,10071.00,10071.00,reported,actual_generation_de_2024_2025,8118719a1cd35b8bac2f3933ca90094fc3fdbe4eaf8b653e88e4097514ae2f64
2025-01-12T16:00:00+00:00,2025-01-12T17:00:00+00:00,20250112,2025-01-12,2025,1,1,January,2,7,Sunday,true,17,17:00,60,false,0,9,hard_coal,Hard coal,conventional,false,9,6600.00,6600.00,reported,actual_generation_de_2024_2025,8118719a1cd35b8bac2f3933ca90094fc3fdbe4eaf8b653e88e4097514ae2f64
2025-01-12T16:00:00+00:00,2025-01-12T17:00:00+00:00,20250112,2025-01-12,2025,1,1,January,2,7,Sunday,true,17,17:00,60,false,0,10,fossil_gas,Fossil gas,conventional,false,10,12467.25,12467.25,reported,actual_generation_de_2024_2025,8118719a1cd35b8bac2f3933ca90094fc3fdbe4eaf8b653e88e4097514ae2f64
2025-01-12T16:00:00+00:00,2025-01-12T17:00:00+00:00,20250112,2025-01-12,2025,1,1,January,2,7,Sunday,true,17,17:00,60,false,0,11,hydro_pumped_storage,Hydro pumped storage,storage,false,11,4386.00,4386.00,reported,actual_generation_de_2024_2025,8118719a1cd35b8bac2f3933ca90094fc3fdbe4eaf8b653e88e4097514ae2f64
2025-01-12T16:00:00+00:00,2025-01-12T17:00:00+00:00,20250112,2025-01-12,2025,1,1,January,2,7,Sunday,true,17,17:00,60,false,0,12,other_conventional,Other conventional,conventional,false,12,1893.75,1893.75,reported,actual_generation_de_2024_2025,8118719a1cd35b8bac2f3933ca90094fc3fdbe4eaf8b653e88e4097514ae2f64
2025-01-12T17:00:00+00:00,2025-01-12T18:00:00+00:00,20250112,2025-01-12,2025,1,1,January,2,7,Sunday,true,18,18:00,60,false,0,1,biomass,Biomass,renewable,true,1,4883.00,4883.00,reported,actual_generation_de_2024_2025,8118719a1cd35b8bac2f3933ca90094fc3fdbe4eaf8b653e88e4097514ae2f64
2025-01-12T17:00:00+00:00,2025-01-12T18:00:00+00:00,20250112,2025-01-12,2025,1,1,January,2,7,Sunday,true,18,18:00,60,false,0,2,hydropower,Hydropower,renewable,true,2,2211.75,2211.75,reported,actual_generation_de_2024_2025,8118719a1cd35b8bac2f3933ca90094fc3fdbe4eaf8b653e88e4097514ae2f64
2025-01-12T17:00:00+00:00,2025-01-12T18:00:00+00:00,20250112,2025-01-12,2025,1,1,January,2,7,Sunday,true,18,18:00,60,false,0,3,wind_offshore,Wind offshore,renewable,true,3,102.50,102.50,reported,actual_generation_de_2024_2025,8118719a1cd35b8bac2f3933ca90094fc3fdbe4eaf8b653e88e4097514ae2f64
2025-01-12T17:00:00+00:00,2025-01-12T18:00:00+00:00,20250112,2025-01-12,2025,1,1,January,2,7,Sunday,true,18,18:00,60,false,0,4,wind_onshore,Wind onshore,renewable,true,4,6356.25,6356.25,reported,actual_generation_de_2024_2025,8118719a1cd35b8bac2f3933ca90094fc3fdbe4eaf8b653e88e4097514ae2f64
2025-01-12T17:00:00+00:00,2025-01-12T18:00:00+00:00,20250112,2025-01-12,2025,1,1,January,2,7,Sunday,true,18,18:00,60,false,0,5,solar_photovoltaic,Solar photovoltaic,renewable,true,5,9.50,9.50,reported,actual_generation_de_2024_2025,8118719a1cd35b8bac2f3933ca90094fc3fdbe4eaf8b653e88e4097514ae2f64
2025-01-12T17:00:00+00:00,2025-01-12T18:00:00+00:00,20250112,2025-01-12,2025,1,1,January,2,7,Sunday,true,18,18:00,60,false,0,6,other_renewable,Other renewable,renewable,true,6,137.80,137.80,reported,actual_generation_de_2024_2025,8118719a1cd35b8bac2f3933ca90094fc3fdbe4eaf8b653e88e4097514ae2f64
2025-01-12T17:00:00+00:00,2025-01-12T18:00:00+00:00,20250112,2025-01-12,2025,1,1,January,2,7,Sunday,true,18,18:00,60,false,0,7,nuclear,Nuclear,conventional,false,7,,,unavailable,actual_generation_de_2024_2025,8118719a1cd35b8bac2f3933ca90094fc3fdbe4eaf8b653e88e4097514ae2f64
2025-01-12T17:00:00+00:00,2025-01-12T18:00:00+00:00,20250112,2025-01-12,2025,1,1,January,2,7,Sunday,true,18,18:00,60,false,0,8,lignite,Lignite,conventional,false,8,10095.25,10095.25,reported,actual_generation_de_2024_2025,8118719a1cd35b8bac2f3933ca90094fc3fdbe4eaf8b653e88e4097514ae2f64
2025-01-12T17:00:00+00:00,2025-01-12T18:00:00+00:00,20250112,2025-01-12,2025,1,1,January,2,7,Sunday,true,18,18:00,60,false,0,9,hard_coal,Hard coal,conventional,false,9,6638.75,6638.75,reported,actual_generation_de_2024_2025,8118719a1cd35b8bac2f3933ca90094fc3fdbe4eaf8b653e88e4097514ae2f64
2025-01-12T17:00:00+00:00,2025-01-12T18:00:00+00:00,20250112,2025-01-12,2025,1,1,January,2,7,Sunday,true,18,18:00,60,false,0,10,fossil_gas,Fossil gas,conventional,false,10,12705.50,12705.50,reported,actual_generation_de_2024_2025,8118719a1cd35b8bac2f3933ca90094fc3fdbe4eaf8b653e88e4097514ae2f64
2025-01-12T17:00:00+00:00,2025-01-12T18:00:00+00:00,20250112,2025-01-12,2025,1,1,January,2,7,Sunday,true,18,18:00,60,false,0,11,hydro_pumped_storage,Hydro pumped storage,storage,false,11,4466.50,4466.50,reported,actual_generation_de_2024_2025,8118719a1cd35b8bac2f3933ca90094fc3fdbe4eaf8b653e88e4097514ae2f64
2025-01-12T17:00:00+00:00,2025-01-12T18:00:00+00:00,20250112,2025-01-12,2025,1,1,January,2,7,Sunday,true,18,18:00,60,false,0,12,other_conventional,Other conventional,conventional,false,12,1872.25,1872.25,reported,actual_generation_de_2024_2025,8118719a1cd35b8bac2f3933ca90094fc3fdbe4eaf8b653e88e4097514ae2f64
2025-01-12T18:00:00+00:00,2025-01-12T19:00:00+00:00,20250112,2025-01-12,2025,1,1,January,2,7,Sunday,true,19,19:00,60,false,0,1,biomass,Biomass,renewable,true,1,4821.25,4821.25,reported,actual_generation_de_2024_2025,8118719a1cd35b8bac2f3933ca90094fc3fdbe4eaf8b653e88e4097514ae2f64
2025-01-12T18:00:00+00:00,2025-01-12T19:00:00+00:00,20250112,2025-01-12,2025,1,1,January,2,7,Sunday,true,19,19:00,60,false,0,2,hydropower,Hydropower,renewable,true,2,2110.75,2110.75,reported,actual_generation_de_2024_2025,8118719a1cd35b8bac2f3933ca90094fc3fdbe4eaf8b653e88e4097514ae2f64
2025-01-12T18:00:00+00:00,2025-01-12T19:00:00+00:00,20250112,2025-01-12,2025,1,1,January,2,7,Sunday,true,19,19:00,60,false,0,3,wind_offshore,Wind offshore,renewable,true,3,136.75,136.75,reported,actual_generation_de_2024_2025,8118719a1cd35b8bac2f3933ca90094fc3fdbe4eaf8b653e88e4097514ae2f64
2025-01-12T18:00:00+00:00,2025-01-12T19:00:00+00:00,20250112,2025-01-12,2025,1,1,January,2,7,Sunday,true,19,19:00,60,false,0,4,wind_onshore,Wind onshore,renewable,true,4,6188.00,6188.00,reported,actual_generation_de_2024_2025,8118719a1cd35b8bac2f3933ca90094fc3fdbe4eaf8b653e88e4097514ae2f64
2025-01-12T18:00:00+00:00,2025-01-12T19:00:00+00:00,20250112,2025-01-12,2025,1,1,January,2,7,Sunday,true,19,19:00,60,false,0,5,solar_photovoltaic,Solar photovoltaic,renewable,true,5,7.75,7.75,reported,actual_generation_de_2024_2025,8118719a1cd35b8bac2f3933ca90094fc3fdbe4eaf8b653e88e4097514ae2f64
2025-01-12T18:00:00+00:00,2025-01-12T19:00:00+00:00,20250112,2025-01-12,2025,1,1,January,2,7,Sunday,true,19,19:00,60,false,0,6,other_renewable,Other renewable,renewable,true,6,138.20,138.20,reported,actual_generation_de_2024_2025,8118719a1cd35b8bac2f3933ca90094fc3fdbe4eaf8b653e88e4097514ae2f64
2025-01-12T18:00:00+00:00,2025-01-12T19:00:00+00:00,20250112,2025-01-12,2025,1,1,January,2,7,Sunday,true,19,19:00,60,false,0,7,nuclear,Nuclear,conventional,false,7,,,unavailable,actual_generation_de_2024_2025,8118719a1cd35b8bac2f3933ca90094fc3fdbe4eaf8b653e88e4097514ae2f64
2025-01-12T18:00:00+00:00,2025-01-12T19:00:00+00:00,20250112,2025-01-12,2025,1,1,January,2,7,Sunday,true,19,19:00,60,false,0,8,lignite,Lignite,conventional,false,8,10303.25,10303.25,reported,actual_generation_de_2024_2025,8118719a1cd35b8bac2f3933ca90094fc3fdbe4eaf8b653e88e4097514ae2f64
2025-01-12T18:00:00+00:00,2025-01-12T19:00:00+00:00,20250112,2025-01-12,2025,1,1,January,2,7,Sunday,true,19,19:00,60,false,0,9,hard_coal,Hard coal,conventional,false,9,6652.00,6652.00,reported,actual_generation_de_2024_2025,8118719a1cd35b8bac2f3933ca90094fc3fdbe4eaf8b653e88e4097514ae2f64
2025-01-12T18:00:00+00:00,2025-01-12T19:00:00+00:00,20250112,2025-01-12,2025,1,1,January,2,7,Sunday,true,19,19:00,60,false,0,10,fossil_gas,Fossil gas,conventional,false,10,12624.25,12624.25,reported,actual_generation_de_2024_2025,8118719a1cd35b8bac2f3933ca90094fc3fdbe4eaf8b653e88e4097514ae2f64
2025-01-12T18:00:00+00:00,2025-01-12T19:00:00+00:00,20250112,2025-01-12,2025,1,1,January,2,7,Sunday,true,19,19:00,60,false,0,11,hydro_pumped_storage,Hydro pumped storage,storage,false,11,3774.50,3774.50,reported,actual_generation_de_2024_2025,8118719a1cd35b8bac2f3933ca90094fc3fdbe4eaf8b653e88e4097514ae2f64
2025-01-12T18:00:00+00:00,2025-01-12T19:00:00+00:00,20250112,2025-01-12,2025,1,1,January,2,7,Sunday,true,19,19:00,60,false,0,12,other_conventional,Other conventional,conventional,false,12,1848.75,1848.75,reported,actual_generation_de_2024_2025,8118719a1cd35b8bac2f3933ca90094fc3fdbe4eaf8b653e88e4097514ae2f64
2025-01-12T19:00:00+00:00,2025-01-12T20:00:00+00:00,20250112,2025-01-12,2025,1,1,January,2,7,Sunday,true,20,20:00,60,false,0,1,biomass,Biomass,renewable,true,1,4656.75,4656.75,reported,actual_generation_de_2024_2025,8118719a1cd35b8bac2f3933ca90094fc3fdbe4eaf8b653e88e4097514ae2f64
2025-01-12T19:00:00+00:00,2025-01-12T20:00:00+00:00,20250112,2025-01-12,2025,1,1,January,2,7,Sunday,true,20,20:00,60,false,0,2,hydropower,Hydropower,renewable,true,2,1896.25,1896.25,reported,actual_generation_de_2024_2025,8118719a1cd35b8bac2f3933ca90094fc3fdbe4eaf8b653e88e4097514ae2f64
2025-01-12T19:00:00+00:00,2025-01-12T20:00:00+00:00,20250112,2025-01-12,2025,1,1,January,2,7,Sunday,true,20,20:00,60,false,0,3,wind_offshore,Wind offshore,renewable,true,3,90.50,90.50,reported,actual_generation_de_2024_2025,8118719a1cd35b8bac2f3933ca90094fc3fdbe4eaf8b653e88e4097514ae2f64
2025-01-12T19:00:00+00:00,2025-01-12T20:00:00+00:00,20250112,2025-01-12,2025,1,1,January,2,7,Sunday,true,20,20:00,60,false,0,4,wind_onshore,Wind onshore,renewable,true,4,5459.00,5459.00,reported,actual_generation_de_2024_2025,8118719a1cd35b8bac2f3933ca90094fc3fdbe4eaf8b653e88e4097514ae2f64
2025-01-12T19:00:00+00:00,2025-01-12T20:00:00+00:00,20250112,2025-01-12,2025,1,1,January,2,7,Sunday,true,20,20:00,60,false,0,5,solar_photovoltaic,Solar photovoltaic,renewable,true,5,7.00,7.00,reported,actual_generation_de_2024_2025,8118719a1cd35b8bac2f3933ca90094fc3fdbe4eaf8b653e88e4097514ae2f64
2025-01-12T19:00:00+00:00,2025-01-12T20:00:00+00:00,20250112,2025-01-12,2025,1,1,January,2,7,Sunday,true,20,20:00,60,false,0,6,other_renewable,Other renewable,renewable,true,6,137.90,137.90,reported,actual_generation_de_2024_2025,8118719a1cd35b8bac2f3933ca90094fc3fdbe4eaf8b653e88e4097514ae2f64
2025-01-12T19:00:00+00:00,2025-01-12T20:00:00+00:00,20250112,2025-01-12,2025,1,1,January,2,7,Sunday,true,20,20:00,60,false,0,7,nuclear,Nuclear,conventional,false,7,,,unavailable,actual_generation_de_2024_2025,8118719a1cd35b8bac2f3933ca90094fc3fdbe4eaf8b653e88e4097514ae2f64
2025-01-12T19:00:00+00:00,2025-01-12T20:00:00+00:00,20250112,2025-01-12,2025,1,1,January,2,7,Sunday,true,20,20:00,60,false,0,8,lignite,Lignite,conventional,false,8,10807.50,10807.50,reported,actual_generation_de_2024_2025,8118719a1cd35b8bac2f3933ca90094fc3fdbe4eaf8b653e88e4097514ae2f64
2025-01-12T19:00:00+00:00,2025-01-12T20:00:00+00:00,20250112,2025-01-12,2025,1,1,January,2,7,Sunday,true,20,20:00,60,false,0,9,hard_coal,Hard coal,conventional,false,9,6615.25,6615.25,reported,actual_generation_de_2024_2025,8118719a1cd35b8bac2f3933ca90094fc3fdbe4eaf8b653e88e4097514ae2f64
2025-01-12T19:00:00+00:00,2025-01-12T20:00:00+00:00,20250112,2025-01-12,2025,1,1,January,2,7,Sunday,true,20,20:00,60,false,0,10,fossil_gas,Fossil gas,conventional,false,10,12406.25,12406.25,reported,actual_generation_de_2024_2025,8118719a1cd35b8bac2f3933ca90094fc3fdbe4eaf8b653e88e4097514ae2f64
2025-01-12T19:00:00+00:00,2025-01-12T20:00:00+00:00,20250112,2025-01-12,2025,1,1,January,2,7,Sunday,true,20,20:00,60,false,0,11,hydro_pumped_storage,Hydro pumped storage,storage,false,11,2127.00,2127.00,reported,actual_generation_de_2024_2025,8118719a1cd35b8bac2f3933ca90094fc3fdbe4eaf8b653e88e4097514ae2f64
2025-01-12T19:00:00+00:00,2025-01-12T20:00:00+00:00,20250112,2025-01-12,2025,1,1,January,2,7,Sunday,true,20,20:00,60,false,0,12,other_conventional,Other conventional,conventional,false,12,1781.50,1781.50,reported,actual_generation_de_2024_2025,8118719a1cd35b8bac2f3933ca90094fc3fdbe4eaf8b653e88e4097514ae2f64
2025-01-12T20:00:00+00:00,2025-01-12T21:00:00+00:00,20250112,2025-01-12,2025,1,1,January,2,7,Sunday,true,21,21:00,60,false,0,1,biomass,Biomass,renewable,true,1,4476.75,4476.75,reported,actual_generation_de_2024_2025,8118719a1cd35b8bac2f3933ca90094fc3fdbe4eaf8b653e88e4097514ae2f64
2025-01-12T20:00:00+00:00,2025-01-12T21:00:00+00:00,20250112,2025-01-12,2025,1,1,January,2,7,Sunday,true,21,21:00,60,false,0,2,hydropower,Hydropower,renewable,true,2,1750.00,1750.00,reported,actual_generation_de_2024_2025,8118719a1cd35b8bac2f3933ca90094fc3fdbe4eaf8b653e88e4097514ae2f64
2025-01-12T20:00:00+00:00,2025-01-12T21:00:00+00:00,20250112,2025-01-12,2025,1,1,January,2,7,Sunday,true,21,21:00,60,false,0,3,wind_offshore,Wind offshore,renewable,true,3,120.50,120.50,reported,actual_generation_de_2024_2025,8118719a1cd35b8bac2f3933ca90094fc3fdbe4eaf8b653e88e4097514ae2f64
2025-01-12T20:00:00+00:00,2025-01-12T21:00:00+00:00,20250112,2025-01-12,2025,1,1,January,2,7,Sunday,true,21,21:00,60,false,0,4,wind_onshore,Wind onshore,renewable,true,4,4288.25,4288.25,reported,actual_generation_de_2024_2025,8118719a1cd35b8bac2f3933ca90094fc3fdbe4eaf8b653e88e4097514ae2f64
2025-01-12T20:00:00+00:00,2025-01-12T21:00:00+00:00,20250112,2025-01-12,2025,1,1,January,2,7,Sunday,true,21,21:00,60,false,0,5,solar_photovoltaic,Solar photovoltaic,renewable,true,5,7.00,7.00,reported,actual_generation_de_2024_2025,8118719a1cd35b8bac2f3933ca90094fc3fdbe4eaf8b653e88e4097514ae2f64
2025-01-12T20:00:00+00:00,2025-01-12T21:00:00+00:00,20250112,2025-01-12,2025,1,1,January,2,7,Sunday,true,21,21:00,60,false,0,6,other_renewable,Other renewable,renewable,true,6,137.08,137.08,reported,actual_generation_de_2024_2025,8118719a1cd35b8bac2f3933ca90094fc3fdbe4eaf8b653e88e4097514ae2f64
2025-01-12T20:00:00+00:00,2025-01-12T21:00:00+00:00,20250112,2025-01-12,2025,1,1,January,2,7,Sunday,true,21,21:00,60,false,0,7,nuclear,Nuclear,conventional,false,7,,,unavailable,actual_generation_de_2024_2025,8118719a1cd35b8bac2f3933ca90094fc3fdbe4eaf8b653e88e4097514ae2f64
2025-01-12T20:00:00+00:00,2025-01-12T21:00:00+00:00,20250112,2025-01-12,2025,1,1,January,2,7,Sunday,true,21,21:00,60,false,0,8,lignite,Lignite,conventional,false,8,10876.50,10876.50,reported,actual_generation_de_2024_2025,8118719a1cd35b8bac2f3933ca90094fc3fdbe4eaf8b653e88e4097514ae2f64
2025-01-12T20:00:00+00:00,2025-01-12T21:00:00+00:00,20250112,2025-01-12,2025,1,1,January,2,7,Sunday,true,21,21:00,60,false,0,9,hard_coal,Hard coal,conventional,false,9,6585.00,6585.00,reported,actual_generation_de_2024_2025,8118719a1cd35b8bac2f3933ca90094fc3fdbe4eaf8b653e88e4097514ae2f64
2025-01-12T20:00:00+00:00,2025-01-12T21:00:00+00:00,20250112,2025-01-12,2025,1,1,January,2,7,Sunday,true,21,21:00,60,false,0,10,fossil_gas,Fossil gas,conventional,false,10,12081.00,12081.00,reported,actual_generation_de_2024_2025,8118719a1cd35b8bac2f3933ca90094fc3fdbe4eaf8b653e88e4097514ae2f64
2025-01-12T20:00:00+00:00,2025-01-12T21:00:00+00:00,20250112,2025-01-12,2025,1,1,January,2,7,Sunday,true,21,21:00,60,false,0,11,hydro_pumped_storage,Hydro pumped storage,storage,false,11,718.00,718.00,reported,actual_generation_de_2024_2025,8118719a1cd35b8bac2f3933ca90094fc3fdbe4eaf8b653e88e4097514ae2f64
2025-01-12T20:00:00+00:00,2025-01-12T21:00:00+00:00,20250112,2025-01-12,2025,1,1,January,2,7,Sunday,true,21,21:00,60,false,0,12,other_conventional,Other conventional,conventional,false,12,1791.50,1791.50,reported,actual_generation_de_2024_2025,8118719a1cd35b8bac2f3933ca90094fc3fdbe4eaf8b653e88e4097514ae2f64
2025-01-12T21:00:00+00:00,2025-01-12T22:00:00+00:00,20250112,2025-01-12,2025,1,1,January,2,7,Sunday,true,22,22:00,60,false,0,1,biomass,Biomass,renewable,true,1,4329.25,4329.25,reported,actual_generation_de_2024_2025,8118719a1cd35b8bac2f3933ca90094fc3fdbe4eaf8b653e88e4097514ae2f64
2025-01-12T21:00:00+00:00,2025-01-12T22:00:00+00:00,20250112,2025-01-12,2025,1,1,January,2,7,Sunday,true,22,22:00,60,false,0,2,hydropower,Hydropower,renewable,true,2,1757.75,1757.75,reported,actual_generation_de_2024_2025,8118719a1cd35b8bac2f3933ca90094fc3fdbe4eaf8b653e88e4097514ae2f64
2025-01-12T21:00:00+00:00,2025-01-12T22:00:00+00:00,20250112,2025-01-12,2025,1,1,January,2,7,Sunday,true,22,22:00,60,false,0,3,wind_offshore,Wind offshore,renewable,true,3,177.75,177.75,reported,actual_generation_de_2024_2025,8118719a1cd35b8bac2f3933ca90094fc3fdbe4eaf8b653e88e4097514ae2f64
2025-01-12T21:00:00+00:00,2025-01-12T22:00:00+00:00,20250112,2025-01-12,2025,1,1,January,2,7,Sunday,true,22,22:00,60,false,0,4,wind_onshore,Wind onshore,renewable,true,4,3211.00,3211.00,reported,actual_generation_de_2024_2025,8118719a1cd35b8bac2f3933ca90094fc3fdbe4eaf8b653e88e4097514ae2f64
2025-01-12T21:00:00+00:00,2025-01-12T22:00:00+00:00,20250112,2025-01-12,2025,1,1,January,2,7,Sunday,true,22,22:00,60,false,0,5,solar_photovoltaic,Solar photovoltaic,renewable,true,5,7.00,7.00,reported,actual_generation_de_2024_2025,8118719a1cd35b8bac2f3933ca90094fc3fdbe4eaf8b653e88e4097514ae2f64
2025-01-12T21:00:00+00:00,2025-01-12T22:00:00+00:00,20250112,2025-01-12,2025,1,1,January,2,7,Sunday,true,22,22:00,60,false,0,6,other_renewable,Other renewable,renewable,true,6,135.08,135.08,reported,actual_generation_de_2024_2025,8118719a1cd35b8bac2f3933ca90094fc3fdbe4eaf8b653e88e4097514ae2f64
2025-01-12T21:00:00+00:00,2025-01-12T22:00:00+00:00,20250112,2025-01-12,2025,1,1,January,2,7,Sunday,true,22,22:00,60,false,0,7,nuclear,Nuclear,conventional,false,7,,,unavailable,actual_generation_de_2024_2025,8118719a1cd35b8bac2f3933ca90094fc3fdbe4eaf8b653e88e4097514ae2f64
2025-01-12T21:00:00+00:00,2025-01-12T22:00:00+00:00,20250112,2025-01-12,2025,1,1,January,2,7,Sunday,true,22,22:00,60,false,0,8,lignite,Lignite,conventional,false,8,10897.75,10897.75,reported,actual_generation_de_2024_2025,8118719a1cd35b8bac2f3933ca90094fc3fdbe4eaf8b653e88e4097514ae2f64
2025-01-12T21:00:00+00:00,2025-01-12T22:00:00+00:00,20250112,2025-01-12,2025,1,1,January,2,7,Sunday,true,22,22:00,60,false,0,9,hard_coal,Hard coal,conventional,false,9,6483.75,6483.75,reported,actual_generation_de_2024_2025,8118719a1cd35b8bac2f3933ca90094fc3fdbe4eaf8b653e88e4097514ae2f64
2025-01-12T21:00:00+00:00,2025-01-12T22:00:00+00:00,20250112,2025-01-12,2025,1,1,January,2,7,Sunday,true,22,22:00,60,false,0,10,fossil_gas,Fossil gas,conventional,false,10,10865.75,10865.75,reported,actual_generation_de_2024_2025,8118719a1cd35b8bac2f3933ca90094fc3fdbe4eaf8b653e88e4097514ae2f64
2025-01-12T21:00:00+00:00,2025-01-12T22:00:00+00:00,20250112,2025-01-12,2025,1,1,January,2,7,Sunday,true,22,22:00,60,false,0,11,hydro_pumped_storage,Hydro pumped storage,storage,false,11,749.50,749.50,reported,actual_generation_de_2024_2025,8118719a1cd35b8bac2f3933ca90094fc3fdbe4eaf8b653e88e4097514ae2f64
2025-01-12T21:00:00+00:00,2025-01-12T22:00:00+00:00,20250112,2025-01-12,2025,1,1,January,2,7,Sunday,true,22,22:00,60,false,0,12,other_conventional,Other conventional,conventional,false,12,1793.75,1793.75,reported,actual_generation_de_2024_2025,8118719a1cd35b8bac2f3933ca90094fc3fdbe4eaf8b653e88e4097514ae2f64
2025-01-12T22:00:00+00:00,2025-01-12T23:00:00+00:00,20250112,2025-01-12,2025,1,1,January,2,7,Sunday,true,23,23:00,60,false,0,1,biomass,Biomass,renewable,true,1,4202.25,4202.25,reported,actual_generation_de_2024_2025,8118719a1cd35b8bac2f3933ca90094fc3fdbe4eaf8b653e88e4097514ae2f64
2025-01-12T22:00:00+00:00,2025-01-12T23:00:00+00:00,20250112,2025-01-12,2025,1,1,January,2,7,Sunday,true,23,23:00,60,false,0,2,hydropower,Hydropower,renewable,true,2,1721.25,1721.25,reported,actual_generation_de_2024_2025,8118719a1cd35b8bac2f3933ca90094fc3fdbe4eaf8b653e88e4097514ae2f64
2025-01-12T22:00:00+00:00,2025-01-12T23:00:00+00:00,20250112,2025-01-12,2025,1,1,January,2,7,Sunday,true,23,23:00,60,false,0,3,wind_offshore,Wind offshore,renewable,true,3,147.50,147.50,reported,actual_generation_de_2024_2025,8118719a1cd35b8bac2f3933ca90094fc3fdbe4eaf8b653e88e4097514ae2f64
2025-01-12T22:00:00+00:00,2025-01-12T23:00:00+00:00,20250112,2025-01-12,2025,1,1,January,2,7,Sunday,true,23,23:00,60,false,0,4,wind_onshore,Wind onshore,renewable,true,4,2356.25,2356.25,reported,actual_generation_de_2024_2025,8118719a1cd35b8bac2f3933ca90094fc3fdbe4eaf8b653e88e4097514ae2f64
2025-01-12T22:00:00+00:00,2025-01-12T23:00:00+00:00,20250112,2025-01-12,2025,1,1,January,2,7,Sunday,true,23,23:00,60,false,0,5,solar_photovoltaic,Solar photovoltaic,renewable,true,5,7.00,7.00,reported,actual_generation_de_2024_2025,8118719a1cd35b8bac2f3933ca90094fc3fdbe4eaf8b653e88e4097514ae2f64
2025-01-12T22:00:00+00:00,2025-01-12T23:00:00+00:00,20250112,2025-01-12,2025,1,1,January,2,7,Sunday,true,23,23:00,60,false,0,6,other_renewable,Other renewable,renewable,true,6,136.65,136.65,reported,actual_generation_de_2024_2025,8118719a1cd35b8bac2f3933ca90094fc3fdbe4eaf8b653e88e4097514ae2f64
2025-01-12T22:00:00+00:00,2025-01-12T23:00:00+00:00,20250112,2025-01-12,2025,1,1,January,2,7,Sunday,true,23,23:00,60,false,0,7,nuclear,Nuclear,conventional,false,7,,,unavailable,actual_generation_de_2024_2025,8118719a1cd35b8bac2f3933ca90094fc3fdbe4eaf8b653e88e4097514ae2f64
2025-01-12T22:00:00+00:00,2025-01-12T23:00:00+00:00,20250112,2025-01-12,2025,1,1,January,2,7,Sunday,true,23,23:00,60,false,0,8,lignite,Lignite,conventional,false,8,10768.75,10768.75,reported,actual_generation_de_2024_2025,8118719a1cd35b8bac2f3933ca90094fc3fdbe4eaf8b653e88e4097514ae2f64
2025-01-12T22:00:00+00:00,2025-01-12T23:00:00+00:00,20250112,2025-01-12,2025,1,1,January,2,7,Sunday,true,23,23:00,60,false,0,9,hard_coal,Hard coal,conventional,false,9,6368.00,6368.00,reported,actual_generation_de_2024_2025,8118719a1cd35b8bac2f3933ca90094fc3fdbe4eaf8b653e88e4097514ae2f64
2025-01-12T22:00:00+00:00,2025-01-12T23:00:00+00:00,20250112,2025-01-12,2025,1,1,January,2,7,Sunday,true,23,23:00,60,false,0,10,fossil_gas,Fossil gas,conventional,false,10,9836.50,9836.50,reported,actual_generation_de_2024_2025,8118719a1cd35b8bac2f3933ca90094fc3fdbe4eaf8b653e88e4097514ae2f64
2025-01-12T22:00:00+00:00,2025-01-12T23:00:00+00:00,20250112,2025-01-12,2025,1,1,January,2,7,Sunday,true,23,23:00,60,false,0,11,hydro_pumped_storage,Hydro pumped storage,storage,false,11,338.50,338.50,reported,actual_generation_de_2024_2025,8118719a1cd35b8bac2f3933ca90094fc3fdbe4eaf8b653e88e4097514ae2f64
2025-01-12T22:00:00+00:00,2025-01-12T23:00:00+00:00,20250112,2025-01-12,2025,1,1,January,2,7,Sunday,true,23,23:00,60,false,0,12,other_conventional,Other conventional,conventional,false,12,1788.25,1788.25,reported,actual_generation_de_2024_2025,8118719a1cd35b8bac2f3933ca90094fc3fdbe4eaf8b653e88e4097514ae2f64
